method,num_images,seed,conf_thres_value,num_points,sampling_mode,near_filtering_strength,near_filtering_quorum,reconstruct_pose_opt,optimisation_iterations,optimisation_neighbourhood,image_mode,num_cameras,gt_eval,use_gt_extrinsics,use_gt_intrinsics,use_gt_points,pose_opt,pose_opt_module,eval_opt,depth_loss_mode,error_opa,depth_lambda,depth_conf_mode,depth_conf_shifted,loss_multiplier,pose_loss_multiplier,choice,dataset,camera_type,copy_mode,val_step,num_steps,colmap_mode,splatting_strategy,camera_src,pcd_src,align_mode,align_glue,shared_camera,keep_backup_cams,random_init,use_ba,feature_extractor,max_ba_iterations,source,series_label_override,dataset_collection,psnr,lpips,ssim,num_GS,eval_rte,eval_rre,depth_l1,depth_abs_rel,quality,avge,real_num_points,file_path,gsplat_file_path,folder,rre,rte,num_aligned,alignment_scale,pred_depth_l1,pred_depth_absrel,pred_depth_rmse,sfm_file_path,input_folder,output_folder,initial_points,failed_sfm_file_path,plot_series,num_images_jitter
colmap,20,42,,44,,,,,0,10,farthestpose,20,GT Eval,,,,Pose Opt,,,,,0.0,,False,1.0,1.0,colmap,bicycle,,,15000,15000,default,MCMC,,,,,Shared Cam,,,,,,gsplat,,outdoor,9.540895462036133,0.9753441214561462,0.02645329013466835,38969,,,,,-0.5034785143561451,0.6910596934705199,44,/home/ojab2/work/git/gsplat/results/colmap_outputs/bicycle_4_n20_s42_default_farthestpose_sharedcam_i20_gteval_poseopt_steps15000/stats/val_step14999.json,/home/ojab2/work/git/gsplat/results/colmap_outputs/bicycle_4_n20_s42_default_farthestpose_sharedcam_i20_gteval_poseopt_steps15000/stats/val_step14999.json,bicycle_4_n20_s42_default_farthestpose_sharedcam_i20_gteval_poseopt_steps15000,19.4863,0.240427,2,0.128276,,,,/home/ojab2/work/git/vggt/colmap_outputs/bicycle_4_n20_s42_default_farthestpose_sharedcam/eval_results.json,bicycle_4_n20_s42_default_farthestpose_sharedcam,bicycle_4_n20_s42_default_farthestpose_sharedcam_i20_gteval_poseopt_steps15000_val_step14999.json,44,,colmap | farthestpose,20.0
colmap,30,42,,726,,,,,0,10,farthestpose,30,GT Eval,,,,Pose Opt,,,,,0.0,,False,1.0,1.0,colmap,bicycle,,,15000,15000,default,MCMC,,,,,Shared Cam,,,,,,gsplat,,outdoor,10.8599853515625,0.8103333711624146,0.15510886907577515,808627,0.015486866235733032,1.604614496231079,,,-0.3019552553064098,0.6038494663196445,726,/home/ojab2/work/git/gsplat/results/colmap_outputs/bicycle_4_n30_s42_default_farthestpose_sharedcam_i30_gteval_poseopt_steps15000/stats/val_step14999.json,/home/ojab2/work/git/gsplat/results/colmap_outputs/bicycle_4_n30_s42_default_farthestpose_sharedcam_i30_gteval_poseopt_steps15000/stats/val_step14999.json,bicycle_4_n30_s42_default_farthestpose_sharedcam_i30_gteval_poseopt_steps15000,0.5111,0.00955,8,0.516151,,,,/home/ojab2/work/git/vggt/colmap_outputs/bicycle_4_n30_s42_default_farthestpose_sharedcam/eval_results.json,bicycle_4_n30_s42_default_farthestpose_sharedcam,bicycle_4_n30_s42_default_farthestpose_sharedcam_i30_gteval_poseopt_steps15000_val_step14999.json,726,,colmap | farthestpose,30.0
colmap,40,42,,1993,,,,,0,10,farthestpose,40,GT Eval,,,,Pose Opt,,,,,0.0,,False,1.0,1.0,colmap,bicycle,,,15000,15000,default,MCMC,,,,,Shared Cam,,,,,,gsplat,,outdoor,13.763751983642578,0.684519350528717,0.243632972240448,1000000,0.0031330257188528776,0.5034468173980713,,,-0.11875034207411594,0.5320831071878953,1993,/home/ojab2/work/git/gsplat/results/colmap_outputs/bicycle_4_n40_s42_default_farthestpose_sharedcam_i40_gteval_poseopt_steps15000/stats/val_step14999.json,/home/ojab2/work/git/gsplat/results/colmap_outputs/bicycle_4_n40_s42_default_farthestpose_sharedcam_i40_gteval_poseopt_steps15000/stats/val_step14999.json,bicycle_4_n40_s42_default_farthestpose_sharedcam_i40_gteval_poseopt_steps15000,0.2627,0.018073,18,0.79389,,,,/home/ojab2/work/git/vggt/colmap_outputs/bicycle_4_n40_s42_default_farthestpose_sharedcam/eval_results.json,bicycle_4_n40_s42_default_farthestpose_sharedcam,bicycle_4_n40_s42_default_farthestpose_sharedcam_i40_gteval_poseopt_steps15000_val_step14999.json,1993,,colmap | farthestpose,40.0
colmap,50,42,,3073,,,,,0,10,farthestpose,50,GT Eval,,,,Pose Opt,,,,,0.0,,False,1.0,1.0,colmap,bicycle,,,15000,15000,default,MCMC,,,,,Shared Cam,,,,,,gsplat,,outdoor,15.719438552856445,0.585709810256958,0.2518213987350464,1000000,0.003411441808566451,0.38692545890808105,,,-0.01675182724246882,0.4924927122699764,3073,/home/ojab2/work/git/gsplat/results/colmap_outputs/bicycle_4_n50_s42_default_farthestpose_sharedcam_i50_gteval_poseopt_steps15000/stats/val_step14999.json,/home/ojab2/work/git/gsplat/results/colmap_outputs/bicycle_4_n50_s42_default_farthestpose_sharedcam_i50_gteval_poseopt_steps15000/stats/val_step14999.json,bicycle_4_n50_s42_default_farthestpose_sharedcam_i50_gteval_poseopt_steps15000,0.2327,0.008995,29,0.943503,,,,/home/ojab2/work/git/vggt/colmap_outputs/bicycle_4_n50_s42_default_farthestpose_sharedcam/eval_results.json,bicycle_4_n50_s42_default_farthestpose_sharedcam,bicycle_4_n50_s42_default_farthestpose_sharedcam_i50_gteval_poseopt_steps15000_val_step14999.json,3073,,colmap | farthestpose,50.0
colmap,60,42,,4099,,,,,0,10,farthestpose,60,GT Eval,,,,Pose Opt,,,,,0.0,,False,1.0,1.0,colmap,bicycle,,,15000,15000,default,MCMC,,,,,Shared Cam,,,,,,gsplat,,outdoor,15.947785377502441,0.547142505645752,0.2447337806224823,1000000,0.0035350508987903595,0.25514620542526245,,,0.007138989899668213,0.4805419105721773,4099,/home/ojab2/work/git/gsplat/results/colmap_outputs/bicycle_4_n60_s42_default_farthestpose_sharedcam_i60_gteval_poseopt_steps15000/stats/val_step14999.json,/home/ojab2/work/git/gsplat/results/colmap_outputs/bicycle_4_n60_s42_default_farthestpose_sharedcam_i60_gteval_poseopt_steps15000/stats/val_step14999.json,bicycle_4_n60_s42_default_farthestpose_sharedcam_i60_gteval_poseopt_steps15000,0.1219,0.009703,35,0.838502,,,,/home/ojab2/work/git/vggt/colmap_outputs/bicycle_4_n60_s42_default_farthestpose_sharedcam/eval_results.json,bicycle_4_n60_s42_default_farthestpose_sharedcam,bicycle_4_n60_s42_default_farthestpose_sharedcam_i60_gteval_poseopt_steps15000_val_step14999.json,4099,,colmap | farthestpose,60.0
colmap,70,42,,5493,,,,,0,10,farthestpose,70,GT Eval,,,,Pose Opt,,,,,0.0,,False,1.0,1.0,colmap,bicycle,,,15000,15000,default,MCMC,,,,,Shared Cam,,,,,,gsplat,,outdoor,16.537628173828125,0.5214819312095642,0.26178714632987976,1000000,0.00346929207444191,0.23522379994392395,,,0.043874593893377146,0.4676230513657448,5493,/home/ojab2/work/git/gsplat/results/colmap_outputs/bicycle_4_n70_s42_default_farthestpose_sharedcam_i70_gteval_poseopt_steps15000/stats/val_step14999.json,/home/ojab2/work/git/gsplat/results/colmap_outputs/bicycle_4_n70_s42_default_farthestpose_sharedcam_i70_gteval_poseopt_steps15000/stats/val_step14999.json,bicycle_4_n70_s42_default_farthestpose_sharedcam_i70_gteval_poseopt_steps15000,0.1045,0.008959,40,0.870047,,,,/home/ojab2/work/git/vggt/colmap_outputs/bicycle_4_n70_s42_default_farthestpose_sharedcam/eval_results.json,bicycle_4_n70_s42_default_farthestpose_sharedcam,bicycle_4_n70_s42_default_farthestpose_sharedcam_i70_gteval_poseopt_steps15000_val_step14999.json,5493,,colmap | farthestpose,70.0
colmap,80,42,,7178,,,,,0,10,farthestpose,80,GT Eval,,,,Pose Opt,,,,,0.0,,False,1.0,1.0,colmap,bicycle,,,15000,15000,default,MCMC,,,,,Shared Cam,,,,,,gsplat,,outdoor,17.295671463012695,0.47364091873168945,0.2938806712627411,1000000,0.0025564010720700026,0.20063269138336182,,,0.106212065001445,0.44419647527864875,7178,/home/ojab2/work/git/gsplat/results/colmap_outputs/bicycle_4_n80_s42_default_farthestpose_sharedcam_i80_gteval_poseopt_steps15000/stats/val_step14999.json,/home/ojab2/work/git/gsplat/results/colmap_outputs/bicycle_4_n80_s42_default_farthestpose_sharedcam_i80_gteval_poseopt_steps15000/stats/val_step14999.json,bicycle_4_n80_s42_default_farthestpose_sharedcam_i80_gteval_poseopt_steps15000,0.1595,0.005965,48,0.872644,,,,/home/ojab2/work/git/vggt/colmap_outputs/bicycle_4_n80_s42_default_farthestpose_sharedcam/eval_results.json,bicycle_4_n80_s42_default_farthestpose_sharedcam,bicycle_4_n80_s42_default_farthestpose_sharedcam_i80_gteval_poseopt_steps15000_val_step14999.json,7178,,colmap | farthestpose,80.0
colmap,90,42,,13508,,,,,0,10,farthestpose,90,GT Eval,,,,Pose Opt,,,,,0.0,,False,1.0,1.0,colmap,bicycle,,,15000,15000,default,MCMC,,,,,Shared Cam,,,,,,gsplat,,outdoor,21.84345245361328,0.37501060962677,0.5299972295761108,1000000,0.0023152194917201996,0.12587085366249084,,,0.3893929970117263,0.3557064166456288,13508,/home/ojab2/work/git/gsplat/results/colmap_outputs/bicycle_4_n90_s42_default_farthestpose_sharedcam_i90_gteval_poseopt_steps15000/stats/val_step14999.json,/home/ojab2/work/git/gsplat/results/colmap_outputs/bicycle_4_n90_s42_default_farthestpose_sharedcam_i90_gteval_poseopt_steps15000/stats/val_step14999.json,bicycle_4_n90_s42_default_farthestpose_sharedcam_i90_gteval_poseopt_steps15000,0.1166,0.008212,90,1.09113,,,,/home/ojab2/work/git/vggt/colmap_outputs/bicycle_4_n90_s42_default_farthestpose_sharedcam/eval_results.json,bicycle_4_n90_s42_default_farthestpose_sharedcam,bicycle_4_n90_s42_default_farthestpose_sharedcam_i90_gteval_poseopt_steps15000_val_step14999.json,13508,,colmap | farthestpose,90.0
colmap,100,42,,17352,,,,,0,10,farthestpose,100,GT Eval,,,,Pose Opt,,,,,0.0,,False,1.0,1.0,colmap,bicycle,,,15000,15000,default,MCMC,,,,,Shared Cam,,,,,,gsplat,,outdoor,22.163246154785156,0.3494715690612793,0.5586552619934082,1000000,0.002470657927915454,0.1106053814291954,,,0.42783902572919363,0.3399620648095866,17352,/home/ojab2/work/git/gsplat/results/colmap_outputs/bicycle_4_n100_s42_default_farthestpose_sharedcam_i100_gteval_poseopt_steps15000/stats/val_step14999.json,/home/ojab2/work/git/gsplat/results/colmap_outputs/bicycle_4_n100_s42_default_farthestpose_sharedcam_i100_gteval_poseopt_steps15000/stats/val_step14999.json,bicycle_4_n100_s42_default_farthestpose_sharedcam_i100_gteval_poseopt_steps15000,0.0986,0.006893,100,1.077433,,,,/home/ojab2/work/git/vggt/colmap_outputs/bicycle_4_n100_s42_default_farthestpose_sharedcam/eval_results.json,bicycle_4_n100_s42_default_farthestpose_sharedcam,bicycle_4_n100_s42_default_farthestpose_sharedcam_i100_gteval_poseopt_steps15000_val_step14999.json,17352,,colmap | farthestpose,100.0
colmap,10,42,,,,,,,0,10,farthestpose,,,,,,,,,,,0.0,,False,1.0,1.0,vggt,bicycle,,,,,default,MCMC,,,,,Shared Cam,,,,,,failed_sfm,,outdoor,,,,,,,,,,,,/home/ojab2/work/git/vggt/colmap_outputs/bicycle_4_n10_s42_default_farthestpose_sharedcam/failed_eval.json,,bicycle_4_n10_s42_default_farthestpose_sharedcam,,,,,,,,,bicycle_4_n10_s42_default_farthestpose_sharedcam,,,/home/ojab2/work/git/vggt/colmap_outputs/bicycle_4_n10_s42_default_farthestpose_sharedcam/failed_eval.json,colmap | farthestpose,10.0
vggt,10,42,0.0,100000,random,,,,0,10,farthestpose,10,GT Eval,,,,Pose Opt,,,,,0.0,,False,1.0,1.0,vggt,bicycle,,,15000,15000,,MCMC,,,,,,,,,,,gsplat,,outdoor,13.894234657287598,0.5660611391067505,0.15039774775505066,1000000,0.03303282707929611,1.7695362567901611,,,-0.09773516662714143,0.5095306649321875,100000,/home/ojab2/work/git/gsplat/results/vggt_outputs/bicycle_4_n10_s42_c0.0_p100000_random_farthestpose_i10_gteval_poseopt_steps15000/stats/val_step14999.json,/home/ojab2/work/git/gsplat/results/vggt_outputs/bicycle_4_n10_s42_c0.0_p100000_random_farthestpose_i10_gteval_poseopt_steps15000/stats/val_step14999.json,bicycle_4_n10_s42_c0.0_p100000_random_farthestpose_i10_gteval_poseopt_steps15000,1.7481,0.149304,10,6.38044,,,,/home/ojab2/work/git/vggt/vggt_outputs/bicycle_4_n10_s42_c0.0_p100000_random_farthestpose/eval_results.json,bicycle_4_n10_s42_c0.0_p100000_random_farthestpose,bicycle_4_n10_s42_c0.0_p100000_random_farthestpose_i10_gteval_poseopt_steps15000_val_step14999.json,100000,,vggt | farthestpose,10.0
vggt,20,42,0.0,100000,random,,,,0,10,farthestpose,20,GT Eval,,,,Pose Opt,,,,,0.0,,False,1.0,1.0,vggt,bicycle,,,15000,15000,,MCMC,,,,,,,,,,,gsplat,,outdoor,15.618000984191895,0.4717748165130615,0.19081109762191772,1000000,0.02674267813563347,1.1133158206939697,,,0.016021403652882737,0.46625081922939604,100000,/home/ojab2/work/git/gsplat/results/vggt_outputs/bicycle_4_n20_s42_c0.0_p100000_random_farthestpose_i20_gteval_poseopt_steps15000/stats/val_step14999.json,/home/ojab2/work/git/gsplat/results/vggt_outputs/bicycle_4_n20_s42_c0.0_p100000_random_farthestpose_i20_gteval_poseopt_steps15000/stats/val_step14999.json,bicycle_4_n20_s42_c0.0_p100000_random_farthestpose_i20_gteval_poseopt_steps15000,1.1489,0.123985,20,6.103919,,,,/home/ojab2/work/git/vggt/vggt_outputs/bicycle_4_n20_s42_c0.0_p100000_random_farthestpose/eval_results.json,bicycle_4_n20_s42_c0.0_p100000_random_farthestpose,bicycle_4_n20_s42_c0.0_p100000_random_farthestpose_i20_gteval_poseopt_steps15000_val_step14999.json,100000,,vggt | farthestpose,20.0
vggt,30,42,0.0,100000,random,,,,0,10,farthestpose,30,GT Eval,,,,Pose Opt,,,,,0.0,,False,1.0,1.0,vggt,bicycle,,,15000,15000,,MCMC,,,,,,,,,,,gsplat,,outdoor,16.09134292602539,0.4458269476890564,0.20969036221504211,1000000,0.019486337900161743,0.8984349966049194,,,0.05184470375611305,0.4531388754947626,100000,/home/ojab2/work/git/gsplat/results/vggt_outputs/bicycle_4_n30_s42_c0.0_p100000_random_farthestpose_i30_gteval_poseopt_steps15000/stats/val_step14999.json,/home/ojab2/work/git/gsplat/results/vggt_outputs/bicycle_4_n30_s42_c0.0_p100000_random_farthestpose_i30_gteval_poseopt_steps15000/stats/val_step14999.json,bicycle_4_n30_s42_c0.0_p100000_random_farthestpose_i30_gteval_poseopt_steps15000,0.9302,0.091567,30,5.970149,,,,/home/ojab2/work/git/vggt/vggt_outputs/bicycle_4_n30_s42_c0.0_p100000_random_farthestpose/eval_results.json,bicycle_4_n30_s42_c0.0_p100000_random_farthestpose,bicycle_4_n30_s42_c0.0_p100000_random_farthestpose_i30_gteval_poseopt_steps15000_val_step14999.json,100000,,vggt | farthestpose,30.0
vggt,40,42,0.0,100000,random,,,,0,10,farthestpose,40,GT Eval,,,,Pose Opt,,,,,0.0,,False,1.0,1.0,vggt,bicycle,,,15000,15000,,MCMC,,,,,,,,,,,gsplat,,outdoor,16.245380401611328,0.43395113945007324,0.21795745193958282,1000000,0.018973028287291527,0.9950696229934692,,,0.06686255082129813,0.44734060333193393,100000,/home/ojab2/work/git/gsplat/results/vggt_outputs/bicycle_4_n40_s42_c0.0_p100000_random_farthestpose_i40_gteval_poseopt_steps15000/stats/val_step14999.json,/home/ojab2/work/git/gsplat/results/vggt_outputs/bicycle_4_n40_s42_c0.0_p100000_random_farthestpose_i40_gteval_poseopt_steps15000/stats/val_step14999.json,bicycle_4_n40_s42_c0.0_p100000_random_farthestpose_i40_gteval_poseopt_steps15000,0.9969,0.089406,40,5.93023,,,,/home/ojab2/work/git/vggt/vggt_outputs/bicycle_4_n40_s42_c0.0_p100000_random_farthestpose/eval_results.json,bicycle_4_n40_s42_c0.0_p100000_random_farthestpose,bicycle_4_n40_s42_c0.0_p100000_random_farthestpose_i40_gteval_poseopt_steps15000_val_step14999.json,100000,,vggt | farthestpose,40.0
vggt,50,42,0.0,100000,random,,,,0,10,farthestpose,50,GT Eval,,,,Pose Opt,,,,,0.0,,False,1.0,1.0,vggt,bicycle,,,15000,15000,,MCMC,,,,,,,,,,,gsplat,,outdoor,17.06913185119629,0.39324477314949036,0.23862846195697784,1000000,0.018940797075629234,0.7910528779029846,,,0.1193329038520848,0.4284827887286842,100000,/home/ojab2/work/git/gsplat/results/vggt_outputs/bicycle_4_n50_s42_c0.0_p100000_random_farthestpose_i50_gteval_poseopt_steps15000/stats/val_step14999.json,/home/ojab2/work/git/gsplat/results/vggt_outputs/bicycle_4_n50_s42_c0.0_p100000_random_farthestpose_i50_gteval_poseopt_steps15000/stats/val_step14999.json,bicycle_4_n50_s42_c0.0_p100000_random_farthestpose_i50_gteval_poseopt_steps15000,0.8722,0.087304,50,5.816621,,,,/home/ojab2/work/git/vggt/vggt_outputs/bicycle_4_n50_s42_c0.0_p100000_random_farthestpose/eval_results.json,bicycle_4_n50_s42_c0.0_p100000_random_farthestpose,bicycle_4_n50_s42_c0.0_p100000_random_farthestpose_i50_gteval_poseopt_steps15000_val_step14999.json,100000,,vggt | farthestpose,50.0
vggt,60,42,0.0,100000,random,,,,0,10,farthestpose,60,GT Eval,,,,Pose Opt,,,,,0.0,,False,1.0,1.0,vggt,bicycle,,,15000,15000,,MCMC,,,,,,,,,,,gsplat,,outdoor,17.525712966918945,0.3638319671154022,0.2576506733894348,1000000,0.0153740169480443,0.5806801319122314,,,0.15706826305916127,0.41436891664060377,100000,/home/ojab2/work/git/gsplat/results/vggt_outputs/bicycle_4_n60_s42_c0.0_p100000_random_farthestpose_i60_gteval_poseopt_steps15000/stats/val_step14999.json,/home/ojab2/work/git/gsplat/results/vggt_outputs/bicycle_4_n60_s42_c0.0_p100000_random_farthestpose_i60_gteval_poseopt_steps15000/stats/val_step14999.json,bicycle_4_n60_s42_c0.0_p100000_random_farthestpose_i60_gteval_poseopt_steps15000,0.6713,0.070966,60,5.819066,,,,/home/ojab2/work/git/vggt/vggt_outputs/bicycle_4_n60_s42_c0.0_p100000_random_farthestpose/eval_results.json,bicycle_4_n60_s42_c0.0_p100000_random_farthestpose,bicycle_4_n60_s42_c0.0_p100000_random_farthestpose_i60_gteval_poseopt_steps15000_val_step14999.json,100000,,vggt | farthestpose,60.0
vggt,70,42,0.0,100000,random,,,,0,10,farthestpose,70,GT Eval,,,,Pose Opt,,,,,0.0,,False,1.0,1.0,vggt,bicycle,,,15000,15000,,MCMC,,,,,,,,,,,gsplat,,outdoor,18.604467391967773,0.344327449798584,0.30919837951660156,1000000,0.016432467848062515,0.5328081846237183,,,0.21922987974487862,0.39642062180377735,100000,/home/ojab2/work/git/gsplat/results/vggt_outputs/bicycle_4_n70_s42_c0.0_p100000_random_farthestpose_i70_gteval_poseopt_steps15000/stats/val_step14999.json,/home/ojab2/work/git/gsplat/results/vggt_outputs/bicycle_4_n70_s42_c0.0_p100000_random_farthestpose_i70_gteval_poseopt_steps15000/stats/val_step14999.json,bicycle_4_n70_s42_c0.0_p100000_random_farthestpose_i70_gteval_poseopt_steps15000,0.6322,0.07656,70,5.803687,,,,/home/ojab2/work/git/vggt/vggt_outputs/bicycle_4_n70_s42_c0.0_p100000_random_farthestpose/eval_results.json,bicycle_4_n70_s42_c0.0_p100000_random_farthestpose,bicycle_4_n70_s42_c0.0_p100000_random_farthestpose_i70_gteval_poseopt_steps15000_val_step14999.json,100000,,vggt | farthestpose,70.0
vggt,80,42,0.0,100000,random,,,,0,10,farthestpose,80,GT Eval,,,,Pose Opt,,,,,0.0,,False,1.0,1.0,vggt,bicycle,,,15000,15000,,MCMC,,,,,,,,,,,gsplat,,outdoor,17.487951278686523,0.342840313911438,0.26719075441360474,1000000,0.015049129724502563,0.5063304305076599,,,0.17490577790704623,0.40557176475029566,100000,/home/ojab2/work/git/gsplat/results/vggt_outputs/bicycle_4_n80_s42_c0.0_p100000_random_farthestpose_i80_gteval_poseopt_steps15000/stats/val_step14999.json,/home/ojab2/work/git/gsplat/results/vggt_outputs/bicycle_4_n80_s42_c0.0_p100000_random_farthestpose_i80_gteval_poseopt_steps15000/stats/val_step14999.json,bicycle_4_n80_s42_c0.0_p100000_random_farthestpose_i80_gteval_poseopt_steps15000,0.6603,0.070258,80,5.782705,,,,/home/ojab2/work/git/vggt/vggt_outputs/bicycle_4_n80_s42_c0.0_p100000_random_farthestpose/eval_results.json,bicycle_4_n80_s42_c0.0_p100000_random_farthestpose,bicycle_4_n80_s42_c0.0_p100000_random_farthestpose_i80_gteval_poseopt_steps15000_val_step14999.json,100000,,vggt | farthestpose,80.0
vggt,90,42,0.0,100000,random,,,,0,10,farthestpose,90,GT Eval,,,,Pose Opt,,,,,0.0,,False,1.0,1.0,vggt,bicycle,,,15000,15000,,MCMC,,,,,,,,,,,gsplat,,outdoor,18.418914794921875,0.3288117051124573,0.29711124300956726,1000000,0.015284785069525242,0.5502558350563049,,,0.21830283983563975,0.39386263273155064,100000,/home/ojab2/work/git/gsplat/results/vggt_outputs/bicycle_4_n90_s42_c0.0_p100000_random_farthestpose_i90_gteval_poseopt_steps15000/stats/val_step14999.json,/home/ojab2/work/git/gsplat/results/vggt_outputs/bicycle_4_n90_s42_c0.0_p100000_random_farthestpose_i90_gteval_poseopt_steps15000/stats/val_step14999.json,bicycle_4_n90_s42_c0.0_p100000_random_farthestpose_i90_gteval_poseopt_steps15000,0.6674,0.07043,90,5.778978,,,,/home/ojab2/work/git/vggt/vggt_outputs/bicycle_4_n90_s42_c0.0_p100000_random_farthestpose/eval_results.json,bicycle_4_n90_s42_c0.0_p100000_random_farthestpose,bicycle_4_n90_s42_c0.0_p100000_random_farthestpose_i90_gteval_poseopt_steps15000_val_step14999.json,100000,,vggt | farthestpose,90.0
vggt,100,42,0.0,100000,random,,,,0,10,farthestpose,100,GT Eval,,,,Pose Opt,,,,,0.0,,False,1.0,1.0,vggt,bicycle,,,15000,15000,,MCMC,,,,,,,,,,,gsplat,,outdoor,17.384122848510742,0.337806761264801,0.26788055896759033,1000000,0.013628819026052952,0.4889967441558838,,,0.17649355493945842,0.4039034005824482,100000,/home/ojab2/work/git/gsplat/results/vggt_outputs/bicycle_4_n100_s42_c0.0_p100000_random_farthestpose_i100_gteval_poseopt_steps15000/stats/val_step14999.json,/home/ojab2/work/git/gsplat/results/vggt_outputs/bicycle_4_n100_s42_c0.0_p100000_random_farthestpose_i100_gteval_poseopt_steps15000/stats/val_step14999.json,bicycle_4_n100_s42_c0.0_p100000_random_farthestpose_i100_gteval_poseopt_steps15000,0.7161,0.065623,100,5.788567,,,,/home/ojab2/work/git/vggt/vggt_outputs/bicycle_4_n100_s42_c0.0_p100000_random_farthestpose/eval_results.json,bicycle_4_n100_s42_c0.0_p100000_random_farthestpose,bicycle_4_n100_s42_c0.0_p100000_random_farthestpose_i100_gteval_poseopt_steps15000_val_step14999.json,100000,,vggt | farthestpose,100.0
colmap,30,42,,245,,,,,0,10,minfarthestpose,30,GT Eval,,,,Pose Opt,,,,,0.0,,False,1.0,1.0,colmap,bicycle,,,15000,15000,default,MCMC,,,,,Shared Cam,,,,,,gsplat,,outdoor,12.714861869812012,0.8427643179893494,0.24646849930286407,264668,0.009523027576506138,1.5431910753250122,,,-0.23419810878990366,0.5881153192416191,245,/home/ojab2/work/git/gsplat/results/colmap_outputs/bicycle_4_n30_s42_default_minfarthestpose_sharedcam_i30_gteval_poseopt_steps15000/stats/val_step14999.json,/home/ojab2/work/git/gsplat/results/colmap_outputs/bicycle_4_n30_s42_default_minfarthestpose_sharedcam_i30_gteval_poseopt_steps15000/stats/val_step14999.json,bicycle_4_n30_s42_default_minfarthestpose_sharedcam_i30_gteval_poseopt_steps15000,0.3338,0.009274,6,0.52756,,,,/home/ojab2/work/git/vggt/colmap_outputs/bicycle_4_n30_s42_default_minfarthestpose_sharedcam/eval_results.json,bicycle_4_n30_s42_default_minfarthestpose_sharedcam,bicycle_4_n30_s42_default_minfarthestpose_sharedcam_i30_gteval_poseopt_steps15000_val_step14999.json,245,,colmap | minfarthestpose,30.0
colmap,40,42,,329,,,,,0,10,minfarthestpose,40,GT Eval,,,,Pose Opt,,,,,0.0,,False,1.0,1.0,colmap,bicycle,,,15000,15000,default,MCMC,,,,,Shared Cam,,,,,,gsplat,,outdoor,15.023246765136719,0.6964117288589478,0.26545462012290955,359081,0.011832396499812603,0.7102439999580383,,,-0.09000614132487664,0.5283073058326077,329,/home/ojab2/work/git/gsplat/results/colmap_outputs/bicycle_4_n40_s42_default_minfarthestpose_sharedcam_i40_gteval_poseopt_steps15000/stats/val_step14999.json,/home/ojab2/work/git/gsplat/results/colmap_outputs/bicycle_4_n40_s42_default_minfarthestpose_sharedcam_i40_gteval_poseopt_steps15000/stats/val_step14999.json,bicycle_4_n40_s42_default_minfarthestpose_sharedcam_i40_gteval_poseopt_steps15000,0.1431,0.006862,9,0.685205,,,,/home/ojab2/work/git/vggt/colmap_outputs/bicycle_4_n40_s42_default_minfarthestpose_sharedcam/eval_results.json,bicycle_4_n40_s42_default_minfarthestpose_sharedcam,bicycle_4_n40_s42_default_minfarthestpose_sharedcam_i40_gteval_poseopt_steps15000_val_step14999.json,329,,colmap | minfarthestpose,40.0
colmap,50,42,,3489,,,,,0,10,minfarthestpose,50,GT Eval,,,,Pose Opt,,,,,0.0,,False,1.0,1.0,colmap,bicycle,,,15000,15000,default,MCMC,,,,,Shared Cam,,,,,,gsplat,,outdoor,21.437971115112305,0.428069531917572,0.4977536201477051,1000000,0.003008857136592269,0.139840766787529,,,0.33027575022218447,0.3813147534732438,3489,/home/ojab2/work/git/gsplat/results/colmap_outputs/bicycle_4_n50_s42_default_minfarthestpose_sharedcam_i50_gteval_poseopt_steps15000/stats/val_step14999.json,/home/ojab2/work/git/gsplat/results/colmap_outputs/bicycle_4_n50_s42_default_minfarthestpose_sharedcam_i50_gteval_poseopt_steps15000/stats/val_step14999.json,bicycle_4_n50_s42_default_minfarthestpose_sharedcam_i50_gteval_poseopt_steps15000,0.1498,0.011463,46,0.97877,,,,/home/ojab2/work/git/vggt/colmap_outputs/bicycle_4_n50_s42_default_minfarthestpose_sharedcam/eval_results.json,bicycle_4_n50_s42_default_minfarthestpose_sharedcam,bicycle_4_n50_s42_default_minfarthestpose_sharedcam_i50_gteval_poseopt_steps15000_val_step14999.json,3489,,colmap | minfarthestpose,50.0
colmap,60,42,,5439,,,,,0,10,minfarthestpose,60,GT Eval,,,,Pose Opt,,,,,0.0,,False,1.0,1.0,colmap,bicycle,,,15000,15000,default,MCMC,,,,,Shared Cam,,,,,,gsplat,,outdoor,21.727407455444336,0.3926565945148468,0.5073710680007935,1000000,0.0031262862030416727,0.14705093204975128,,,0.3631197588640501,0.3670833963291185,5439,/home/ojab2/work/git/gsplat/results/colmap_outputs/bicycle_4_n60_s42_default_minfarthestpose_sharedcam_i60_gteval_poseopt_steps15000/stats/val_step14999.json,/home/ojab2/work/git/gsplat/results/colmap_outputs/bicycle_4_n60_s42_default_minfarthestpose_sharedcam_i60_gteval_poseopt_steps15000/stats/val_step14999.json,bicycle_4_n60_s42_default_minfarthestpose_sharedcam_i60_gteval_poseopt_steps15000,0.1344,0.010799,59,1.02818,,,,/home/ojab2/work/git/vggt/colmap_outputs/bicycle_4_n60_s42_default_minfarthestpose_sharedcam/eval_results.json,bicycle_4_n60_s42_default_minfarthestpose_sharedcam,bicycle_4_n60_s42_default_minfarthestpose_sharedcam_i60_gteval_poseopt_steps15000_val_step14999.json,5439,,colmap | minfarthestpose,60.0
colmap,70,42,,8521,,,,,0,10,minfarthestpose,70,GT Eval,,,,Pose Opt,,,,,0.0,,False,1.0,1.0,colmap,bicycle,,,15000,15000,default,MCMC,,,,,Shared Cam,,,,,,gsplat,,outdoor,21.52686882019043,0.3516879081726074,0.4908143877983093,1000000,0.002987057901918888,0.12208812683820724,,,0.3750131238661004,0.35743204391902417,8521,/home/ojab2/work/git/gsplat/results/colmap_outputs/bicycle_4_n70_s42_default_minfarthestpose_sharedcam_i70_gteval_poseopt_steps15000/stats/val_step14999.json,/home/ojab2/work/git/gsplat/results/colmap_outputs/bicycle_4_n70_s42_default_minfarthestpose_sharedcam_i70_gteval_poseopt_steps15000/stats/val_step14999.json,bicycle_4_n70_s42_default_minfarthestpose_sharedcam_i70_gteval_poseopt_steps15000,0.12,0.009717,69,1.016821,,,,/home/ojab2/work/git/vggt/colmap_outputs/bicycle_4_n70_s42_default_minfarthestpose_sharedcam/eval_results.json,bicycle_4_n70_s42_default_minfarthestpose_sharedcam,bicycle_4_n70_s42_default_minfarthestpose_sharedcam_i70_gteval_poseopt_steps15000_val_step14999.json,8521,,colmap | minfarthestpose,70.0
colmap,80,42,,11796,,,,,0,10,minfarthestpose,80,GT Eval,,,,Pose Opt,,,,,0.0,,False,1.0,1.0,colmap,bicycle,,,15000,15000,default,MCMC,,,,,Shared Cam,,,,,,gsplat,,outdoor,22.574630737304688,0.3270026445388794,0.5675908923149109,1000000,0.002837554784491658,0.11267675459384918,,,0.4545524800420194,0.3300361542358695,11796,/home/ojab2/work/git/gsplat/results/colmap_outputs/bicycle_4_n80_s42_default_minfarthestpose_sharedcam_i80_gteval_poseopt_steps15000/stats/val_step14999.json,/home/ojab2/work/git/gsplat/results/colmap_outputs/bicycle_4_n80_s42_default_minfarthestpose_sharedcam_i80_gteval_poseopt_steps15000/stats/val_step14999.json,bicycle_4_n80_s42_default_minfarthestpose_sharedcam_i80_gteval_poseopt_steps15000,0.119,0.008923,80,1.011902,,,,/home/ojab2/work/git/vggt/colmap_outputs/bicycle_4_n80_s42_default_minfarthestpose_sharedcam/eval_results.json,bicycle_4_n80_s42_default_minfarthestpose_sharedcam,bicycle_4_n80_s42_default_minfarthestpose_sharedcam_i80_gteval_poseopt_steps15000_val_step14999.json,11796,,colmap | minfarthestpose,80.0
colmap,90,42,,15687,,,,,0,10,minfarthestpose,90,GT Eval,,,,Pose Opt,,,,,0.0,,False,1.0,1.0,colmap,bicycle,,,15000,15000,default,MCMC,,,,,Shared Cam,,,,,,gsplat,,outdoor,21.459110260009766,0.3108334243297577,0.49365949630737305,1000000,0.002579412655904889,0.10603902488946915,,,0.4006409590472022,0.3431853072461742,15687,/home/ojab2/work/git/gsplat/results/colmap_outputs/bicycle_4_n90_s42_default_minfarthestpose_sharedcam_i90_gteval_poseopt_steps15000/stats/val_step14999.json,/home/ojab2/work/git/gsplat/results/colmap_outputs/bicycle_4_n90_s42_default_minfarthestpose_sharedcam_i90_gteval_poseopt_steps15000/stats/val_step14999.json,bicycle_4_n90_s42_default_minfarthestpose_sharedcam_i90_gteval_poseopt_steps15000,0.113,0.008149,89,1.011157,,,,/home/ojab2/work/git/vggt/colmap_outputs/bicycle_4_n90_s42_default_minfarthestpose_sharedcam/eval_results.json,bicycle_4_n90_s42_default_minfarthestpose_sharedcam,bicycle_4_n90_s42_default_minfarthestpose_sharedcam_i90_gteval_poseopt_steps15000_val_step14999.json,15687,,colmap | minfarthestpose,90.0
colmap,100,42,,18986,,,,,0,10,minfarthestpose,100,GT Eval,,,,Pose Opt,,,,,0.0,,False,1.0,1.0,colmap,bicycle,,,15000,15000,default,MCMC,,,,,Shared Cam,,,,,,gsplat,,outdoor,21.968042373657227,0.2993554472923279,0.5234760046005249,1000000,0.0024381279945373535,0.10697068274021149,,,0.4345873533866094,0.3320062652479555,18986,/home/ojab2/work/git/gsplat/results/colmap_outputs/bicycle_4_n100_s42_default_minfarthestpose_sharedcam_i100_gteval_poseopt_steps15000/stats/val_step14999.json,/home/ojab2/work/git/gsplat/results/colmap_outputs/bicycle_4_n100_s42_default_minfarthestpose_sharedcam_i100_gteval_poseopt_steps15000/stats/val_step14999.json,bicycle_4_n100_s42_default_minfarthestpose_sharedcam_i100_gteval_poseopt_steps15000,0.1088,0.007262,99,1.015409,,,,/home/ojab2/work/git/vggt/colmap_outputs/bicycle_4_n100_s42_default_minfarthestpose_sharedcam/eval_results.json,bicycle_4_n100_s42_default_minfarthestpose_sharedcam,bicycle_4_n100_s42_default_minfarthestpose_sharedcam_i100_gteval_poseopt_steps15000_val_step14999.json,18986,,colmap | minfarthestpose,100.0
colmap,10,42,,,,,,,0,10,minfarthestpose,,,,,,,,,,,0.0,,False,1.0,1.0,vggt,bicycle,,,,,default,MCMC,,,,,Shared Cam,,,,,,failed_sfm,,outdoor,,,,,,,,,,,,/home/ojab2/work/git/vggt/colmap_outputs/bicycle_4_n10_s42_default_minfarthestpose_sharedcam/failed_eval.json,,bicycle_4_n10_s42_default_minfarthestpose_sharedcam,,,,,,,,,bicycle_4_n10_s42_default_minfarthestpose_sharedcam,,,/home/ojab2/work/git/vggt/colmap_outputs/bicycle_4_n10_s42_default_minfarthestpose_sharedcam/failed_eval.json,colmap | minfarthestpose,10.0
vggt,10,42,0.0,100000,random,,,,0,10,minfarthestpose,10,GT Eval,,,,Pose Opt,,,,,0.0,,False,1.0,1.0,vggt,bicycle,,,15000,15000,,MCMC,,,,,,,,,,,gsplat,,outdoor,14.896830558776855,0.5089909434318542,0.16888728737831116,1000000,0.027506351470947266,1.2450129985809326,,,-0.03312746373920794,0.4843425890262204,100000,/home/ojab2/work/git/gsplat/results/vggt_outputs/bicycle_4_n10_s42_c0.0_p100000_random_minfarthestpose_i10_gteval_poseopt_steps15000/stats/val_step14999.json,/home/ojab2/work/git/gsplat/results/vggt_outputs/bicycle_4_n10_s42_c0.0_p100000_random_minfarthestpose_i10_gteval_poseopt_steps15000/stats/val_step14999.json,bicycle_4_n10_s42_c0.0_p100000_random_minfarthestpose_i10_gteval_poseopt_steps15000,1.1783,0.108132,10,5.202234,,,,/home/ojab2/work/git/vggt/vggt_outputs/bicycle_4_n10_s42_c0.0_p100000_random_minfarthestpose/eval_results.json,bicycle_4_n10_s42_c0.0_p100000_random_minfarthestpose,bicycle_4_n10_s42_c0.0_p100000_random_minfarthestpose_i10_gteval_poseopt_steps15000_val_step14999.json,100000,,vggt | minfarthestpose,10.0
colmap,20,42,,,,,,,0,10,minfarthestpose,,,,,,,,,,,0.0,,False,1.0,1.0,vggt,bicycle,,,,,default,MCMC,,,,,Shared Cam,,,,,,failed_sfm,,outdoor,,,,,,,,,,,,/home/ojab2/work/git/vggt/colmap_outputs/bicycle_4_n20_s42_default_minfarthestpose_sharedcam/failed_eval.json,,bicycle_4_n20_s42_default_minfarthestpose_sharedcam,,,,,,,,,bicycle_4_n20_s42_default_minfarthestpose_sharedcam,,,/home/ojab2/work/git/vggt/colmap_outputs/bicycle_4_n20_s42_default_minfarthestpose_sharedcam/failed_eval.json,colmap | minfarthestpose,20.0
vggt,20,42,0.0,100000,random,,,,0,10,minfarthestpose,20,GT Eval,,,,Pose Opt,,,,,0.0,,False,1.0,1.0,vggt,bicycle,,,15000,15000,,MCMC,,,,,,,,,,,gsplat,,outdoor,15.952946662902832,0.44593966007232666,0.19364745914936066,1000000,0.02215087041258812,1.009122610092163,,,0.03983041979106239,0.45643450002596364,100000,/home/ojab2/work/git/gsplat/results/vggt_outputs/bicycle_4_n20_s42_c0.0_p100000_random_minfarthestpose_i20_gteval_poseopt_steps15000/stats/val_step14999.json,/home/ojab2/work/git/gsplat/results/vggt_outputs/bicycle_4_n20_s42_c0.0_p100000_random_minfarthestpose_i20_gteval_poseopt_steps15000/stats/val_step14999.json,bicycle_4_n20_s42_c0.0_p100000_random_minfarthestpose_i20_gteval_poseopt_steps15000,1.0605,0.087384,20,4.994108,,,,/home/ojab2/work/git/vggt/vggt_outputs/bicycle_4_n20_s42_c0.0_p100000_random_minfarthestpose/eval_results.json,bicycle_4_n20_s42_c0.0_p100000_random_minfarthestpose,bicycle_4_n20_s42_c0.0_p100000_random_minfarthestpose_i20_gteval_poseopt_steps15000_val_step14999.json,100000,,vggt | minfarthestpose,20.0
vggt,30,42,0.0,100000,random,,,,0,10,minfarthestpose,30,GT Eval,,,,Pose Opt,,,,,0.0,,False,1.0,1.0,vggt,bicycle,,,15000,15000,,MCMC,,,,,,,,,,,gsplat,,outdoor,16.632020950317383,0.3991128206253052,0.21298068761825562,1000000,0.016577942296862602,0.749248743057251,,,0.09261730756753453,0.43599027120958544,100000,/home/ojab2/work/git/gsplat/results/vggt_outputs/bicycle_4_n30_s42_c0.0_p100000_random_minfarthestpose_i30_gteval_poseopt_steps15000/stats/val_step14999.json,/home/ojab2/work/git/gsplat/results/vggt_outputs/bicycle_4_n30_s42_c0.0_p100000_random_minfarthestpose_i30_gteval_poseopt_steps15000/stats/val_step14999.json,bicycle_4_n30_s42_c0.0_p100000_random_minfarthestpose_i30_gteval_poseopt_steps15000,0.7506,0.068725,30,4.831484,,,,/home/ojab2/work/git/vggt/vggt_outputs/bicycle_4_n30_s42_c0.0_p100000_random_minfarthestpose/eval_results.json,bicycle_4_n30_s42_c0.0_p100000_random_minfarthestpose,bicycle_4_n30_s42_c0.0_p100000_random_minfarthestpose_i30_gteval_poseopt_steps15000_val_step14999.json,100000,,vggt | minfarthestpose,30.0
vggt,40,42,0.0,100000,random,,,,0,10,minfarthestpose,40,GT Eval,,,,Pose Opt,,,,,0.0,,False,1.0,1.0,vggt,bicycle,,,15000,15000,,MCMC,,,,,,,,,,,gsplat,,outdoor,16.798080444335938,0.38010668754577637,0.22084590792655945,1000000,0.016720663756132126,0.6673091650009155,,,0.11202420833592608,0.42790198037366123,100000,/home/ojab2/work/git/gsplat/results/vggt_outputs/bicycle_4_n40_s42_c0.0_p100000_random_minfarthestpose_i40_gteval_poseopt_steps15000/stats/val_step14999.json,/home/ojab2/work/git/gsplat/results/vggt_outputs/bicycle_4_n40_s42_c0.0_p100000_random_minfarthestpose_i40_gteval_poseopt_steps15000/stats/val_step14999.json,bicycle_4_n40_s42_c0.0_p100000_random_minfarthestpose_i40_gteval_poseopt_steps15000,0.7065,0.072581,40,4.875992,,,,/home/ojab2/work/git/vggt/vggt_outputs/bicycle_4_n40_s42_c0.0_p100000_random_minfarthestpose/eval_results.json,bicycle_4_n40_s42_c0.0_p100000_random_minfarthestpose,bicycle_4_n40_s42_c0.0_p100000_random_minfarthestpose_i40_gteval_poseopt_steps15000_val_step14999.json,100000,,vggt | minfarthestpose,40.0
vggt,50,42,0.0,100000,random,,,,0,10,minfarthestpose,50,GT Eval,,,,Pose Opt,,,,,0.0,,False,1.0,1.0,vggt,bicycle,,,15000,15000,,MCMC,,,,,,,,,,,gsplat,,outdoor,17.60113525390625,0.356747567653656,0.2512494921684265,1000000,0.017358148470520973,0.7525553107261658,,,0.15909467733394336,0.41314158077534896,100000,/home/ojab2/work/git/gsplat/results/vggt_outputs/bicycle_4_n50_s42_c0.0_p100000_random_minfarthestpose_i50_gteval_poseopt_steps15000/stats/val_step14999.json,/home/ojab2/work/git/gsplat/results/vggt_outputs/bicycle_4_n50_s42_c0.0_p100000_random_minfarthestpose_i50_gteval_poseopt_steps15000/stats/val_step14999.json,bicycle_4_n50_s42_c0.0_p100000_random_minfarthestpose_i50_gteval_poseopt_steps15000,0.8231,0.071475,50,4.844657,,,,/home/ojab2/work/git/vggt/vggt_outputs/bicycle_4_n50_s42_c0.0_p100000_random_minfarthestpose/eval_results.json,bicycle_4_n50_s42_c0.0_p100000_random_minfarthestpose,bicycle_4_n50_s42_c0.0_p100000_random_minfarthestpose_i50_gteval_poseopt_steps15000_val_step14999.json,100000,,vggt | minfarthestpose,50.0
vggt,60,42,0.0,100000,random,,,,0,10,minfarthestpose,60,GT Eval,,,,Pose Opt,,,,,0.0,,False,1.0,1.0,vggt,bicycle,,,15000,15000,,MCMC,,,,,,,,,,,gsplat,,outdoor,17.103429794311523,0.3560350835323334,0.2368587851524353,1000000,0.016013018786907196,0.6505537033081055,,,0.14190209643882623,0.41636589271486396,100000,/home/ojab2/work/git/gsplat/results/vggt_outputs/bicycle_4_n60_s42_c0.0_p100000_random_minfarthestpose_i60_gteval_poseopt_steps15000/stats/val_step14999.json,/home/ojab2/work/git/gsplat/results/vggt_outputs/bicycle_4_n60_s42_c0.0_p100000_random_minfarthestpose_i60_gteval_poseopt_steps15000/stats/val_step14999.json,bicycle_4_n60_s42_c0.0_p100000_random_minfarthestpose_i60_gteval_poseopt_steps15000,0.7342,0.065719,60,4.937964,,,,/home/ojab2/work/git/vggt/vggt_outputs/bicycle_4_n60_s42_c0.0_p100000_random_minfarthestpose/eval_results.json,bicycle_4_n60_s42_c0.0_p100000_random_minfarthestpose,bicycle_4_n60_s42_c0.0_p100000_random_minfarthestpose_i60_gteval_poseopt_steps15000_val_step14999.json,100000,,vggt | minfarthestpose,60.0
vggt,70,42,0.0,100000,random,,,,0,10,minfarthestpose,70,GT Eval,,,,Pose Opt,,,,,0.0,,False,1.0,1.0,vggt,bicycle,,,15000,15000,,MCMC,,,,,,,,,,,gsplat,,outdoor,17.13919448852539,0.35772666335105896,0.2516476511955261,1000000,0.014718033373355865,0.7395879030227661,,,0.15016868019196955,0.4140411796941301,100000,/home/ojab2/work/git/gsplat/results/vggt_outputs/bicycle_4_n70_s42_c0.0_p100000_random_minfarthestpose_i70_gteval_poseopt_steps15000/stats/val_step14999.json,/home/ojab2/work/git/gsplat/results/vggt_outputs/bicycle_4_n70_s42_c0.0_p100000_random_minfarthestpose_i70_gteval_poseopt_steps15000/stats/val_step14999.json,bicycle_4_n70_s42_c0.0_p100000_random_minfarthestpose_i70_gteval_poseopt_steps15000,0.8769,0.061125,70,4.877382,,,,/home/ojab2/work/git/vggt/vggt_outputs/bicycle_4_n70_s42_c0.0_p100000_random_minfarthestpose/eval_results.json,bicycle_4_n70_s42_c0.0_p100000_random_minfarthestpose,bicycle_4_n70_s42_c0.0_p100000_random_minfarthestpose_i70_gteval_poseopt_steps15000_val_step14999.json,100000,,vggt | minfarthestpose,70.0
vggt,80,42,0.0,100000,random,,,,0,10,minfarthestpose,80,GT Eval,,,,Pose Opt,,,,,0.0,,False,1.0,1.0,vggt,bicycle,,,15000,15000,,MCMC,,,,,,,,,,,gsplat,,outdoor,16.718170166015625,0.35998520255088806,0.2463233470916748,1000000,0.01464998722076416,0.7827696800231934,,,0.13786414534802405,0.41647369556061054,100000,/home/ojab2/work/git/gsplat/results/vggt_outputs/bicycle_4_n80_s42_c0.0_p100000_random_minfarthestpose_i80_gteval_poseopt_steps15000/stats/val_step14999.json,/home/ojab2/work/git/gsplat/results/vggt_outputs/bicycle_4_n80_s42_c0.0_p100000_random_minfarthestpose_i80_gteval_poseopt_steps15000/stats/val_step14999.json,bicycle_4_n80_s42_c0.0_p100000_random_minfarthestpose_i80_gteval_poseopt_steps15000,0.9233,0.065463,80,5.217082,,,,/home/ojab2/work/git/vggt/vggt_outputs/bicycle_4_n80_s42_c0.0_p100000_random_minfarthestpose/eval_results.json,bicycle_4_n80_s42_c0.0_p100000_random_minfarthestpose,bicycle_4_n80_s42_c0.0_p100000_random_minfarthestpose_i80_gteval_poseopt_steps15000_val_step14999.json,100000,,vggt | minfarthestpose,80.0
vggt,90,42,0.0,100000,random,,,,0,10,minfarthestpose,90,GT Eval,,,,Pose Opt,,,,,0.0,,False,1.0,1.0,vggt,bicycle,,,15000,15000,,MCMC,,,,,,,,,,,gsplat,,outdoor,17.5150089263916,0.3229339122772217,0.26714393496513367,1000000,0.013923628255724907,0.5794520974159241,,,0.18766736790605615,0.3989084949590674,100000,/home/ojab2/work/git/gsplat/results/vggt_outputs/bicycle_4_n90_s42_c0.0_p100000_random_minfarthestpose_i90_gteval_poseopt_steps15000/stats/val_step14999.json,/home/ojab2/work/git/gsplat/results/vggt_outputs/bicycle_4_n90_s42_c0.0_p100000_random_minfarthestpose_i90_gteval_poseopt_steps15000/stats/val_step14999.json,bicycle_4_n90_s42_c0.0_p100000_random_minfarthestpose_i90_gteval_poseopt_steps15000,0.7367,0.06455,90,5.282349,,,,/home/ojab2/work/git/vggt/vggt_outputs/bicycle_4_n90_s42_c0.0_p100000_random_minfarthestpose/eval_results.json,bicycle_4_n90_s42_c0.0_p100000_random_minfarthestpose,bicycle_4_n90_s42_c0.0_p100000_random_minfarthestpose_i90_gteval_poseopt_steps15000_val_step14999.json,100000,,vggt | minfarthestpose,90.0
vggt,100,42,0.0,100000,random,,,,0,10,minfarthestpose,100,GT Eval,,,,Pose Opt,,,,,0.0,,False,1.0,1.0,vggt,bicycle,,,15000,15000,,MCMC,,,,,,,,,,,gsplat,,outdoor,17.328102111816406,0.3326731026172638,0.27215537428855896,1000000,0.014931516721844673,0.5234302878379822,,,0.18112495098120213,0.4014373255598585,100000,/home/ojab2/work/git/gsplat/results/vggt_outputs/bicycle_4_n100_s42_c0.0_p100000_random_minfarthestpose_i100_gteval_poseopt_steps15000/stats/val_step14999.json,/home/ojab2/work/git/gsplat/results/vggt_outputs/bicycle_4_n100_s42_c0.0_p100000_random_minfarthestpose_i100_gteval_poseopt_steps15000/stats/val_step14999.json,bicycle_4_n100_s42_c0.0_p100000_random_minfarthestpose_i100_gteval_poseopt_steps15000,0.679,0.066492,100,5.275284,,,,/home/ojab2/work/git/vggt/vggt_outputs/bicycle_4_n100_s42_c0.0_p100000_random_minfarthestpose/eval_results.json,bicycle_4_n100_s42_c0.0_p100000_random_minfarthestpose,bicycle_4_n100_s42_c0.0_p100000_random_minfarthestpose_i100_gteval_poseopt_steps15000_val_step14999.json,100000,,vggt | minfarthestpose,100.0
