method,num_images,seed,conf_thres_value,num_points,sampling_mode,near_filtering_strength,near_filtering_quorum,reconstruct_pose_opt,optimisation_iterations,optimisation_neighbourhood,image_mode,num_cameras,gt_eval,use_gt_extrinsics,use_gt_intrinsics,use_gt_points,pose_opt,run_mvs,pose_opt_module,eval_opt,depth_loss_mode,error_opa,depth_lambda,depth_conf_mode,depth_conf_shifted,loss_multiplier,pose_loss_multiplier,choice,dataset,camera_type,copy_mode,val_step,num_steps,colmap_mode,splatting_strategy,camera_src,pcd_src,align_mode,align_glue,shared_camera,keep_backup_cams,random_init,use_ba,feature_extractor,max_ba_iterations,source,series_label_override,dataset_collection,psnr,lpips,ssim,num_GS,eval_rte,eval_rre,depth_l1,depth_abs_rel,quality,avge,real_num_points,file_path,gsplat_file_path,folder,rre,rte,num_aligned,alignment_scale,pred_depth_l1,pred_depth_absrel,pred_depth_rmse,inference_time,peak_memory_mb,peak_memory_reserved_mb,processing_time,sfm_file_path,input_folder,output_folder,initial_points,failed_sfm_file_path,gsplat_cfg_file_path,plot_series,num_images_jitter
colmap,10,42,,,,,,,0,10,minfarthestpose,10,GT Eval,,,,,False,,,,,0.0,,False,1.0,1.0,colmap,bicycle,,,15000,15000,default,MCMC,,,,,Shared Cam,,,,,,gsplat_cfg,,outdoor,,,,,,,,,,,,/home/ojab2/work/git/gsplat/results/colmap_outputs/bicycle_4_n10_s42_default_minfarthestpose_sharedcam_i10_gteval_steps15000/stats/config.json,,bicycle_4_n10_s42_default_minfarthestpose_sharedcam_i10_gteval_steps15000,,,,,,,,,,,,,bicycle_4_n10_s42_default_minfarthestpose_sharedcam_i10_gteval_steps15000,,,,/home/ojab2/work/git/gsplat/results/colmap_outputs/bicycle_4_n10_s42_default_minfarthestpose_sharedcam_i10_gteval_steps15000/stats/config.json,colmap,10.0
colmap,10,42,,,,,,,0,10,minfarthestpose,10,GT Eval,,,,,False,,,,,0.0,,False,1.0,1.0,colmap,bonsai,,,15000,15000,default,MCMC,,,,,Shared Cam,,,,,,gsplat_cfg,,indoor,,,,,,,,,,,,/home/ojab2/work/git/gsplat/results/colmap_outputs/bonsai_2_n10_s42_default_minfarthestpose_sharedcam_i10_gteval_steps15000/stats/config.json,,bonsai_2_n10_s42_default_minfarthestpose_sharedcam_i10_gteval_steps15000,,,,,,,,,,,,,bonsai_2_n10_s42_default_minfarthestpose_sharedcam_i10_gteval_steps15000,,,,/home/ojab2/work/git/gsplat/results/colmap_outputs/bonsai_2_n10_s42_default_minfarthestpose_sharedcam_i10_gteval_steps15000/stats/config.json,colmap,10.0
colmap,10,42,,,,,,,0,10,minfarthestpose,10,GT Eval,,,,,False,,,,,0.0,,False,1.0,1.0,colmap,ship,pinhole,,15000,15000,default,MCMC,,,,,Shared Cam,,,,,,gsplat_cfg,,synthetic,,,,,,,,,,,,/home/ojab2/work/git/gsplat/results/colmap_outputs/ship_1_n10_s42_default_mpinhole_minfarthestpose_sharedcam_i10_gteval_steps15000/stats/config.json,,ship_1_n10_s42_default_mpinhole_minfarthestpose_sharedcam_i10_gteval_steps15000,,,,,,,,,,,,,ship_1_n10_s42_default_mpinhole_minfarthestpose_sharedcam_i10_gteval_steps15000,,,,/home/ojab2/work/git/gsplat/results/colmap_outputs/ship_1_n10_s42_default_mpinhole_minfarthestpose_sharedcam_i10_gteval_steps15000/stats/config.json,colmap,10.0
colmap,20,42,,67,,,,,0,10,minfarthestpose,20,GT Eval,,,,,False,,,,,0.0,,False,1.0,1.0,colmap,ship,pinhole,,15000,15000,default,MCMC,,,,,Shared Cam,,,,,,gsplat,,synthetic,14.546066284179688,0.499622642993927,0.4738180339336395,64306,0.006353143136948347,0.5407867431640625,0.08383258432149887,0.10037008672952652,0.14448187705988697,0.42003787590540853,67,/home/ojab2/work/git/gsplat/results/colmap_outputs/ship_1_n20_s42_default_mpinhole_minfarthestpose_sharedcam_i20_gteval_steps15000/stats/val_step14999.json,/home/ojab2/work/git/gsplat/results/colmap_outputs/ship_1_n20_s42_default_mpinhole_minfarthestpose_sharedcam_i20_gteval_steps15000/stats/val_step14999.json,ship_1_n20_s42_default_mpinhole_minfarthestpose_sharedcam_i20_gteval_steps15000,0.5408,0.007211,3,0.234548,,,,2.050295352935791,6468,6468,0,/home/ojab2/work/git/vggt/colmap_outputs/ship_1_n20_s42_default_mpinhole_minfarthestpose_sharedcam/eval_results.json,ship_1_n20_s42_default_mpinhole_minfarthestpose_sharedcam,ship_1_n20_s42_default_mpinhole_minfarthestpose_sharedcam_i20_gteval_steps15000_val_step14999.json,67,,,colmap,20.0
colmap,20,42,,984,,,,,0,10,minfarthestpose,20,GT Eval,,,,,False,,,,,0.0,,False,1.0,1.0,colmap,bonsai,,,15000,15000,default,MCMC,,,,,Shared Cam,,,,,,gsplat,,indoor,10.349443435668945,0.7991341948509216,0.3016880452632904,1000000,0.4587344527244568,28.534330368041992,,,-0.2187778469492197,0.5756845930135115,984,/home/ojab2/work/git/gsplat/results/colmap_outputs/bonsai_2_n20_s42_default_minfarthestpose_sharedcam_i20_gteval_steps15000/stats/val_step14999.json,/home/ojab2/work/git/gsplat/results/colmap_outputs/bonsai_2_n20_s42_default_minfarthestpose_sharedcam_i20_gteval_steps15000/stats/val_step14999.json,bonsai_2_n20_s42_default_minfarthestpose_sharedcam_i20_gteval_steps15000,9.1207,2.010802,13,1.010898,,,,8.479376554489136,6712,6712,0,/home/ojab2/work/git/vggt/colmap_outputs/bonsai_2_n20_s42_default_minfarthestpose_sharedcam/eval_results.json,bonsai_2_n20_s42_default_minfarthestpose_sharedcam,bonsai_2_n20_s42_default_minfarthestpose_sharedcam_i20_gteval_steps15000_val_step14999.json,984,,,colmap,20.0
colmap,20,42,,,,,,,0,10,minfarthestpose,20,GT Eval,,,,,False,,,,,0.0,,False,1.0,1.0,colmap,bicycle,,,15000,15000,default,MCMC,,,,,Shared Cam,,,,,,gsplat_cfg,,outdoor,,,,,,,,,,,,/home/ojab2/work/git/gsplat/results/colmap_outputs/bicycle_4_n20_s42_default_minfarthestpose_sharedcam_i20_gteval_steps15000/stats/config.json,,bicycle_4_n20_s42_default_minfarthestpose_sharedcam_i20_gteval_steps15000,,,,,,,,,,,,,bicycle_4_n20_s42_default_minfarthestpose_sharedcam_i20_gteval_steps15000,,,,/home/ojab2/work/git/gsplat/results/colmap_outputs/bicycle_4_n20_s42_default_minfarthestpose_sharedcam_i20_gteval_steps15000/stats/config.json,colmap,20.0
colmap,30,42,,172,,,,,0,10,minfarthestpose,30,GT Eval,,,,,False,,,,,0.0,,False,1.0,1.0,colmap,ship,pinhole,,15000,15000,default,MCMC,,,,,Shared Cam,,,,,,gsplat,,synthetic,16.88872718811035,0.4083384573459625,0.5996946692466736,183435,0.0208862517029047,3.2384636402130127,0.07897612452507019,0.05965162068605423,0.3178248165721162,0.3538352577892912,172,/home/ojab2/work/git/gsplat/results/colmap_outputs/ship_1_n30_s42_default_mpinhole_minfarthestpose_sharedcam_i30_gteval_steps15000/stats/val_step14999.json,/home/ojab2/work/git/gsplat/results/colmap_outputs/ship_1_n30_s42_default_mpinhole_minfarthestpose_sharedcam_i30_gteval_steps15000/stats/val_step14999.json,ship_1_n30_s42_default_mpinhole_minfarthestpose_sharedcam_i30_gteval_steps15000,3.2385,0.035257,6,0.5679,,,,3.161612033843994,6532,6532,0,/home/ojab2/work/git/vggt/colmap_outputs/ship_1_n30_s42_default_mpinhole_minfarthestpose_sharedcam/eval_results.json,ship_1_n30_s42_default_mpinhole_minfarthestpose_sharedcam,ship_1_n30_s42_default_mpinhole_minfarthestpose_sharedcam_i30_gteval_steps15000_val_step14999.json,172,,,colmap,30.0
colmap,30,42,,245,,,,,0,10,minfarthestpose,30,GT Eval,,,,,False,,,,,0.0,,False,1.0,1.0,colmap,bicycle,,,15000,15000,default,MCMC,,,,,Shared Cam,,,,,,gsplat,,outdoor,14.077865600585938,0.784950852394104,0.2591404318809509,264668,0.006391197443008423,0.3337806165218353,,,-0.16585948763147731,0.5615953835422857,245,/home/ojab2/work/git/gsplat/results/colmap_outputs/bicycle_4_n30_s42_default_minfarthestpose_sharedcam_i30_gteval_steps15000/stats/val_step14999.json,/home/ojab2/work/git/gsplat/results/colmap_outputs/bicycle_4_n30_s42_default_minfarthestpose_sharedcam_i30_gteval_steps15000/stats/val_step14999.json,bicycle_4_n30_s42_default_minfarthestpose_sharedcam_i30_gteval_steps15000,0.3338,0.009274,6,0.52756,,,,7.97350811958313,1434,1434,0,/home/ojab2/work/git/vggt/colmap_outputs/bicycle_4_n30_s42_default_minfarthestpose_sharedcam/eval_results.json,bicycle_4_n30_s42_default_minfarthestpose_sharedcam,bicycle_4_n30_s42_default_minfarthestpose_sharedcam_i30_gteval_steps15000_val_step14999.json,245,,,colmap,30.0
colmap,30,42,,7287,,,,,0,10,minfarthestpose,30,GT Eval,,,,,False,,,,,0.0,,False,1.0,1.0,colmap,bonsai,,,15000,15000,default,MCMC,,,,,Shared Cam,,,,,,gsplat,,indoor,17.49349594116211,0.40983304381370544,0.5660527348518372,1000000,0.024453144520521164,0.8960906267166138,,,0.3084280078406455,0.36212974262939995,7287,/home/ojab2/work/git/gsplat/results/colmap_outputs/bonsai_2_n30_s42_default_minfarthestpose_sharedcam_i30_gteval_steps15000/stats/val_step14999.json,/home/ojab2/work/git/gsplat/results/colmap_outputs/bonsai_2_n30_s42_default_minfarthestpose_sharedcam_i30_gteval_steps15000/stats/val_step14999.json,bonsai_2_n30_s42_default_minfarthestpose_sharedcam_i30_gteval_steps15000,0.8961,0.102826,29,1.045893,,,,47.781490325927734,6776,6776,0,/home/ojab2/work/git/vggt/colmap_outputs/bonsai_2_n30_s42_default_minfarthestpose_sharedcam/eval_results.json,bonsai_2_n30_s42_default_minfarthestpose_sharedcam,bonsai_2_n30_s42_default_minfarthestpose_sharedcam_i30_gteval_steps15000_val_step14999.json,7287,,,colmap,30.0
colmap,40,42,,268,,,,,0,10,minfarthestpose,40,GT Eval,,,,,False,,,,,0.0,,False,1.0,1.0,colmap,ship,pinhole,,15000,15000,default,MCMC,,,,,Shared Cam,,,,,,gsplat,,synthetic,17.9700927734375,0.3304239511489868,0.6273350119590759,291657,0.021387474611401558,1.0151371955871582,0.06718946993350983,0.051005151122808456,0.40210942249161763,0.3189484436694192,268,/home/ojab2/work/git/gsplat/results/colmap_outputs/ship_1_n40_s42_default_mpinhole_minfarthestpose_sharedcam_i40_gteval_steps15000/stats/val_step14999.json,/home/ojab2/work/git/gsplat/results/colmap_outputs/ship_1_n40_s42_default_mpinhole_minfarthestpose_sharedcam_i40_gteval_steps15000/stats/val_step14999.json,ship_1_n40_s42_default_mpinhole_minfarthestpose_sharedcam_i40_gteval_steps15000,1.0151,0.038216,9,0.598282,,,,4.938432693481445,6592,6592,0,/home/ojab2/work/git/vggt/colmap_outputs/ship_1_n40_s42_default_mpinhole_minfarthestpose_sharedcam/eval_results.json,ship_1_n40_s42_default_mpinhole_minfarthestpose_sharedcam,ship_1_n40_s42_default_mpinhole_minfarthestpose_sharedcam_i40_gteval_steps15000_val_step14999.json,268,,,colmap,40.0
colmap,40,42,,329,,,,,0,10,minfarthestpose,40,GT Eval,,,,,False,,,,,0.0,,False,1.0,1.0,colmap,bicycle,,,15000,15000,default,MCMC,,,,,Shared Cam,,,,,,gsplat,,outdoor,15.817615509033203,0.6667900681495667,0.29693716764450073,359081,0.0037136971950531006,0.14308501780033112,,,-0.03859978678011126,0.5104915661390372,329,/home/ojab2/work/git/gsplat/results/colmap_outputs/bicycle_4_n40_s42_default_minfarthestpose_sharedcam_i40_gteval_steps15000/stats/val_step14999.json,/home/ojab2/work/git/gsplat/results/colmap_outputs/bicycle_4_n40_s42_default_minfarthestpose_sharedcam_i40_gteval_steps15000/stats/val_step14999.json,bicycle_4_n40_s42_default_minfarthestpose_sharedcam_i40_gteval_steps15000,0.1431,0.006862,9,0.685205,,,,14.81194806098938,1434,1434,0,/home/ojab2/work/git/vggt/colmap_outputs/bicycle_4_n40_s42_default_minfarthestpose_sharedcam/eval_results.json,bicycle_4_n40_s42_default_minfarthestpose_sharedcam,bicycle_4_n40_s42_default_minfarthestpose_sharedcam_i40_gteval_steps15000_val_step14999.json,329,,,colmap,40.0
colmap,40,42,,15131,,,,,0,10,minfarthestpose,40,GT Eval,,,,,False,,,,,0.0,,False,1.0,1.0,colmap,bonsai,,,15000,15000,default,MCMC,,,,,Shared Cam,,,,,,gsplat,,indoor,20.848365783691406,0.23119306564331055,0.6328006386756897,1000000,0.0552397184073925,0.5092057585716248,,,0.5198606804952441,0.28179611869185256,15131,/home/ojab2/work/git/gsplat/results/colmap_outputs/bonsai_2_n40_s42_default_minfarthestpose_sharedcam_i40_gteval_steps15000/stats/val_step14999.json,/home/ojab2/work/git/gsplat/results/colmap_outputs/bonsai_2_n40_s42_default_minfarthestpose_sharedcam_i40_gteval_steps15000/stats/val_step14999.json,bonsai_2_n40_s42_default_minfarthestpose_sharedcam_i40_gteval_steps15000,0.5092,0.2305,40,1.075613,,,,25.5097496509552,6836,6836,0,/home/ojab2/work/git/vggt/colmap_outputs/bonsai_2_n40_s42_default_minfarthestpose_sharedcam/eval_results.json,bonsai_2_n40_s42_default_minfarthestpose_sharedcam,bonsai_2_n40_s42_default_minfarthestpose_sharedcam_i40_gteval_steps15000_val_step14999.json,15131,,,colmap,40.0
colmap,50,42,,793,,,,,0,10,minfarthestpose,50,GT Eval,,,,,False,,,,,0.0,,False,1.0,1.0,colmap,ship,pinhole,,15000,15000,default,MCMC,,,,,Shared Cam,,,,,,gsplat,,synthetic,21.458654403686523,0.20357736945152283,0.7120323777198792,881162,0.005498620215803385,0.23815003037452698,0.034165747463703156,0.0314355343580246,0.5945433979688176,0.24911689813586907,793,/home/ojab2/work/git/gsplat/results/colmap_outputs/ship_1_n50_s42_default_mpinhole_minfarthestpose_sharedcam_i50_gteval_steps15000/stats/val_step14999.json,/home/ojab2/work/git/gsplat/results/colmap_outputs/ship_1_n50_s42_default_mpinhole_minfarthestpose_sharedcam_i50_gteval_steps15000/stats/val_step14999.json,ship_1_n50_s42_default_mpinhole_minfarthestpose_sharedcam_i50_gteval_steps15000,0.2383,0.012988,27,0.661359,,,,9.553125619888306,6652,6652,0,/home/ojab2/work/git/vggt/colmap_outputs/ship_1_n50_s42_default_mpinhole_minfarthestpose_sharedcam/eval_results.json,ship_1_n50_s42_default_mpinhole_minfarthestpose_sharedcam,ship_1_n50_s42_default_mpinhole_minfarthestpose_sharedcam_i50_gteval_steps15000_val_step14999.json,793,,,colmap,50.0
colmap,50,42,,3489,,,,,0,10,minfarthestpose,50,GT Eval,,,,,False,,,,,0.0,,False,1.0,1.0,colmap,bicycle,,,15000,15000,default,MCMC,,,,,Shared Cam,,,,,,gsplat,,outdoor,19.971603393554688,0.43686988949775696,0.37685221433639526,1000000,0.0030892484355717897,0.1497589349746704,,,0.2269858964237786,0.4121108639918377,3489,/home/ojab2/work/git/gsplat/results/colmap_outputs/bicycle_4_n50_s42_default_minfarthestpose_sharedcam_i50_gteval_steps15000/stats/val_step14999.json,/home/ojab2/work/git/gsplat/results/colmap_outputs/bicycle_4_n50_s42_default_minfarthestpose_sharedcam_i50_gteval_steps15000/stats/val_step14999.json,bicycle_4_n50_s42_default_minfarthestpose_sharedcam_i50_gteval_steps15000,0.1498,0.011463,46,0.97877,,,,10.574543714523315,7346,7346,0,/home/ojab2/work/git/vggt/colmap_outputs/bicycle_4_n50_s42_default_minfarthestpose_sharedcam/eval_results.json,bicycle_4_n50_s42_default_minfarthestpose_sharedcam,bicycle_4_n50_s42_default_minfarthestpose_sharedcam_i50_gteval_steps15000_val_step14999.json,3489,,,colmap,50.0
colmap,50,42,,22515,,,,,0,10,minfarthestpose,50,GT Eval,,,,,False,,,,,0.0,,False,1.0,1.0,colmap,bonsai,,,15000,15000,default,MCMC,,,,,Shared Cam,,,,,,gsplat,,indoor,21.696945190429688,0.20300589501857758,0.6328594088554382,1000000,0.0033656025771051645,0.21826618909835815,,,0.5530089705194878,0.2718975855646578,22515,/home/ojab2/work/git/gsplat/results/colmap_outputs/bonsai_2_n50_s42_default_minfarthestpose_sharedcam_i50_gteval_steps15000/stats/val_step14999.json,/home/ojab2/work/git/gsplat/results/colmap_outputs/bonsai_2_n50_s42_default_minfarthestpose_sharedcam_i50_gteval_steps15000/stats/val_step14999.json,bonsai_2_n50_s42_default_minfarthestpose_sharedcam_i50_gteval_steps15000,0.2183,0.013971,50,1.048775,,,,46.97960114479065,7418,7418,0,/home/ojab2/work/git/vggt/colmap_outputs/bonsai_2_n50_s42_default_minfarthestpose_sharedcam/eval_results.json,bonsai_2_n50_s42_default_minfarthestpose_sharedcam,bonsai_2_n50_s42_default_minfarthestpose_sharedcam_i50_gteval_steps15000_val_step14999.json,22515,,,colmap,50.0
colmap,60,42,,1962,,,,,0,10,minfarthestpose,60,GT Eval,,,,,False,,,,,0.0,,False,1.0,1.0,colmap,ship,pinhole,,15000,15000,default,MCMC,,,,,Shared Cam,,,,,,gsplat,,synthetic,22.031282424926758,0.16121169924736023,0.7412988543510437,1000000,0.004959248472005129,0.3282996416091919,0.02898668311536312,0.030586976557970047,0.6484141674732681,0.22536757103469807,1962,/home/ojab2/work/git/gsplat/results/colmap_outputs/ship_1_n60_s42_default_mpinhole_minfarthestpose_sharedcam_i60_gteval_steps15000/stats/val_step14999.json,/home/ojab2/work/git/gsplat/results/colmap_outputs/ship_1_n60_s42_default_mpinhole_minfarthestpose_sharedcam_i60_gteval_steps15000/stats/val_step14999.json,ship_1_n60_s42_default_mpinhole_minfarthestpose_sharedcam_i60_gteval_steps15000,0.3285,0.016235,52,0.800742,,,,11.243252992630005,6716,6716,0,/home/ojab2/work/git/vggt/colmap_outputs/ship_1_n60_s42_default_mpinhole_minfarthestpose_sharedcam/eval_results.json,ship_1_n60_s42_default_mpinhole_minfarthestpose_sharedcam,ship_1_n60_s42_default_mpinhole_minfarthestpose_sharedcam_i60_gteval_steps15000_val_step14999.json,1962,,,colmap,60.0
colmap,60,42,,5439,,,,,0,10,minfarthestpose,60,GT Eval,,,,,False,,,,,0.0,,False,1.0,1.0,colmap,bicycle,,,15000,15000,default,MCMC,,,,,Shared Cam,,,,,,gsplat,,outdoor,19.752241134643555,0.40431737899780273,0.36857086420059204,1000000,0.0029093585908412933,0.13441917300224304,,,0.23817487983753186,0.40317653525129193,5439,/home/ojab2/work/git/gsplat/results/colmap_outputs/bicycle_4_n60_s42_default_minfarthestpose_sharedcam_i60_gteval_steps15000/stats/val_step14999.json,/home/ojab2/work/git/gsplat/results/colmap_outputs/bicycle_4_n60_s42_default_minfarthestpose_sharedcam_i60_gteval_steps15000/stats/val_step14999.json,bicycle_4_n60_s42_default_minfarthestpose_sharedcam_i60_gteval_steps15000,0.1344,0.010799,59,1.02818,,,,14.349272727966309,7410,7410,0,/home/ojab2/work/git/vggt/colmap_outputs/bicycle_4_n60_s42_default_minfarthestpose_sharedcam/eval_results.json,bicycle_4_n60_s42_default_minfarthestpose_sharedcam,bicycle_4_n60_s42_default_minfarthestpose_sharedcam_i60_gteval_steps15000_val_step14999.json,5439,,,colmap,60.0
colmap,60,42,,31847,,,,,0,10,minfarthestpose,60,GT Eval,,,,,False,,,,,0.0,,False,1.0,1.0,colmap,bonsai,,,15000,15000,default,MCMC,,,,,Shared Cam,,,,,,gsplat,,indoor,22.168672561645508,0.18957126140594482,0.6651806831359863,1000000,0.003669938538223505,0.21906505525112152,,,0.5889389762791664,0.2580920723767357,31847,/home/ojab2/work/git/gsplat/results/colmap_outputs/bonsai_2_n60_s42_default_minfarthestpose_sharedcam_i60_gteval_steps15000/stats/val_step14999.json,/home/ojab2/work/git/gsplat/results/colmap_outputs/bonsai_2_n60_s42_default_minfarthestpose_sharedcam_i60_gteval_steps15000/stats/val_step14999.json,bonsai_2_n60_s42_default_minfarthestpose_sharedcam_i60_gteval_steps15000,0.2191,0.015311,60,1.047943,,,,65.64310216903687,7482,7482,0,/home/ojab2/work/git/vggt/colmap_outputs/bonsai_2_n60_s42_default_minfarthestpose_sharedcam/eval_results.json,bonsai_2_n60_s42_default_minfarthestpose_sharedcam,bonsai_2_n60_s42_default_minfarthestpose_sharedcam_i60_gteval_steps15000_val_step14999.json,31847,,,colmap,60.0
colmap,70,42,,2748,,,,,0,10,minfarthestpose,70,GT Eval,,,,,False,,,,,0.0,,False,1.0,1.0,colmap,ship,pinhole,,15000,15000,default,MCMC,,,,,Shared Cam,,,,,,gsplat,,synthetic,22.920597076416016,0.1465238332748413,0.7628100514411926,1000000,0.004077303223311901,0.2112027108669281,0.02801118791103363,0.02891070395708084,0.6865291886704551,0.212883229585469,2748,/home/ojab2/work/git/gsplat/results/colmap_outputs/ship_1_n70_s42_default_mpinhole_minfarthestpose_sharedcam_i70_gteval_steps15000/stats/val_step14999.json,/home/ojab2/work/git/gsplat/results/colmap_outputs/ship_1_n70_s42_default_mpinhole_minfarthestpose_sharedcam_i70_gteval_steps15000/stats/val_step14999.json,ship_1_n70_s42_default_mpinhole_minfarthestpose_sharedcam_i70_gteval_steps15000,0.2115,0.013257,63,0.814222,,,,14.959670066833496,6776,6776,0,/home/ojab2/work/git/vggt/colmap_outputs/ship_1_n70_s42_default_mpinhole_minfarthestpose_sharedcam/eval_results.json,ship_1_n70_s42_default_mpinhole_minfarthestpose_sharedcam,ship_1_n70_s42_default_mpinhole_minfarthestpose_sharedcam_i70_gteval_steps15000_val_step14999.json,2748,,,colmap,70.0
colmap,70,42,,8521,,,,,0,10,minfarthestpose,70,GT Eval,,,,,False,,,,,0.0,,False,1.0,1.0,colmap,bicycle,,,15000,15000,default,MCMC,,,,,Shared Cam,,,,,,gsplat,,outdoor,19.710527420043945,0.3646119236946106,0.37013497948646545,1000000,0.0026197393890470266,0.11995593458414078,,,0.26282663125353556,0.3896471779847298,8521,/home/ojab2/work/git/gsplat/results/colmap_outputs/bicycle_4_n70_s42_default_minfarthestpose_sharedcam_i70_gteval_steps15000/stats/val_step14999.json,/home/ojab2/work/git/gsplat/results/colmap_outputs/bicycle_4_n70_s42_default_minfarthestpose_sharedcam_i70_gteval_steps15000/stats/val_step14999.json,bicycle_4_n70_s42_default_minfarthestpose_sharedcam_i70_gteval_steps15000,0.12,0.009717,69,1.016821,,,,20.831656455993652,7470,7470,0,/home/ojab2/work/git/vggt/colmap_outputs/bicycle_4_n70_s42_default_minfarthestpose_sharedcam/eval_results.json,bicycle_4_n70_s42_default_minfarthestpose_sharedcam,bicycle_4_n70_s42_default_minfarthestpose_sharedcam_i70_gteval_steps15000_val_step14999.json,8521,,,colmap,70.0
colmap,70,42,,42091,,,,,0,10,minfarthestpose,70,GT Eval,,,,,False,,,,,0.0,,False,1.0,1.0,colmap,bonsai,,,15000,15000,default,MCMC,,,,,Shared Cam,,,,,,gsplat,,indoor,28.404136657714844,0.1480536311864853,0.8946173787117004,1000000,0.001268189400434494,0.05289151147007942,,,0.8642122066005473,0.1580415301133877,42091,/home/ojab2/work/git/gsplat/results/colmap_outputs/bonsai_2_n70_s42_default_minfarthestpose_sharedcam_i70_gteval_steps15000/stats/val_step14999.json,/home/ojab2/work/git/gsplat/results/colmap_outputs/bonsai_2_n70_s42_default_minfarthestpose_sharedcam_i70_gteval_steps15000/stats/val_step14999.json,bonsai_2_n70_s42_default_minfarthestpose_sharedcam_i70_gteval_steps15000,0.0529,0.005207,70,1.026511,,,,75.30614638328552,7542,7542,0,/home/ojab2/work/git/vggt/colmap_outputs/bonsai_2_n70_s42_default_minfarthestpose_sharedcam/eval_results.json,bonsai_2_n70_s42_default_minfarthestpose_sharedcam,bonsai_2_n70_s42_default_minfarthestpose_sharedcam_i70_gteval_steps15000_val_step14999.json,42091,,,colmap,70.0
colmap,80,42,,3818,,,,,0,10,minfarthestpose,80,GT Eval,,,,,False,,,,,0.0,,False,1.0,1.0,colmap,ship,pinhole,,15000,15000,default,MCMC,,,,,Shared Cam,,,,,,gsplat,,synthetic,23.95128059387207,0.1371573507785797,0.789847731590271,1000000,0.0029240939766168594,0.1490263044834137,0.027568796649575233,0.027714744210243225,0.7272092086529869,0.1998690038868526,3818,/home/ojab2/work/git/gsplat/results/colmap_outputs/ship_1_n80_s42_default_mpinhole_minfarthestpose_sharedcam_i80_gteval_steps15000/stats/val_step14999.json,/home/ojab2/work/git/gsplat/results/colmap_outputs/ship_1_n80_s42_default_mpinhole_minfarthestpose_sharedcam_i80_gteval_steps15000/stats/val_step14999.json,ship_1_n80_s42_default_mpinhole_minfarthestpose_sharedcam_i80_gteval_steps15000,0.1491,0.009487,74,0.83563,,,,19.210057735443115,6836,6836,0,/home/ojab2/work/git/vggt/colmap_outputs/ship_1_n80_s42_default_mpinhole_minfarthestpose_sharedcam/eval_results.json,ship_1_n80_s42_default_mpinhole_minfarthestpose_sharedcam,ship_1_n80_s42_default_mpinhole_minfarthestpose_sharedcam_i80_gteval_steps15000_val_step14999.json,3818,,,colmap,80.0
colmap,80,42,,11796,,,,,0,10,minfarthestpose,80,GT Eval,,,,,False,,,,,0.0,,False,1.0,1.0,colmap,bicycle,,,15000,15000,default,MCMC,,,,,Shared Cam,,,,,,gsplat,,outdoor,20.295074462890625,0.34108200669288635,0.40262851119041443,1000000,0.002403906313702464,0.11904101073741913,,,0.307178281939905,0.37444108347248783,11796,/home/ojab2/work/git/gsplat/results/colmap_outputs/bicycle_4_n80_s42_default_minfarthestpose_sharedcam_i80_gteval_steps15000/stats/val_step14999.json,/home/ojab2/work/git/gsplat/results/colmap_outputs/bicycle_4_n80_s42_default_minfarthestpose_sharedcam_i80_gteval_steps15000/stats/val_step14999.json,bicycle_4_n80_s42_default_minfarthestpose_sharedcam_i80_gteval_steps15000,0.119,0.008923,80,1.011902,,,,27.30118417739868,7552,7552,0,/home/ojab2/work/git/vggt/colmap_outputs/bicycle_4_n80_s42_default_minfarthestpose_sharedcam/eval_results.json,bicycle_4_n80_s42_default_minfarthestpose_sharedcam,bicycle_4_n80_s42_default_minfarthestpose_sharedcam_i80_gteval_steps15000_val_step14999.json,11796,,,colmap,80.0
colmap,80,42,,50939,,,,,0,10,minfarthestpose,80,GT Eval,,,,,False,,,,,0.0,,False,1.0,1.0,colmap,bonsai,,,15000,15000,default,MCMC,,,,,Shared Cam,,,,,,gsplat,,indoor,28.026302337646484,0.14591750502586365,0.8840844631195068,1000000,0.0010319369612261653,0.05162372440099716,,,0.8523742713813582,0.16265217906290325,50939,/home/ojab2/work/git/gsplat/results/colmap_outputs/bonsai_2_n80_s42_default_minfarthestpose_sharedcam_i80_gteval_steps15000/stats/val_step14999.json,/home/ojab2/work/git/gsplat/results/colmap_outputs/bonsai_2_n80_s42_default_minfarthestpose_sharedcam_i80_gteval_steps15000/stats/val_step14999.json,bonsai_2_n80_s42_default_minfarthestpose_sharedcam_i80_gteval_steps15000,0.0516,0.004219,80,1.020898,,,,97.05003786087036,7602,7602,0,/home/ojab2/work/git/vggt/colmap_outputs/bonsai_2_n80_s42_default_minfarthestpose_sharedcam/eval_results.json,bonsai_2_n80_s42_default_minfarthestpose_sharedcam,bonsai_2_n80_s42_default_minfarthestpose_sharedcam_i80_gteval_steps15000_val_step14999.json,50939,,,colmap,80.0
colmap,87,42,,5146,,,,,0,10,farthestpose,87,GT Eval,,,,,False,,,,,0.0,,False,1.0,1.0,colmap,ship,pinhole,,15000,15000,default,MCMC,,,,,Shared Cam,,,,,,gsplat,,synthetic,22.400592803955078,0.14908459782600403,0.7505561709403992,1000000,0.0035610124468803406,0.2434609830379486,0.031018691137433052,0.029304901137948036,0.6681527490736681,0.21809391039233772,5146,/home/ojab2/work/git/gsplat/results/colmap_outputs/ship_1_n87_s42_default_mpinhole_farthestpose_sharedcam_i87_gteval_steps15000/stats/val_step14999.json,/home/ojab2/work/git/gsplat/results/colmap_outputs/ship_1_n87_s42_default_mpinhole_farthestpose_sharedcam_i87_gteval_steps15000/stats/val_step14999.json,ship_1_n87_s42_default_mpinhole_farthestpose_sharedcam_i87_gteval_steps15000,0.2458,0.011214,80,0.865091,,,,25.509971380233765,983,983,0,/home/ojab2/work/git/vggt/colmap_outputs/ship_1_n87_s42_default_mpinhole_farthestpose_sharedcam/eval_results.json,ship_1_n87_s42_default_mpinhole_farthestpose_sharedcam,ship_1_n87_s42_default_mpinhole_farthestpose_sharedcam_i87_gteval_steps15000_val_step14999.json,5146,,,colmap,87.0
colmap,90,42,,15687,,,,,0,10,minfarthestpose,90,GT Eval,,,,,False,,,,,0.0,,False,1.0,1.0,colmap,bicycle,,,15000,15000,default,MCMC,,,,,Shared Cam,,,,,,gsplat,,outdoor,20.278013229370117,0.32080644369125366,0.4018096923828125,1000000,0.002212557476013899,0.1129547581076622,,,0.3188992713936898,0.36787132982798865,15687,/home/ojab2/work/git/gsplat/results/colmap_outputs/bicycle_4_n90_s42_default_minfarthestpose_sharedcam_i90_gteval_steps15000/stats/val_step14999.json,/home/ojab2/work/git/gsplat/results/colmap_outputs/bicycle_4_n90_s42_default_minfarthestpose_sharedcam_i90_gteval_steps15000/stats/val_step14999.json,bicycle_4_n90_s42_default_minfarthestpose_sharedcam_i90_gteval_steps15000,0.113,0.008149,89,1.011157,,,,32.59644627571106,7616,7616,0,/home/ojab2/work/git/vggt/colmap_outputs/bicycle_4_n90_s42_default_minfarthestpose_sharedcam/eval_results.json,bicycle_4_n90_s42_default_minfarthestpose_sharedcam,bicycle_4_n90_s42_default_minfarthestpose_sharedcam_i90_gteval_steps15000_val_step14999.json,15687,,,colmap,90.0
colmap,90,42,,58303,,,,,0,10,minfarthestpose,90,GT Eval,,,,,False,,,,,0.0,,False,1.0,1.0,colmap,bonsai,,,15000,15000,default,MCMC,,,,,Shared Cam,,,,,,gsplat,,indoor,26.790843963623047,0.14415143430233002,0.8368752002716064,1000000,0.000949694134760648,0.06917158514261246,,,0.8029778236650351,0.1833774174847466,58303,/home/ojab2/work/git/gsplat/results/colmap_outputs/bonsai_2_n90_s42_default_minfarthestpose_sharedcam_i90_gteval_steps15000/stats/val_step14999.json,/home/ojab2/work/git/gsplat/results/colmap_outputs/bonsai_2_n90_s42_default_minfarthestpose_sharedcam_i90_gteval_steps15000/stats/val_step14999.json,bonsai_2_n90_s42_default_minfarthestpose_sharedcam_i90_gteval_steps15000,0.0692,0.003892,90,0.998126,,,,137.66103339195251,7666,7666,0,/home/ojab2/work/git/vggt/colmap_outputs/bonsai_2_n90_s42_default_minfarthestpose_sharedcam/eval_results.json,bonsai_2_n90_s42_default_minfarthestpose_sharedcam,bonsai_2_n90_s42_default_minfarthestpose_sharedcam_i90_gteval_steps15000_val_step14999.json,58303,,,colmap,90.0
colmap,100,42,,18986,,,,,0,10,minfarthestpose,100,GT Eval,,,,,False,,,,,0.0,,False,1.0,1.0,colmap,bicycle,,,15000,15000,default,MCMC,,,,,Shared Cam,,,,,,gsplat,,outdoor,21.351070404052734,0.30705827474594116,0.48162931203842163,1000000,0.0019408967345952988,0.10879188030958176,,,0.3939353647442744,0.3447881194133031,18986,/home/ojab2/work/git/gsplat/results/colmap_outputs/bicycle_4_n100_s42_default_minfarthestpose_sharedcam_i100_gteval_steps15000/stats/val_step14999.json,/home/ojab2/work/git/gsplat/results/colmap_outputs/bicycle_4_n100_s42_default_minfarthestpose_sharedcam_i100_gteval_steps15000/stats/val_step14999.json,bicycle_4_n100_s42_default_minfarthestpose_sharedcam_i100_gteval_steps15000,0.1088,0.007262,99,1.015409,,,,45.9896764755249,7676,7676,0,/home/ojab2/work/git/vggt/colmap_outputs/bicycle_4_n100_s42_default_minfarthestpose_sharedcam/eval_results.json,bicycle_4_n100_s42_default_minfarthestpose_sharedcam,bicycle_4_n100_s42_default_minfarthestpose_sharedcam_i100_gteval_steps15000_val_step14999.json,18986,,,colmap,100.0
colmap,100,42,,66763,,,,,0,10,minfarthestpose,100,GT Eval,,,,,False,,,,,0.0,,False,1.0,1.0,colmap,bonsai,,,15000,15000,default,MCMC,,,,,Shared Cam,,,,,,gsplat,,indoor,27.826139450073242,0.13981762528419495,0.8659626841545105,1000000,0.0007070667925290763,0.05946106091141701,,,0.8418353775478633,0.1691927745954243,66763,/home/ojab2/work/git/gsplat/results/colmap_outputs/bonsai_2_n100_s42_default_minfarthestpose_sharedcam_i100_gteval_steps15000/stats/val_step14999.json,/home/ojab2/work/git/gsplat/results/colmap_outputs/bonsai_2_n100_s42_default_minfarthestpose_sharedcam_i100_gteval_steps15000/stats/val_step14999.json,bonsai_2_n100_s42_default_minfarthestpose_sharedcam_i100_gteval_steps15000,0.0595,0.002889,100,1.016141,,,,187.39341807365417,7726,7726,0,/home/ojab2/work/git/vggt/colmap_outputs/bonsai_2_n100_s42_default_minfarthestpose_sharedcam/eval_results.json,bonsai_2_n100_s42_default_minfarthestpose_sharedcam,bonsai_2_n100_s42_default_minfarthestpose_sharedcam_i100_gteval_steps15000_val_step14999.json,66763,,,colmap,100.0
colmap,10,42,,,,,,,0,10,minfarthestpose,,,,,,,False,,,,,0.0,,False,1.0,1.0,vggt,bicycle,,,,,default,MCMC,,,,,Shared Cam,,,,,,failed_sfm,,outdoor,,,,,,,,,,,,/home/ojab2/work/git/vggt/colmap_outputs/bicycle_4_n10_s42_default_minfarthestpose_sharedcam/failed_eval.json,,bicycle_4_n10_s42_default_minfarthestpose_sharedcam,,,,,,,,,,,,,bicycle_4_n10_s42_default_minfarthestpose_sharedcam,,,/home/ojab2/work/git/vggt/colmap_outputs/bicycle_4_n10_s42_default_minfarthestpose_sharedcam/failed_eval.json,,colmap,10.0
colmap,10,42,,,,,,,0,10,minfarthestpose,,,,,,,False,,,,,0.0,,False,1.0,1.0,vggt,bonsai,,,,,default,MCMC,,,,,Shared Cam,,,,,,failed_sfm,,indoor,,,,,,,,,,,,/home/ojab2/work/git/vggt/colmap_outputs/bonsai_2_n10_s42_default_minfarthestpose_sharedcam/failed_eval.json,,bonsai_2_n10_s42_default_minfarthestpose_sharedcam,,,,,,,,,,,,,bonsai_2_n10_s42_default_minfarthestpose_sharedcam,,,/home/ojab2/work/git/vggt/colmap_outputs/bonsai_2_n10_s42_default_minfarthestpose_sharedcam/failed_eval.json,,colmap,10.0
colmap,10,42,,,,,,,0,10,minfarthestpose,,,,,,,False,,,,,0.0,,False,1.0,1.0,vggt,ship,pinhole,,,,default,MCMC,,,,,Shared Cam,,,,,,failed_sfm,,synthetic,,,,,,,,,,,,/home/ojab2/work/git/vggt/colmap_outputs/ship_1_n10_s42_default_mpinhole_minfarthestpose_sharedcam/failed_eval.json,,ship_1_n10_s42_default_mpinhole_minfarthestpose_sharedcam,,,,,,,,,,,,,ship_1_n10_s42_default_mpinhole_minfarthestpose_sharedcam,,,/home/ojab2/work/git/vggt/colmap_outputs/ship_1_n10_s42_default_mpinhole_minfarthestpose_sharedcam/failed_eval.json,,colmap,10.0
vggt,10,42,0.0,100000,random,,,,0,10,minfarthestpose,10,GT Eval,,,,,False,,,,,0.0,,False,1.0,1.0,vggt,bicycle,,,15000,15000,,MCMC,,,,,,,,,,,gsplat,,outdoor,14.79854679107666,0.5090194940567017,0.1662842333316803,1000000,0.026726771146059036,1.1783794164657593,,,-0.03648741118237131,0.48507468689116895,100000,/home/ojab2/work/git/gsplat/results/vggt_outputs/bicycle_4_n10_s42_c0.0_p100000_random_minfarthestpose_i10_gteval_steps15000/stats/val_step14999.json,/home/ojab2/work/git/gsplat/results/vggt_outputs/bicycle_4_n10_s42_c0.0_p100000_random_minfarthestpose_i10_gteval_steps15000/stats/val_step14999.json,bicycle_4_n10_s42_c0.0_p100000_random_minfarthestpose_i10_gteval_steps15000,1.1783,0.108132,10,5.202234,,,,,,,,/home/ojab2/work/git/vggt/vggt_outputs/bicycle_4_n10_s42_c0.0_p100000_random_minfarthestpose/eval_results.json,bicycle_4_n10_s42_c0.0_p100000_random_minfarthestpose,bicycle_4_n10_s42_c0.0_p100000_random_minfarthestpose_i10_gteval_steps15000_val_step14999.json,100000,,,vggt,10.0
vggt,10,42,0.0,100000,random,,,,0,10,minfarthestpose,10,GT Eval,,,,,False,,,,,0.0,,False,1.0,1.0,vggt,bonsai,,,15000,15000,,MCMC,,,,,,,,,,,gsplat,,indoor,14.680450439453125,0.5291067957878113,0.4628664553165436,1000000,0.02648618258535862,1.2919963598251343,,,0.12236594627087889,0.4320126787263113,100000,/home/ojab2/work/git/gsplat/results/vggt_outputs/bonsai_2_n10_s42_c0.0_p100000_random_minfarthestpose_i10_gteval_steps15000/stats/val_step14999.json,/home/ojab2/work/git/gsplat/results/vggt_outputs/bonsai_2_n10_s42_c0.0_p100000_random_minfarthestpose_i10_gteval_steps15000/stats/val_step14999.json,bonsai_2_n10_s42_c0.0_p100000_random_minfarthestpose_i10_gteval_steps15000,1.2921,0.111946,10,8.425772,,,,,,,,/home/ojab2/work/git/vggt/vggt_outputs/bonsai_2_n10_s42_c0.0_p100000_random_minfarthestpose/eval_results.json,bonsai_2_n10_s42_c0.0_p100000_random_minfarthestpose,bonsai_2_n10_s42_c0.0_p100000_random_minfarthestpose_i10_gteval_steps15000_val_step14999.json,100000,,,vggt,10.0
vggt,10,42,0.0,100000,random,,,,0,10,minfarthestpose,10,GT Eval,,,,,False,,,,,0.0,,False,1.0,1.0,vggt,ship,,,15000,15000,,MCMC,,,,,,,,,,,gsplat,,synthetic,18.909725189208984,0.26134586334228516,0.6415600776672363,1000000,0.009871437214314938,0.7716943025588989,0.19093553721904755,0.040862467139959335,0.47046956960220776,0.29096602233620483,100000,/home/ojab2/work/git/gsplat/results/vggt_outputs/ship_1_n10_s42_c0.0_p100000_random_minfarthestpose_i10_gteval_steps15000/stats/val_step14999.json,/home/ojab2/work/git/gsplat/results/vggt_outputs/ship_1_n10_s42_c0.0_p100000_random_minfarthestpose_i10_gteval_steps15000/stats/val_step14999.json,ship_1_n10_s42_c0.0_p100000_random_minfarthestpose_i10_gteval_steps15000,0.7716,0.037021,10,4.467257,0.126,0.0336,0.2577,,,,,/home/ojab2/work/git/vggt/vggt_outputs/ship_1_n10_s42_c0.0_p100000_random_minfarthestpose/eval_results.json,ship_1_n10_s42_c0.0_p100000_random_minfarthestpose,ship_1_n10_s42_c0.0_p100000_random_minfarthestpose_i10_gteval_steps15000_val_step14999.json,100000,,,vggt,10.0
colmap,20,42,,,,,,,0,10,minfarthestpose,,,,,,,False,,,,,0.0,,False,1.0,1.0,vggt,bicycle,,,,,default,MCMC,,,,,Shared Cam,,,,,,failed_sfm,,outdoor,,,,,,,,,,,,/home/ojab2/work/git/vggt/colmap_outputs/bicycle_4_n20_s42_default_minfarthestpose_sharedcam/failed_eval.json,,bicycle_4_n20_s42_default_minfarthestpose_sharedcam,,,,,,,,,,,,,bicycle_4_n20_s42_default_minfarthestpose_sharedcam,,,/home/ojab2/work/git/vggt/colmap_outputs/bicycle_4_n20_s42_default_minfarthestpose_sharedcam/failed_eval.json,,colmap,20.0
vggt,20,42,0.0,100000,random,,,,0,10,minfarthestpose,20,GT Eval,,,,,False,,,,,0.0,,False,1.0,1.0,vggt,bicycle,,,15000,15000,,MCMC,,,,,,,,,,,gsplat,,outdoor,16.030118942260742,0.4482399523258209,0.1950506567955017,1000000,0.021553462371230125,1.0604829788208008,,,0.04066018600445279,0.45679163609067436,100000,/home/ojab2/work/git/gsplat/results/vggt_outputs/bicycle_4_n20_s42_c0.0_p100000_random_minfarthestpose_i20_gteval_steps15000/stats/val_step14999.json,/home/ojab2/work/git/gsplat/results/vggt_outputs/bicycle_4_n20_s42_c0.0_p100000_random_minfarthestpose_i20_gteval_steps15000/stats/val_step14999.json,bicycle_4_n20_s42_c0.0_p100000_random_minfarthestpose_i20_gteval_steps15000,1.0605,0.087384,20,4.994108,,,,,,,,/home/ojab2/work/git/vggt/vggt_outputs/bicycle_4_n20_s42_c0.0_p100000_random_minfarthestpose/eval_results.json,bicycle_4_n20_s42_c0.0_p100000_random_minfarthestpose,bicycle_4_n20_s42_c0.0_p100000_random_minfarthestpose_i20_gteval_steps15000_val_step14999.json,100000,,,vggt,20.0
vggt,20,42,0.0,100000,random,,,,0,10,minfarthestpose,20,GT Eval,,,,,False,,,,,0.0,,False,1.0,1.0,vggt,bonsai,,,15000,15000,,MCMC,,,,,,,,,,,gsplat,,indoor,16.707454681396484,0.4371567368507385,0.5229406952857971,1000000,0.02212984301149845,0.98356693983078,,,0.25179349198753453,0.3830648298504675,100000,/home/ojab2/work/git/gsplat/results/vggt_outputs/bonsai_2_n20_s42_c0.0_p100000_random_minfarthestpose_i20_gteval_steps15000/stats/val_step14999.json,/home/ojab2/work/git/gsplat/results/vggt_outputs/bonsai_2_n20_s42_c0.0_p100000_random_minfarthestpose_i20_gteval_steps15000/stats/val_step14999.json,bonsai_2_n20_s42_c0.0_p100000_random_minfarthestpose_i20_gteval_steps15000,0.9837,0.09479,20,7.611343,,,,,,,,/home/ojab2/work/git/vggt/vggt_outputs/bonsai_2_n20_s42_c0.0_p100000_random_minfarthestpose/eval_results.json,bonsai_2_n20_s42_c0.0_p100000_random_minfarthestpose,bonsai_2_n20_s42_c0.0_p100000_random_minfarthestpose_i20_gteval_steps15000_val_step14999.json,100000,,,vggt,20.0
vggt,20,42,0.0,100000,random,,,,0,10,minfarthestpose,20,GT Eval,,,,,False,,,,,0.0,,False,1.0,1.0,vggt,ship,,,15000,15000,,MCMC,,,,,,,,,,,gsplat,,synthetic,20.027416229248047,0.186526820063591,0.6759863495826721,1000000,0.007818391546607018,0.5132545232772827,0.16111473739147186,0.03304129093885422,0.557484469199196,0.25522862002535596,100000,/home/ojab2/work/git/gsplat/results/vggt_outputs/ship_1_n20_s42_c0.0_p100000_random_minfarthestpose_i20_gteval_steps15000/stats/val_step14999.json,/home/ojab2/work/git/gsplat/results/vggt_outputs/ship_1_n20_s42_c0.0_p100000_random_minfarthestpose_i20_gteval_steps15000/stats/val_step14999.json,ship_1_n20_s42_c0.0_p100000_random_minfarthestpose_i20_gteval_steps15000,0.5132,0.028919,20,4.444803,0.1236,0.0336,0.2593,,,,,/home/ojab2/work/git/vggt/vggt_outputs/ship_1_n20_s42_c0.0_p100000_random_minfarthestpose/eval_results.json,ship_1_n20_s42_c0.0_p100000_random_minfarthestpose,ship_1_n20_s42_c0.0_p100000_random_minfarthestpose_i20_gteval_steps15000_val_step14999.json,100000,,,vggt,20.0
vggt,30,42,0.0,100000,random,,,,0,10,minfarthestpose,30,GT Eval,,,,,False,,,,,0.0,,False,1.0,1.0,vggt,bicycle,,,15000,15000,,MCMC,,,,,,,,,,,gsplat,,outdoor,16.636945724487305,0.41680651903152466,0.2121407836675644,1000000,0.016514483839273453,0.7505165338516235,,,0.08129529913498879,0.44203771672728653,100000,/home/ojab2/work/git/gsplat/results/vggt_outputs/bicycle_4_n30_s42_c0.0_p100000_random_minfarthestpose_i30_gteval_steps15000/stats/val_step14999.json,/home/ojab2/work/git/gsplat/results/vggt_outputs/bicycle_4_n30_s42_c0.0_p100000_random_minfarthestpose_i30_gteval_steps15000/stats/val_step14999.json,bicycle_4_n30_s42_c0.0_p100000_random_minfarthestpose_i30_gteval_steps15000,0.7506,0.068725,30,4.831484,,,,,,,,/home/ojab2/work/git/vggt/vggt_outputs/bicycle_4_n30_s42_c0.0_p100000_random_minfarthestpose/eval_results.json,bicycle_4_n30_s42_c0.0_p100000_random_minfarthestpose,bicycle_4_n30_s42_c0.0_p100000_random_minfarthestpose_i30_gteval_steps15000_val_step14999.json,100000,,,vggt,30.0
vggt,30,42,0.0,100000,random,,,,0,10,minfarthestpose,30,GT Eval,,,,,False,,,,,0.0,,False,1.0,1.0,vggt,bonsai,,,15000,15000,,MCMC,,,,,,,,,,,gsplat,,indoor,17.34124183654785,0.41418278217315674,0.5407585501670837,1000000,0.02045520581305027,0.8883591294288635,,,0.28813154283787534,0.3701004061336487,100000,/home/ojab2/work/git/gsplat/results/vggt_outputs/bonsai_2_n30_s42_c0.0_p100000_random_minfarthestpose_i30_gteval_steps15000/stats/val_step14999.json,/home/ojab2/work/git/gsplat/results/vggt_outputs/bonsai_2_n30_s42_c0.0_p100000_random_minfarthestpose_i30_gteval_steps15000/stats/val_step14999.json,bonsai_2_n30_s42_c0.0_p100000_random_minfarthestpose_i30_gteval_steps15000,0.8884,0.089827,30,7.587343,,,,,,,,/home/ojab2/work/git/vggt/vggt_outputs/bonsai_2_n30_s42_c0.0_p100000_random_minfarthestpose/eval_results.json,bonsai_2_n30_s42_c0.0_p100000_random_minfarthestpose,bonsai_2_n30_s42_c0.0_p100000_random_minfarthestpose_i30_gteval_steps15000_val_step14999.json,100000,,,vggt,30.0
vggt,30,42,0.0,100000,random,,,,0,10,minfarthestpose,30,GT Eval,,,,,False,,,,,0.0,,False,1.0,1.0,vggt,ship,,,15000,15000,,MCMC,,,,,,,,,,,gsplat,,synthetic,21.102449417114258,0.1715504378080368,0.6921290755271912,1000000,0.008310580626130104,0.4880720376968384,0.1534479707479477,0.0298575758934021,0.5960773622122114,0.24472323601271284,100000,/home/ojab2/work/git/gsplat/results/vggt_outputs/ship_1_n30_s42_c0.0_p100000_random_minfarthestpose_i30_gteval_steps15000/stats/val_step14999.json,/home/ojab2/work/git/gsplat/results/vggt_outputs/ship_1_n30_s42_c0.0_p100000_random_minfarthestpose_i30_gteval_steps15000/stats/val_step14999.json,ship_1_n30_s42_c0.0_p100000_random_minfarthestpose_i30_gteval_steps15000,0.4879,0.028712,30,4.427395,0.115,0.0311,0.2507,,,,,/home/ojab2/work/git/vggt/vggt_outputs/ship_1_n30_s42_c0.0_p100000_random_minfarthestpose/eval_results.json,ship_1_n30_s42_c0.0_p100000_random_minfarthestpose,ship_1_n30_s42_c0.0_p100000_random_minfarthestpose_i30_gteval_steps15000_val_step14999.json,100000,,,vggt,30.0
vggt,40,42,0.0,100000,random,,,,0,10,minfarthestpose,40,GT Eval,,,,,False,,,,,0.0,,False,1.0,1.0,vggt,bicycle,,,15000,15000,,MCMC,,,,,,,,,,,gsplat,,outdoor,16.837194442749023,0.40848785638809204,0.2244861125946045,1000000,0.01769711822271347,0.706636905670166,,,0.09735807627342681,0.43661177017663394,100000,/home/ojab2/work/git/gsplat/results/vggt_outputs/bicycle_4_n40_s42_c0.0_p100000_random_minfarthestpose_i40_gteval_steps15000/stats/val_step14999.json,/home/ojab2/work/git/gsplat/results/vggt_outputs/bicycle_4_n40_s42_c0.0_p100000_random_minfarthestpose_i40_gteval_steps15000/stats/val_step14999.json,bicycle_4_n40_s42_c0.0_p100000_random_minfarthestpose_i40_gteval_steps15000,0.7065,0.072581,40,4.875992,,,,,,,,/home/ojab2/work/git/vggt/vggt_outputs/bicycle_4_n40_s42_c0.0_p100000_random_minfarthestpose/eval_results.json,bicycle_4_n40_s42_c0.0_p100000_random_minfarthestpose,bicycle_4_n40_s42_c0.0_p100000_random_minfarthestpose_i40_gteval_steps15000_val_step14999.json,100000,,,vggt,40.0
vggt,40,42,0.0,100000,random,,,,0,10,minfarthestpose,40,GT Eval,,,,,False,,,,,0.0,,False,1.0,1.0,vggt,bonsai,,,15000,15000,,MCMC,,,,,,,,,,,gsplat,,indoor,17.72458267211914,0.38921311497688293,0.5569648146629333,1000000,0.022790133953094482,0.7294183969497681,,,0.32012116967121296,0.3572361931125659,100000,/home/ojab2/work/git/gsplat/results/vggt_outputs/bonsai_2_n40_s42_c0.0_p100000_random_minfarthestpose_i40_gteval_steps15000/stats/val_step14999.json,/home/ojab2/work/git/gsplat/results/vggt_outputs/bonsai_2_n40_s42_c0.0_p100000_random_minfarthestpose_i40_gteval_steps15000/stats/val_step14999.json,bonsai_2_n40_s42_c0.0_p100000_random_minfarthestpose_i40_gteval_steps15000,0.7294,0.097202,40,7.731085,,,,,,,,/home/ojab2/work/git/vggt/vggt_outputs/bonsai_2_n40_s42_c0.0_p100000_random_minfarthestpose/eval_results.json,bonsai_2_n40_s42_c0.0_p100000_random_minfarthestpose,bonsai_2_n40_s42_c0.0_p100000_random_minfarthestpose_i40_gteval_steps15000_val_step14999.json,100000,,,vggt,40.0
vggt,40,42,0.0,100000,random,,,,0,10,minfarthestpose,40,GT Eval,,,,,False,,,,,0.0,,False,1.0,1.0,vggt,ship,,,15000,15000,,MCMC,,,,,,,,,,,gsplat,,synthetic,21.53786849975586,0.1613789200782776,0.6977256536483765,1000000,0.0066832988522946835,0.43774279952049255,0.11549045890569687,0.02954692579805851,0.6136922459078733,0.2393972462237454,100000,/home/ojab2/work/git/gsplat/results/vggt_outputs/ship_1_n40_s42_c0.0_p100000_random_minfarthestpose_i40_gteval_steps15000/stats/val_step14999.json,/home/ojab2/work/git/gsplat/results/vggt_outputs/ship_1_n40_s42_c0.0_p100000_random_minfarthestpose_i40_gteval_steps15000/stats/val_step14999.json,ship_1_n40_s42_c0.0_p100000_random_minfarthestpose_i40_gteval_steps15000,0.4376,0.028573,40,4.214055,0.1027,0.0277,0.2431,,,,,/home/ojab2/work/git/vggt/vggt_outputs/ship_1_n40_s42_c0.0_p100000_random_minfarthestpose/eval_results.json,ship_1_n40_s42_c0.0_p100000_random_minfarthestpose,ship_1_n40_s42_c0.0_p100000_random_minfarthestpose_i40_gteval_steps15000_val_step14999.json,100000,,,vggt,40.0
vggt,50,42,0.0,100000,random,,,,0,10,minfarthestpose,50,GT Eval,,,,,False,,,,,0.0,,False,1.0,1.0,vggt,bicycle,,,15000,15000,,MCMC,,,,,,,,,,,gsplat,,outdoor,17.12584686279297,0.41138193011283875,0.23516662418842316,1000000,0.017646068707108498,0.8230519890785217,,,0.10716293940999591,0.4351040676167721,100000,/home/ojab2/work/git/gsplat/results/vggt_outputs/bicycle_4_n50_s42_c0.0_p100000_random_minfarthestpose_i50_gteval_steps15000/stats/val_step14999.json,/home/ojab2/work/git/gsplat/results/vggt_outputs/bicycle_4_n50_s42_c0.0_p100000_random_minfarthestpose_i50_gteval_steps15000/stats/val_step14999.json,bicycle_4_n50_s42_c0.0_p100000_random_minfarthestpose_i50_gteval_steps15000,0.8231,0.071475,50,4.844657,,,,,,,,/home/ojab2/work/git/vggt/vggt_outputs/bicycle_4_n50_s42_c0.0_p100000_random_minfarthestpose/eval_results.json,bicycle_4_n50_s42_c0.0_p100000_random_minfarthestpose,bicycle_4_n50_s42_c0.0_p100000_random_minfarthestpose_i50_gteval_steps15000_val_step14999.json,100000,,,vggt,50.0
vggt,50,42,0.0,100000,random,,,,0,10,minfarthestpose,50,GT Eval,,,,,False,,,,,0.0,,False,1.0,1.0,vggt,bonsai,,,15000,15000,,MCMC,,,,,,,,,,,gsplat,,indoor,17.975473403930664,0.39067938923835754,0.5657995343208313,1000000,0.023220835253596306,0.8014442324638367,,,0.32902868948949476,0.3551856580953632,100000,/home/ojab2/work/git/gsplat/results/vggt_outputs/bonsai_2_n50_s42_c0.0_p100000_random_minfarthestpose_i50_gteval_steps15000/stats/val_step14999.json,/home/ojab2/work/git/gsplat/results/vggt_outputs/bonsai_2_n50_s42_c0.0_p100000_random_minfarthestpose_i50_gteval_steps15000/stats/val_step14999.json,bonsai_2_n50_s42_c0.0_p100000_random_minfarthestpose_i50_gteval_steps15000,0.8014,0.095395,50,7.828728,,,,,,,,/home/ojab2/work/git/vggt/vggt_outputs/bonsai_2_n50_s42_c0.0_p100000_random_minfarthestpose/eval_results.json,bonsai_2_n50_s42_c0.0_p100000_random_minfarthestpose,bonsai_2_n50_s42_c0.0_p100000_random_minfarthestpose_i50_gteval_steps15000_val_step14999.json,100000,,,vggt,50.0
vggt,50,42,0.0,100000,random,,,,0,10,minfarthestpose,50,GT Eval,,,,,False,,,,,0.0,,False,1.0,1.0,vggt,ship,,,15000,15000,,MCMC,,,,,,,,,,,gsplat,,synthetic,21.57290267944336,0.15862883627414703,0.700731098651886,1000000,0.007174301892518997,0.4498891830444336,0.09724590182304382,0.0242744330316782,0.6177961797858307,0.2375483995476707,100000,/home/ojab2/work/git/gsplat/results/vggt_outputs/ship_1_n50_s42_c0.0_p100000_random_minfarthestpose_i50_gteval_steps15000/stats/val_step14999.json,/home/ojab2/work/git/gsplat/results/vggt_outputs/ship_1_n50_s42_c0.0_p100000_random_minfarthestpose_i50_gteval_steps15000/stats/val_step14999.json,ship_1_n50_s42_c0.0_p100000_random_minfarthestpose_i50_gteval_steps15000,0.4503,0.029935,50,4.216293,0.0998,0.0269,0.24,,,,,/home/ojab2/work/git/vggt/vggt_outputs/ship_1_n50_s42_c0.0_p100000_random_minfarthestpose/eval_results.json,ship_1_n50_s42_c0.0_p100000_random_minfarthestpose,ship_1_n50_s42_c0.0_p100000_random_minfarthestpose_i50_gteval_steps15000_val_step14999.json,100000,,,vggt,50.0
vggt,60,42,0.0,100000,random,,,,0,10,minfarthestpose,60,GT Eval,,,,,False,,,,,0.0,,False,1.0,1.0,vggt,bicycle,,,15000,15000,,MCMC,,,,,,,,,,,gsplat,,outdoor,17.196531295776367,0.40759557485580444,0.2425255924463272,1000000,0.01598297990858555,0.7341469526290894,,,0.11511265693197321,0.4323318212266714,100000,/home/ojab2/work/git/gsplat/results/vggt_outputs/bicycle_4_n60_s42_c0.0_p100000_random_minfarthestpose_i60_gteval_steps15000/stats/val_step14999.json,/home/ojab2/work/git/gsplat/results/vggt_outputs/bicycle_4_n60_s42_c0.0_p100000_random_minfarthestpose_i60_gteval_steps15000/stats/val_step14999.json,bicycle_4_n60_s42_c0.0_p100000_random_minfarthestpose_i60_gteval_steps15000,0.7342,0.065719,60,4.937964,,,,,,,,/home/ojab2/work/git/vggt/vggt_outputs/bicycle_4_n60_s42_c0.0_p100000_random_minfarthestpose/eval_results.json,bicycle_4_n60_s42_c0.0_p100000_random_minfarthestpose,bicycle_4_n60_s42_c0.0_p100000_random_minfarthestpose_i60_gteval_steps15000_val_step14999.json,100000,,,vggt,60.0
vggt,60,42,0.0,100000,random,,,,0,10,minfarthestpose,60,GT Eval,,,,,False,,,,,0.0,,False,1.0,1.0,vggt,bonsai,,,15000,15000,,MCMC,,,,,,,,,,,gsplat,,indoor,17.90055274963379,0.3913314938545227,0.5682401657104492,1000000,0.024403369054198265,0.8877549767494202,,,0.32866600607028634,0.3548772913854095,100000,/home/ojab2/work/git/gsplat/results/vggt_outputs/bonsai_2_n60_s42_c0.0_p100000_random_minfarthestpose_i60_gteval_steps15000/stats/val_step14999.json,/home/ojab2/work/git/gsplat/results/vggt_outputs/bonsai_2_n60_s42_c0.0_p100000_random_minfarthestpose_i60_gteval_steps15000/stats/val_step14999.json,bonsai_2_n60_s42_c0.0_p100000_random_minfarthestpose_i60_gteval_steps15000,0.8878,0.10213,60,7.775817,,,,,,,,/home/ojab2/work/git/vggt/vggt_outputs/bonsai_2_n60_s42_c0.0_p100000_random_minfarthestpose/eval_results.json,bonsai_2_n60_s42_c0.0_p100000_random_minfarthestpose,bonsai_2_n60_s42_c0.0_p100000_random_minfarthestpose_i60_gteval_steps15000_val_step14999.json,100000,,,vggt,60.0
vggt,60,42,0.0,100000,random,,,,0,10,minfarthestpose,60,GT Eval,,,,,False,,,,,0.0,,False,1.0,1.0,vggt,ship,,,15000,15000,,MCMC,,,,,,,,,,,gsplat,,synthetic,21.521196365356445,0.16084079444408417,0.7061067223548889,1000000,0.006673403549939394,0.4698730707168579,0.11026576161384583,0.028913933783769608,0.6186168887655482,0.23666834362072423,100000,/home/ojab2/work/git/gsplat/results/vggt_outputs/ship_1_n60_s42_c0.0_p100000_random_minfarthestpose_i60_gteval_steps15000/stats/val_step14999.json,/home/ojab2/work/git/gsplat/results/vggt_outputs/ship_1_n60_s42_c0.0_p100000_random_minfarthestpose_i60_gteval_steps15000/stats/val_step14999.json,ship_1_n60_s42_c0.0_p100000_random_minfarthestpose_i60_gteval_steps15000,0.47,0.029124,60,4.21936,0.1007,0.0271,0.2402,,,,,/home/ojab2/work/git/vggt/vggt_outputs/ship_1_n60_s42_c0.0_p100000_random_minfarthestpose/eval_results.json,ship_1_n60_s42_c0.0_p100000_random_minfarthestpose,ship_1_n60_s42_c0.0_p100000_random_minfarthestpose_i60_gteval_steps15000_val_step14999.json,100000,,,vggt,60.0
vggt,70,42,0.0,100000,random,,,,0,10,minfarthestpose,70,GT Eval,,,,,False,,,,,0.0,,False,1.0,1.0,vggt,bicycle,,,15000,15000,,MCMC,,,,,,,,,,,gsplat,,outdoor,17.303333282470703,0.4162306487560272,0.24821975827217102,1000000,0.01512779202312231,0.876844584941864,,,0.11509010050496633,0.4339632838001787,100000,/home/ojab2/work/git/gsplat/results/vggt_outputs/bicycle_4_n70_s42_c0.0_p100000_random_minfarthestpose_i70_gteval_steps15000/stats/val_step14999.json,/home/ojab2/work/git/gsplat/results/vggt_outputs/bicycle_4_n70_s42_c0.0_p100000_random_minfarthestpose_i70_gteval_steps15000/stats/val_step14999.json,bicycle_4_n70_s42_c0.0_p100000_random_minfarthestpose_i70_gteval_steps15000,0.8769,0.061125,70,4.877382,,,,,,,,/home/ojab2/work/git/vggt/vggt_outputs/bicycle_4_n70_s42_c0.0_p100000_random_minfarthestpose/eval_results.json,bicycle_4_n70_s42_c0.0_p100000_random_minfarthestpose,bicycle_4_n70_s42_c0.0_p100000_random_minfarthestpose_i70_gteval_steps15000_val_step14999.json,100000,,,vggt,70.0
vggt,70,42,0.0,100000,random,,,,0,10,minfarthestpose,70,GT Eval,,,,,False,,,,,0.0,,False,1.0,1.0,vggt,bonsai,,,15000,15000,,MCMC,,,,,,,,,,,gsplat,,indoor,18.378971099853516,0.37480518221855164,0.5808663368225098,1000000,0.024162106215953827,0.8060982823371887,,,0.35511075788074076,0.3455783568279357,100000,/home/ojab2/work/git/gsplat/results/vggt_outputs/bonsai_2_n70_s42_c0.0_p100000_random_minfarthestpose_i70_gteval_steps15000/stats/val_step14999.json,/home/ojab2/work/git/gsplat/results/vggt_outputs/bonsai_2_n70_s42_c0.0_p100000_random_minfarthestpose_i70_gteval_steps15000/stats/val_step14999.json,bonsai_2_n70_s42_c0.0_p100000_random_minfarthestpose_i70_gteval_steps15000,0.806,0.10116,70,7.70233,,,,,,,,/home/ojab2/work/git/vggt/vggt_outputs/bonsai_2_n70_s42_c0.0_p100000_random_minfarthestpose/eval_results.json,bonsai_2_n70_s42_c0.0_p100000_random_minfarthestpose,bonsai_2_n70_s42_c0.0_p100000_random_minfarthestpose_i70_gteval_steps15000_val_step14999.json,100000,,,vggt,70.0
vggt,70,42,0.0,100000,random,,,,0,10,minfarthestpose,70,GT Eval,,,,,False,,,,,0.0,,False,1.0,1.0,vggt,ship,,,15000,15000,,MCMC,,,,,,,,,,,gsplat,,synthetic,22.085920333862305,0.15144316852092743,0.7295990586280823,1000000,0.007405884098261595,0.4912509322166443,0.09484874457120895,0.02375170961022377,0.6486139520373415,0.2258766819745325,100000,/home/ojab2/work/git/gsplat/results/vggt_outputs/ship_1_n70_s42_c0.0_p100000_random_minfarthestpose_i70_gteval_steps15000/stats/val_step14999.json,/home/ojab2/work/git/gsplat/results/vggt_outputs/ship_1_n70_s42_c0.0_p100000_random_minfarthestpose_i70_gteval_steps15000/stats/val_step14999.json,ship_1_n70_s42_c0.0_p100000_random_minfarthestpose_i70_gteval_steps15000,0.4913,0.030434,70,4.211942,0.0977,0.0263,0.2382,,,,,/home/ojab2/work/git/vggt/vggt_outputs/ship_1_n70_s42_c0.0_p100000_random_minfarthestpose/eval_results.json,ship_1_n70_s42_c0.0_p100000_random_minfarthestpose,ship_1_n70_s42_c0.0_p100000_random_minfarthestpose_i70_gteval_steps15000_val_step14999.json,100000,,,vggt,70.0
vggt,80,42,0.0,100000,random,,,,0,10,minfarthestpose,80,GT Eval,,,,,False,,,,,0.0,,False,1.0,1.0,vggt,bicycle,,,15000,15000,,MCMC,,,,,,,,,,,gsplat,,outdoor,16.890607833862305,0.43058598041534424,0.24954284727573395,1000000,0.015153047628700733,0.9233492612838745,,,0.09935945706215676,0.4391122878754845,100000,/home/ojab2/work/git/gsplat/results/vggt_outputs/bicycle_4_n80_s42_c0.0_p100000_random_minfarthestpose_i80_gteval_steps15000/stats/val_step14999.json,/home/ojab2/work/git/gsplat/results/vggt_outputs/bicycle_4_n80_s42_c0.0_p100000_random_minfarthestpose_i80_gteval_steps15000/stats/val_step14999.json,bicycle_4_n80_s42_c0.0_p100000_random_minfarthestpose_i80_gteval_steps15000,0.9233,0.065463,80,5.217082,,,,,,,,/home/ojab2/work/git/vggt/vggt_outputs/bicycle_4_n80_s42_c0.0_p100000_random_minfarthestpose/eval_results.json,bicycle_4_n80_s42_c0.0_p100000_random_minfarthestpose,bicycle_4_n80_s42_c0.0_p100000_random_minfarthestpose_i80_gteval_steps15000_val_step14999.json,100000,,,vggt,80.0
vggt,80,42,0.0,100000,random,,,,0,10,minfarthestpose,80,GT Eval,,,,,False,,,,,0.0,,False,1.0,1.0,vggt,bonsai,,,15000,15000,,MCMC,,,,,,,,,,,gsplat,,indoor,18.27854347229004,0.3789374530315399,0.5839003324508667,1000000,0.02335357293486595,0.8208662867546082,,,0.3524744689968052,0.3462865576713511,100000,/home/ojab2/work/git/gsplat/results/vggt_outputs/bonsai_2_n80_s42_c0.0_p100000_random_minfarthestpose_i80_gteval_steps15000/stats/val_step14999.json,/home/ojab2/work/git/gsplat/results/vggt_outputs/bonsai_2_n80_s42_c0.0_p100000_random_minfarthestpose_i80_gteval_steps15000/stats/val_step14999.json,bonsai_2_n80_s42_c0.0_p100000_random_minfarthestpose_i80_gteval_steps15000,0.8208,0.096051,80,7.780013,,,,,,,,/home/ojab2/work/git/vggt/vggt_outputs/bonsai_2_n80_s42_c0.0_p100000_random_minfarthestpose/eval_results.json,bonsai_2_n80_s42_c0.0_p100000_random_minfarthestpose,bonsai_2_n80_s42_c0.0_p100000_random_minfarthestpose_i80_gteval_steps15000_val_step14999.json,100000,,,vggt,80.0
vggt,80,42,0.0,100000,random,,,,0,10,minfarthestpose,80,GT Eval,,,,,False,,,,,0.0,,False,1.0,1.0,vggt,ship,,,15000,15000,,MCMC,,,,,,,,,,,gsplat,,synthetic,21.362865447998047,0.1627213954925537,0.7132570147514343,1000000,0.007938144728541374,0.4597610831260681,0.1509273499250412,0.029706543311476707,0.6187054274374979,0.23517061448316717,100000,/home/ojab2/work/git/gsplat/results/vggt_outputs/ship_1_n80_s42_c0.0_p100000_random_minfarthestpose_i80_gteval_steps15000/stats/val_step14999.json,/home/ojab2/work/git/gsplat/results/vggt_outputs/ship_1_n80_s42_c0.0_p100000_random_minfarthestpose_i80_gteval_steps15000/stats/val_step14999.json,ship_1_n80_s42_c0.0_p100000_random_minfarthestpose_i80_gteval_steps15000,0.4596,0.026099,80,4.293598,0.1029,0.0277,0.2398,,,,,/home/ojab2/work/git/vggt/vggt_outputs/ship_1_n80_s42_c0.0_p100000_random_minfarthestpose/eval_results.json,ship_1_n80_s42_c0.0_p100000_random_minfarthestpose,ship_1_n80_s42_c0.0_p100000_random_minfarthestpose_i80_gteval_steps15000_val_step14999.json,100000,,,vggt,80.0
vggt,87,42,0.0,100000,random,,,,0,10,farthestpose,87,GT Eval,,,,,False,,,,,0.0,,False,1.0,1.0,vggt,ship,,,15000,15000,,MCMC,,,,,,,,,,,gsplat,,synthetic,20.870609283447266,0.17614904046058655,0.701298177242279,1000000,0.008744901046156883,0.48666468262672424,0.1624460220336914,0.030732251703739166,0.5943074305774795,0.24362291487022897,100000,/home/ojab2/work/git/gsplat/results/vggt_outputs/ship_1_n87_s42_c0.0_p100000_random_farthestpose_i87_gteval_steps15000/stats/val_step14999.json,/home/ojab2/work/git/gsplat/results/vggt_outputs/ship_1_n87_s42_c0.0_p100000_random_farthestpose_i87_gteval_steps15000/stats/val_step14999.json,ship_1_n87_s42_c0.0_p100000_random_farthestpose_i87_gteval_steps15000,0.4869,0.027807,87,4.301907,0.1056,0.0284,0.2389,,,,,/home/ojab2/work/git/vggt/vggt_outputs/ship_1_n87_s42_c0.0_p100000_random_farthestpose/eval_results.json,ship_1_n87_s42_c0.0_p100000_random_farthestpose,ship_1_n87_s42_c0.0_p100000_random_farthestpose_i87_gteval_steps15000_val_step14999.json,100000,,,vggt,87.0
vggt,90,42,0.0,100000,random,,,,0,10,minfarthestpose,90,GT Eval,,,,,False,,,,,0.0,,False,1.0,1.0,vggt,bicycle,,,15000,15000,,MCMC,,,,,,,,,,,gsplat,,outdoor,17.289386749267578,0.4206547141075134,0.2599956691265106,1000000,0.015102081932127476,0.7367262840270996,,,0.11898742440925783,0.43318539687181074,100000,/home/ojab2/work/git/gsplat/results/vggt_outputs/bicycle_4_n90_s42_c0.0_p100000_random_minfarthestpose_i90_gteval_steps15000/stats/val_step14999.json,/home/ojab2/work/git/gsplat/results/vggt_outputs/bicycle_4_n90_s42_c0.0_p100000_random_minfarthestpose_i90_gteval_steps15000/stats/val_step14999.json,bicycle_4_n90_s42_c0.0_p100000_random_minfarthestpose_i90_gteval_steps15000,0.7367,0.06455,90,5.282349,,,,,,,,/home/ojab2/work/git/vggt/vggt_outputs/bicycle_4_n90_s42_c0.0_p100000_random_minfarthestpose/eval_results.json,bicycle_4_n90_s42_c0.0_p100000_random_minfarthestpose,bicycle_4_n90_s42_c0.0_p100000_random_minfarthestpose_i90_gteval_steps15000_val_step14999.json,100000,,,vggt,90.0
vggt,90,42,0.0,100000,random,,,,0,10,minfarthestpose,90,GT Eval,,,,,False,,,,,0.0,,False,1.0,1.0,vggt,bonsai,,,15000,15000,,MCMC,,,,,,,,,,,gsplat,,indoor,18.62593650817871,0.3721984624862671,0.5920172333717346,1000000,0.023255636915564537,0.734389066696167,,,0.3678142697567906,0.3415517998913476,100000,/home/ojab2/work/git/gsplat/results/vggt_outputs/bonsai_2_n90_s42_c0.0_p100000_random_minfarthestpose_i90_gteval_steps15000/stats/val_step14999.json,/home/ojab2/work/git/gsplat/results/vggt_outputs/bonsai_2_n90_s42_c0.0_p100000_random_minfarthestpose_i90_gteval_steps15000/stats/val_step14999.json,bonsai_2_n90_s42_c0.0_p100000_random_minfarthestpose_i90_gteval_steps15000,0.7344,0.095629,90,7.854932,,,,,,,,/home/ojab2/work/git/vggt/vggt_outputs/bonsai_2_n90_s42_c0.0_p100000_random_minfarthestpose/eval_results.json,bonsai_2_n90_s42_c0.0_p100000_random_minfarthestpose,bonsai_2_n90_s42_c0.0_p100000_random_minfarthestpose_i90_gteval_steps15000_val_step14999.json,100000,,,vggt,90.0
vggt,100,42,0.0,100000,random,,,,0,10,minfarthestpose,100,GT Eval,,,,,False,,,,,0.0,,False,1.0,1.0,vggt,bicycle,,,15000,15000,,MCMC,,,,,,,,,,,gsplat,,outdoor,17.131547927856445,0.42457109689712524,0.26422879099845886,1000000,0.015981202945113182,0.6791287064552307,,,0.11612247289814992,0.4338998287259344,100000,/home/ojab2/work/git/gsplat/results/vggt_outputs/bicycle_4_n100_s42_c0.0_p100000_random_minfarthestpose_i100_gteval_steps15000/stats/val_step14999.json,/home/ojab2/work/git/gsplat/results/vggt_outputs/bicycle_4_n100_s42_c0.0_p100000_random_minfarthestpose_i100_gteval_steps15000/stats/val_step14999.json,bicycle_4_n100_s42_c0.0_p100000_random_minfarthestpose_i100_gteval_steps15000,0.679,0.066492,100,5.275284,,,,,,,,/home/ojab2/work/git/vggt/vggt_outputs/bicycle_4_n100_s42_c0.0_p100000_random_minfarthestpose/eval_results.json,bicycle_4_n100_s42_c0.0_p100000_random_minfarthestpose,bicycle_4_n100_s42_c0.0_p100000_random_minfarthestpose_i100_gteval_steps15000_val_step14999.json,100000,,,vggt,100.0
vggt,100,42,0.0,100000,random,,,,0,10,minfarthestpose,100,GT Eval,,,,,False,,,,,0.0,,False,1.0,1.0,vggt,bonsai,,,15000,15000,,MCMC,,,,,,,,,,,gsplat,,indoor,18.664011001586914,0.373970091342926,0.595427930355072,1000000,0.023722030222415924,0.7308099269866943,,,0.3694203145477662,0.3412105901612084,100000,/home/ojab2/work/git/gsplat/results/vggt_outputs/bonsai_2_n100_s42_c0.0_p100000_random_minfarthestpose_i100_gteval_steps15000/stats/val_step14999.json,/home/ojab2/work/git/gsplat/results/vggt_outputs/bonsai_2_n100_s42_c0.0_p100000_random_minfarthestpose_i100_gteval_steps15000/stats/val_step14999.json,bonsai_2_n100_s42_c0.0_p100000_random_minfarthestpose_i100_gteval_steps15000,0.7308,0.098078,100,7.817163,,,,,,,,/home/ojab2/work/git/vggt/vggt_outputs/bonsai_2_n100_s42_c0.0_p100000_random_minfarthestpose/eval_results.json,bonsai_2_n100_s42_c0.0_p100000_random_minfarthestpose,bonsai_2_n100_s42_c0.0_p100000_random_minfarthestpose_i100_gteval_steps15000_val_step14999.json,100000,,,vggt,100.0
