method,num_images,seed,conf_thres_value,num_points,sampling_mode,near_filtering_strength,near_filtering_quorum,reconstruct_pose_opt,optimisation_iterations,optimisation_neighbourhood,image_mode,num_cameras,gt_eval,use_gt_extrinsics,use_gt_intrinsics,use_gt_points,pose_opt,pose_opt_module,eval_opt,depth_loss_mode,error_opa,depth_lambda,depth_conf_mode,choice,dataset,camera_type,copy_mode,val_step,num_steps,colmap_mode,splatting_strategy,camera_src,pcd_src,align_mode,align_glue,shared_camera,keep_backup_cams,random_init,use_ba,feature_extractor,max_ba_iterations,source,psnr,lpips,ssim,num_GS,eval_rte,eval_rre,depth_l1,depth_abs_rel,quality,avge,real_num_points,file_path,gsplat_file_path,folder,rre,rte,num_aligned,pred_depth_l1,pred_depth_absrel,pred_depth_rmse,sfm_file_path,input_folder,output_folder,initial_points,plot_series,num_images_jitter
colmap,10,42,,135,,,,,0,10,farthestpose,10,GT Eval,,,,,,,,,0.0,,colmap,bonsai,,,15000,15000,default,MCMC,,,,,Shared Cam,,,,,,gsplat,10.203524589538574,0.835077702999115,0.2639256715774536,140477,0.06167753040790558,10.937788963317871,,,-0.26575065797764874,0.596149077088616,135,/home/ojab2/work/git/gsplat/results/colmap_outputs/bonsai_2_n10_s42_default_farthestpose_sharedcam_i10_gteval_steps15000/stats/val_step14999.json,/home/ojab2/work/git/gsplat/results/colmap_outputs/bonsai_2_n10_s42_default_farthestpose_sharedcam_i10_gteval_steps15000/stats/val_step14999.json,bonsai_2_n10_s42_default_farthestpose_sharedcam_i10_gteval_steps15000,10.9378,0.183862,4,,,,/home/ojab2/work/git/vggt/colmap_outputs/bonsai_2_n10_s42_default_farthestpose_sharedcam/eval_results.json,bonsai_2_n10_s42_default_farthestpose_sharedcam,bonsai_2_n10_s42_default_farthestpose_sharedcam_i10_gteval_steps15000_val_step14999.json,135,colmap,10.0
colmap,20,42,,44,,,,,0,10,farthestpose,20,GT Eval,,,,,,,,,0.0,,colmap,bicycle,,,15000,15000,default,MCMC,,,,,Shared Cam,,,,,,gsplat,9.327774047851562,0.9867873787879944,0.011039652861654758,38969,,,,,-0.523502769271823,0.6993310048837558,44,/home/ojab2/work/git/gsplat/results/colmap_outputs/bicycle_4_n20_s42_default_farthestpose_sharedcam_i20_gteval_steps15000/stats/val_step14999.json,/home/ojab2/work/git/gsplat/results/colmap_outputs/bicycle_4_n20_s42_default_farthestpose_sharedcam_i20_gteval_steps15000/stats/val_step14999.json,bicycle_4_n20_s42_default_farthestpose_sharedcam_i20_gteval_steps15000,,,,,,,/home/ojab2/work/git/vggt/colmap_outputs/bicycle_4_n20_s42_default_farthestpose_sharedcam/eval_results.json,bicycle_4_n20_s42_default_farthestpose_sharedcam,bicycle_4_n20_s42_default_farthestpose_sharedcam_i20_gteval_steps15000_val_step14999.json,44,colmap,20.0
colmap,20,42,,91,,,,,0,10,farthestpose,20,GT Eval,,,,,,,,,0.0,,colmap,lego,pinhole,,15000,15000,default,MCMC,,,,,Shared Cam,,,,,,gsplat,10.803786277770996,0.5119118690490723,0.6756448745727539,90557,0.39187929034233093,111.38931274414062,3.9033923149108887,1.0372014045715332,0.1856218456369937,0.38817920066592554,91,/home/ojab2/work/git/gsplat/results/colmap_outputs/lego_1_n20_s42_default_mpinhole_farthestpose_sharedcam_i20_gteval_steps15000/stats/val_step14999.json,/home/ojab2/work/git/gsplat/results/colmap_outputs/lego_1_n20_s42_default_mpinhole_farthestpose_sharedcam_i20_gteval_steps15000/stats/val_step14999.json,lego_1_n20_s42_default_mpinhole_farthestpose_sharedcam_i20_gteval_steps15000,111.3893,0.022876,3,,,,/home/ojab2/work/git/vggt/colmap_outputs/lego_1_n20_s42_default_mpinhole_farthestpose_sharedcam/eval_results.json,lego_1_n20_s42_default_mpinhole_farthestpose_sharedcam,lego_1_n20_s42_default_mpinhole_farthestpose_sharedcam_i20_gteval_steps15000_val_step14999.json,91,colmap,20.0
colmap,20,42,,2440,,,,,0,10,farthestpose,20,GT Eval,,,,,,,,,0.0,,colmap,bonsai,,,15000,15000,default,MCMC,,,,,Shared Cam,,,,,,gsplat,12.78054141998291,0.5810893177986145,0.37014880776405334,1000000,0.00300606875680387,0.4538618326187134,,,0.0008736228385167744,0.4758124597534901,2440,/home/ojab2/work/git/gsplat/results/colmap_outputs/bonsai_2_n20_s42_default_farthestpose_sharedcam_i20_gteval_steps15000/stats/val_step14999.json,/home/ojab2/work/git/gsplat/results/colmap_outputs/bonsai_2_n20_s42_default_farthestpose_sharedcam_i20_gteval_steps15000/stats/val_step14999.json,bonsai_2_n20_s42_default_farthestpose_sharedcam_i20_gteval_steps15000,0.4539,0.008021,9,,,,/home/ojab2/work/git/vggt/colmap_outputs/bonsai_2_n20_s42_default_farthestpose_sharedcam/eval_results.json,bonsai_2_n20_s42_default_farthestpose_sharedcam,bonsai_2_n20_s42_default_farthestpose_sharedcam_i20_gteval_steps15000_val_step14999.json,2440,colmap,20.0
colmap,30,42,,726,,,,,0,10,farthestpose,30,GT Eval,,,,,,,,,0.0,,colmap,bicycle,,,15000,15000,default,MCMC,,,,,Shared Cam,,,,,,gsplat,12.060203552246094,0.7754727005958557,0.1813303530216217,808627,0.0060735344886779785,0.6528089046478271,,,-0.24287585874437267,0.5808344878486963,726,/home/ojab2/work/git/gsplat/results/colmap_outputs/bicycle_4_n30_s42_default_farthestpose_sharedcam_i30_gteval_steps15000/stats/val_step14999.json,/home/ojab2/work/git/gsplat/results/colmap_outputs/bicycle_4_n30_s42_default_farthestpose_sharedcam_i30_gteval_steps15000/stats/val_step14999.json,bicycle_4_n30_s42_default_farthestpose_sharedcam_i30_gteval_steps15000,0.5111,0.00955,8,,,,/home/ojab2/work/git/vggt/colmap_outputs/bicycle_4_n30_s42_default_farthestpose_sharedcam/eval_results.json,bicycle_4_n30_s42_default_farthestpose_sharedcam,bicycle_4_n30_s42_default_farthestpose_sharedcam_i30_gteval_steps15000_val_step14999.json,726,colmap,30.0
colmap,30,42,,1326,,,,,0,10,farthestpose,30,GT Eval,,,,,,,,,0.0,,colmap,lego,pinhole,,15000,15000,default,MCMC,,,,,Shared Cam,,,,,,gsplat,10.754471778869629,0.5123341083526611,0.6750344038009644,1000000,0.8643708229064941,119.95310974121094,0.47186753153800964,1.1231975555419922,0.18409097217909304,0.3888148564005959,1326,/home/ojab2/work/git/gsplat/results/colmap_outputs/lego_1_n30_s42_default_mpinhole_farthestpose_sharedcam_i30_gteval_steps15000/stats/val_step14999.json,/home/ojab2/work/git/gsplat/results/colmap_outputs/lego_1_n30_s42_default_mpinhole_farthestpose_sharedcam_i30_gteval_steps15000/stats/val_step14999.json,lego_1_n30_s42_default_mpinhole_farthestpose_sharedcam_i30_gteval_steps15000,132.5397,3.729538,19,,,,/home/ojab2/work/git/vggt/colmap_outputs/lego_1_n30_s42_default_mpinhole_farthestpose_sharedcam/eval_results.json,lego_1_n30_s42_default_mpinhole_farthestpose_sharedcam,lego_1_n30_s42_default_mpinhole_farthestpose_sharedcam_i30_gteval_steps15000_val_step14999.json,1326,colmap,30.0
colmap,30,42,,6620,,,,,0,10,farthestpose,30,GT Eval,,,,,,,,,0.0,,colmap,bonsai,,,15000,15000,default,MCMC,,,,,Shared Cam,,,,,,gsplat,12.956140518188477,0.6936205625534058,0.40043017268180847,1000000,0.17258191108703613,3.0684964656829834,,,-0.04762987280294746,0.5061889814888019,6620,/home/ojab2/work/git/gsplat/results/colmap_outputs/bonsai_2_n30_s42_default_farthestpose_sharedcam_i30_gteval_steps15000/stats/val_step14999.json,/home/ojab2/work/git/gsplat/results/colmap_outputs/bonsai_2_n30_s42_default_farthestpose_sharedcam_i30_gteval_steps15000/stats/val_step14999.json,bonsai_2_n30_s42_default_farthestpose_sharedcam_i30_gteval_steps15000,5.0799,0.503901,14,,,,/home/ojab2/work/git/vggt/colmap_outputs/bonsai_2_n30_s42_default_farthestpose_sharedcam/eval_results.json,bonsai_2_n30_s42_default_farthestpose_sharedcam,bonsai_2_n30_s42_default_farthestpose_sharedcam_i30_gteval_steps15000_val_step14999.json,6620,colmap,30.0
colmap,40,42,,1993,,,,,0,10,farthestpose,40,GT Eval,,,,,,,,,0.0,,colmap,bicycle,,,15000,15000,default,MCMC,,,,,Shared Cam,,,,,,gsplat,14.498021125793457,0.6936643719673157,0.2647492289543152,1000000,0.0052596041932702065,0.3217424154281616,,,-0.09844915219295165,0.5288765106283476,1993,/home/ojab2/work/git/gsplat/results/colmap_outputs/bicycle_4_n40_s42_default_farthestpose_sharedcam_i40_gteval_steps15000/stats/val_step14999.json,/home/ojab2/work/git/gsplat/results/colmap_outputs/bicycle_4_n40_s42_default_farthestpose_sharedcam_i40_gteval_steps15000/stats/val_step14999.json,bicycle_4_n40_s42_default_farthestpose_sharedcam_i40_gteval_steps15000,0.2627,0.018073,18,,,,/home/ojab2/work/git/vggt/colmap_outputs/bicycle_4_n40_s42_default_farthestpose_sharedcam/eval_results.json,bicycle_4_n40_s42_default_farthestpose_sharedcam,bicycle_4_n40_s42_default_farthestpose_sharedcam_i40_gteval_steps15000_val_step14999.json,1993,colmap,40.0
colmap,40,42,,2721,,,,,0,10,farthestpose,40,GT Eval,,,,,,,,,0.0,,colmap,lego,pinhole,,15000,15000,default,MCMC,,,,,Shared Cam,,,,,,gsplat,10.87772274017334,0.5230934023857117,0.6327624917030334,1000000,0.9271525144577026,106.32589721679688,1.28168785572052,0.4776190221309662,0.15501144143030812,0.4035985711348787,2721,/home/ojab2/work/git/gsplat/results/colmap_outputs/lego_1_n40_s42_default_mpinhole_farthestpose_sharedcam_i40_gteval_steps15000/stats/val_step14999.json,/home/ojab2/work/git/gsplat/results/colmap_outputs/lego_1_n40_s42_default_mpinhole_farthestpose_sharedcam_i40_gteval_steps15000/stats/val_step14999.json,lego_1_n40_s42_default_mpinhole_farthestpose_sharedcam_i40_gteval_steps15000,173.622,3.771985,36,,,,/home/ojab2/work/git/vggt/colmap_outputs/lego_1_n40_s42_default_mpinhole_farthestpose_sharedcam/eval_results.json,lego_1_n40_s42_default_mpinhole_farthestpose_sharedcam,lego_1_n40_s42_default_mpinhole_farthestpose_sharedcam_i40_gteval_steps15000_val_step14999.json,2721,colmap,40.0
colmap,40,42,,22059,,,,,0,10,farthestpose,40,GT Eval,,,,,,,,,0.0,,colmap,bonsai,,,15000,15000,default,MCMC,,,,,Shared Cam,,,,,,gsplat,16.021272659301758,0.47918105125427246,0.5187664031982422,1000000,0.027446651831269264,1.0800848007202148,,,0.2107043762033523,0.39929573416233055,22059,/home/ojab2/work/git/gsplat/results/colmap_outputs/bonsai_2_n40_s42_default_farthestpose_sharedcam_i40_gteval_steps15000/stats/val_step14999.json,/home/ojab2/work/git/gsplat/results/colmap_outputs/bonsai_2_n40_s42_default_farthestpose_sharedcam_i40_gteval_steps15000/stats/val_step14999.json,bonsai_2_n40_s42_default_farthestpose_sharedcam_i40_gteval_steps15000,1.264,0.122388,34,,,,/home/ojab2/work/git/vggt/colmap_outputs/bonsai_2_n40_s42_default_farthestpose_sharedcam/eval_results.json,bonsai_2_n40_s42_default_farthestpose_sharedcam,bonsai_2_n40_s42_default_farthestpose_sharedcam_i40_gteval_steps15000_val_step14999.json,22059,colmap,40.0
colmap,50,42,,3073,,,,,0,10,farthestpose,50,GT Eval,,,,,,,,,0.0,,colmap,bicycle,,,15000,15000,default,MCMC,,,,,Shared Cam,,,,,,gsplat,16.598623275756836,0.5833204984664917,0.29286250472068787,1000000,0.00288584316149354,0.20111431181430817,,,0.025004901926265068,0.48203990960933485,3073,/home/ojab2/work/git/gsplat/results/colmap_outputs/bicycle_4_n50_s42_default_farthestpose_sharedcam_i50_gteval_steps15000/stats/val_step14999.json,/home/ojab2/work/git/gsplat/results/colmap_outputs/bicycle_4_n50_s42_default_farthestpose_sharedcam_i50_gteval_steps15000/stats/val_step14999.json,bicycle_4_n50_s42_default_farthestpose_sharedcam_i50_gteval_steps15000,0.2327,0.008995,29,,,,/home/ojab2/work/git/vggt/colmap_outputs/bicycle_4_n50_s42_default_farthestpose_sharedcam/eval_results.json,bicycle_4_n50_s42_default_farthestpose_sharedcam,bicycle_4_n50_s42_default_farthestpose_sharedcam_i50_gteval_steps15000_val_step14999.json,3073,colmap,50.0
colmap,50,42,,3611,,,,,0,10,farthestpose,50,GT Eval,,,,,,,,,0.0,,colmap,lego,pinhole,,15000,15000,default,MCMC,,,,,Shared Cam,,,,,,gsplat,10.931468963623047,0.5264056324958801,0.5981243252754211,1000000,0.9520024061203003,132.1361846923828,0.8175212144851685,0.7882755398750305,0.13370591769983736,0.41367949497840373,3611,/home/ojab2/work/git/gsplat/results/colmap_outputs/lego_1_n50_s42_default_mpinhole_farthestpose_sharedcam_i50_gteval_steps15000/stats/val_step14999.json,/home/ojab2/work/git/gsplat/results/colmap_outputs/lego_1_n50_s42_default_mpinhole_farthestpose_sharedcam_i50_gteval_steps15000/stats/val_step14999.json,lego_1_n50_s42_default_mpinhole_farthestpose_sharedcam_i50_gteval_steps15000,144.652,3.618531,42,,,,/home/ojab2/work/git/vggt/colmap_outputs/lego_1_n50_s42_default_mpinhole_farthestpose_sharedcam/eval_results.json,lego_1_n50_s42_default_mpinhole_farthestpose_sharedcam,lego_1_n50_s42_default_mpinhole_farthestpose_sharedcam_i50_gteval_steps15000_val_step14999.json,3611,colmap,50.0
colmap,50,42,,36795,,,,,0,10,farthestpose,50,GT Eval,,,,,,,,,0.0,,colmap,bonsai,,,15000,15000,default,MCMC,,,,,Shared Cam,,,,,,gsplat,19.56189727783203,0.3011001944541931,0.6085438132286072,1000000,0.008876856416463852,0.23929256200790405,,,0.43869936295807405,0.3126087316572042,36795,/home/ojab2/work/git/gsplat/results/colmap_outputs/bonsai_2_n50_s42_default_farthestpose_sharedcam_i50_gteval_steps15000/stats/val_step14999.json,/home/ojab2/work/git/gsplat/results/colmap_outputs/bonsai_2_n50_s42_default_farthestpose_sharedcam_i50_gteval_steps15000/stats/val_step14999.json,bonsai_2_n50_s42_default_farthestpose_sharedcam_i50_gteval_steps15000,0.2274,0.036933,50,,,,/home/ojab2/work/git/vggt/colmap_outputs/bonsai_2_n50_s42_default_farthestpose_sharedcam/eval_results.json,bonsai_2_n50_s42_default_farthestpose_sharedcam,bonsai_2_n50_s42_default_farthestpose_sharedcam_i50_gteval_steps15000_val_step14999.json,36795,colmap,50.0
colmap,60,42,,4099,,,,,0,10,farthestpose,60,GT Eval,,,,,,,,,0.0,,colmap,bicycle,,,15000,15000,default,MCMC,,,,,Shared Cam,,,,,,gsplat,17.236000061035156,0.5451602935791016,0.3305085003376007,1000000,0.0031893858686089516,0.12974558770656586,,,0.08237905987212224,0.46076073535608586,4099,/home/ojab2/work/git/gsplat/results/colmap_outputs/bicycle_4_n60_s42_default_farthestpose_sharedcam_i60_gteval_steps15000/stats/val_step14999.json,/home/ojab2/work/git/gsplat/results/colmap_outputs/bicycle_4_n60_s42_default_farthestpose_sharedcam_i60_gteval_steps15000/stats/val_step14999.json,bicycle_4_n60_s42_default_farthestpose_sharedcam_i60_gteval_steps15000,0.1219,0.009703,35,,,,/home/ojab2/work/git/vggt/colmap_outputs/bicycle_4_n60_s42_default_farthestpose_sharedcam/eval_results.json,bicycle_4_n60_s42_default_farthestpose_sharedcam,bicycle_4_n60_s42_default_farthestpose_sharedcam_i60_gteval_steps15000_val_step14999.json,4099,colmap,60.0
colmap,60,42,,4942,,,,,0,10,farthestpose,60,GT Eval,,,,,,,,,0.0,,colmap,lego,pinhole,,15000,15000,default,MCMC,,,,,Shared Cam,,,,,,gsplat,10.869637489318848,0.5229114890098572,0.6601412296295166,1000000,1.0063287019729614,94.8447494506836,1.4211879968643188,1.2769876718521118,0.17098496462169446,0.3959129578091424,4942,/home/ojab2/work/git/gsplat/results/colmap_outputs/lego_1_n60_s42_default_mpinhole_farthestpose_sharedcam_i60_gteval_steps15000/stats/val_step14999.json,/home/ojab2/work/git/gsplat/results/colmap_outputs/lego_1_n60_s42_default_mpinhole_farthestpose_sharedcam_i60_gteval_steps15000/stats/val_step14999.json,lego_1_n60_s42_default_mpinhole_farthestpose_sharedcam_i60_gteval_steps15000,147.8803,3.623879,51,,,,/home/ojab2/work/git/vggt/colmap_outputs/lego_1_n60_s42_default_mpinhole_farthestpose_sharedcam/eval_results.json,lego_1_n60_s42_default_mpinhole_farthestpose_sharedcam,lego_1_n60_s42_default_mpinhole_farthestpose_sharedcam_i60_gteval_steps15000_val_step14999.json,4942,colmap,60.0
colmap,60,42,,48024,,,,,0,10,farthestpose,60,GT Eval,,,,,,,,,0.0,,colmap,bonsai,,,15000,15000,default,MCMC,,,,,Shared Cam,,,,,,gsplat,20.666831970214844,0.2531079649925232,0.6391506195068359,1000000,0.0029332858975976706,0.21371124684810638,,,0.5066846666435206,0.28746399919632887,48024,/home/ojab2/work/git/gsplat/results/colmap_outputs/bonsai_2_n60_s42_default_farthestpose_sharedcam_i60_gteval_steps15000/stats/val_step14999.json,/home/ojab2/work/git/gsplat/results/colmap_outputs/bonsai_2_n60_s42_default_farthestpose_sharedcam_i60_gteval_steps15000/stats/val_step14999.json,bonsai_2_n60_s42_default_farthestpose_sharedcam_i60_gteval_steps15000,0.2129,0.012431,60,,,,/home/ojab2/work/git/vggt/colmap_outputs/bonsai_2_n60_s42_default_farthestpose_sharedcam/eval_results.json,bonsai_2_n60_s42_default_farthestpose_sharedcam,bonsai_2_n60_s42_default_farthestpose_sharedcam_i60_gteval_steps15000_val_step14999.json,48024,colmap,60.0
colmap,70,42,,5493,,,,,0,10,farthestpose,70,GT Eval,,,,,,,,,0.0,,colmap,bicycle,,,15000,15000,default,MCMC,,,,,Shared Cam,,,,,,gsplat,17.67551040649414,0.5228040814399719,0.34432029724121094,1000000,0.002762554446235299,0.13516424596309662,,,0.11239534550630255,0.44987435568781203,5493,/home/ojab2/work/git/gsplat/results/colmap_outputs/bicycle_4_n70_s42_default_farthestpose_sharedcam_i70_gteval_steps15000/stats/val_step14999.json,/home/ojab2/work/git/gsplat/results/colmap_outputs/bicycle_4_n70_s42_default_farthestpose_sharedcam_i70_gteval_steps15000/stats/val_step14999.json,bicycle_4_n70_s42_default_farthestpose_sharedcam_i70_gteval_steps15000,0.1045,0.008959,40,,,,/home/ojab2/work/git/vggt/colmap_outputs/bicycle_4_n70_s42_default_farthestpose_sharedcam/eval_results.json,bicycle_4_n70_s42_default_farthestpose_sharedcam,bicycle_4_n70_s42_default_farthestpose_sharedcam_i70_gteval_steps15000_val_step14999.json,5493,colmap,70.0
colmap,70,42,,7210,,,,,0,10,farthestpose,70,GT Eval,,,,,,,,,0.0,,colmap,lego,pinhole,,15000,15000,default,MCMC,,,,,Shared Cam,,,,,,gsplat,21.826129913330078,0.06788375228643417,0.8252301812171936,1000000,0.002785268472507596,0.20353177189826965,0.022965850308537483,0.023467782884836197,0.7513075379813313,0.1641686193878445,7210,/home/ojab2/work/git/gsplat/results/colmap_outputs/lego_1_n70_s42_default_mpinhole_farthestpose_sharedcam_i70_gteval_steps15000/stats/val_step14999.json,/home/ojab2/work/git/gsplat/results/colmap_outputs/lego_1_n70_s42_default_mpinhole_farthestpose_sharedcam_i70_gteval_steps15000/stats/val_step14999.json,lego_1_n70_s42_default_mpinhole_farthestpose_sharedcam_i70_gteval_steps15000,0.2026,0.01069,70,,,,/home/ojab2/work/git/vggt/colmap_outputs/lego_1_n70_s42_default_mpinhole_farthestpose_sharedcam/eval_results.json,lego_1_n70_s42_default_mpinhole_farthestpose_sharedcam,lego_1_n70_s42_default_mpinhole_farthestpose_sharedcam_i70_gteval_steps15000_val_step14999.json,7210,colmap,70.0
colmap,70,42,,57878,,,,,0,10,farthestpose,70,GT Eval,,,,,,,,,0.0,,colmap,bonsai,,,15000,15000,default,MCMC,,,,,Shared Cam,,,,,,gsplat,20.396320343017578,0.2565770745277405,0.6297097206115723,1000000,0.0028445583302527666,0.26104092597961426,,,0.4940127729207684,0.2914065759491802,57878,/home/ojab2/work/git/gsplat/results/colmap_outputs/bonsai_2_n70_s42_default_farthestpose_sharedcam_i70_gteval_steps15000/stats/val_step14999.json,/home/ojab2/work/git/gsplat/results/colmap_outputs/bonsai_2_n70_s42_default_farthestpose_sharedcam_i70_gteval_steps15000/stats/val_step14999.json,bonsai_2_n70_s42_default_farthestpose_sharedcam_i70_gteval_steps15000,0.2295,0.012152,70,,,,/home/ojab2/work/git/vggt/colmap_outputs/bonsai_2_n70_s42_default_farthestpose_sharedcam/eval_results.json,bonsai_2_n70_s42_default_farthestpose_sharedcam,bonsai_2_n70_s42_default_farthestpose_sharedcam_i70_gteval_steps15000_val_step14999.json,57878,colmap,70.0
colmap,80,42,,7178,,,,,0,10,farthestpose,80,GT Eval,,,,,,,,,0.0,,colmap,bicycle,,,15000,15000,default,MCMC,,,,,Shared Cam,,,,,,gsplat,17.76422882080078,0.4812810719013214,0.3296169936656952,1000000,0.0018538631265982985,0.14882302284240723,,,0.13107134333053452,0.4389278004763071,7178,/home/ojab2/work/git/gsplat/results/colmap_outputs/bicycle_4_n80_s42_default_farthestpose_sharedcam_i80_gteval_steps15000/stats/val_step14999.json,/home/ojab2/work/git/gsplat/results/colmap_outputs/bicycle_4_n80_s42_default_farthestpose_sharedcam_i80_gteval_steps15000/stats/val_step14999.json,bicycle_4_n80_s42_default_farthestpose_sharedcam_i80_gteval_steps15000,0.1595,0.005965,48,,,,/home/ojab2/work/git/vggt/colmap_outputs/bicycle_4_n80_s42_default_farthestpose_sharedcam/eval_results.json,bicycle_4_n80_s42_default_farthestpose_sharedcam,bicycle_4_n80_s42_default_farthestpose_sharedcam_i80_gteval_steps15000_val_step14999.json,7178,colmap,80.0
colmap,80,42,,9324,,,,,0,10,farthestpose,80,GT Eval,,,,,,,,,0.0,,colmap,lego,pinhole,,15000,15000,default,MCMC,,,,,Shared Cam,,,,,,gsplat,10.938504219055176,0.47431427240371704,0.5621680617332458,1000000,0.2106112241744995,12.792558670043945,0.32420769333839417,0.34270384907722473,0.14496430605553123,0.4055228539267457,9324,/home/ojab2/work/git/gsplat/results/colmap_outputs/lego_1_n80_s42_default_mpinhole_farthestpose_sharedcam_i80_gteval_steps15000/stats/val_step14999.json,/home/ojab2/work/git/gsplat/results/colmap_outputs/lego_1_n80_s42_default_mpinhole_farthestpose_sharedcam_i80_gteval_steps15000/stats/val_step14999.json,lego_1_n80_s42_default_mpinhole_farthestpose_sharedcam_i80_gteval_steps15000,15.3915,0.895301,80,,,,/home/ojab2/work/git/vggt/colmap_outputs/lego_1_n80_s42_default_mpinhole_farthestpose_sharedcam/eval_results.json,lego_1_n80_s42_default_mpinhole_farthestpose_sharedcam,lego_1_n80_s42_default_mpinhole_farthestpose_sharedcam_i80_gteval_steps15000_val_step14999.json,9324,colmap,80.0
colmap,80,42,,64998,,,,,0,10,farthestpose,80,GT Eval,,,,,,,,,0.0,,colmap,bonsai,,,15000,15000,default,MCMC,,,,,Shared Cam,,,,,,gsplat,20.760934829711914,0.2436372935771942,0.6288368701934814,1000000,0.0033832485787570477,0.24107587337493896,,,0.5082419733090242,0.28708722543702847,64998,/home/ojab2/work/git/gsplat/results/colmap_outputs/bonsai_2_n80_s42_default_farthestpose_sharedcam_i80_gteval_steps15000/stats/val_step14999.json,/home/ojab2/work/git/gsplat/results/colmap_outputs/bonsai_2_n80_s42_default_farthestpose_sharedcam_i80_gteval_steps15000/stats/val_step14999.json,bonsai_2_n80_s42_default_farthestpose_sharedcam_i80_gteval_steps15000,0.2543,0.014815,80,,,,/home/ojab2/work/git/vggt/colmap_outputs/bonsai_2_n80_s42_default_farthestpose_sharedcam/eval_results.json,bonsai_2_n80_s42_default_farthestpose_sharedcam,bonsai_2_n80_s42_default_farthestpose_sharedcam_i80_gteval_steps15000_val_step14999.json,64998,colmap,80.0
colmap,87,42,,10069,,,,,0,10,farthestpose,87,GT Eval,,,,,,,,,0.0,,colmap,lego,pinhole,,15000,15000,default,MCMC,,,,,Shared Cam,,,,,,gsplat,24.951248168945312,0.057750023901462555,0.8941664099693298,1000000,0.11273074895143509,10.430866241455078,0.018897393718361855,0.01987577974796295,0.8557490702280368,0.12875624974605693,10069,/home/ojab2/work/git/gsplat/results/colmap_outputs/lego_1_n87_s42_default_mpinhole_farthestpose_sharedcam_i87_gteval_steps15000/stats/val_step14999.json,/home/ojab2/work/git/gsplat/results/colmap_outputs/lego_1_n87_s42_default_mpinhole_farthestpose_sharedcam_i87_gteval_steps15000/stats/val_step14999.json,lego_1_n87_s42_default_mpinhole_farthestpose_sharedcam_i87_gteval_steps15000,10.4269,0.396164,87,,,,/home/ojab2/work/git/vggt/colmap_outputs/lego_1_n87_s42_default_mpinhole_farthestpose_sharedcam/eval_results.json,lego_1_n87_s42_default_mpinhole_farthestpose_sharedcam,lego_1_n87_s42_default_mpinhole_farthestpose_sharedcam_i87_gteval_steps15000_val_step14999.json,10069,colmap,87.0
colmap,90,42,,13508,,,,,0,10,farthestpose,90,GT Eval,,,,,,,,,0.0,,colmap,bicycle,,,15000,15000,default,MCMC,,,,,Shared Cam,,,,,,gsplat,20.889169692993164,0.395292729139328,0.447834849357605,1000000,0.0020110192708671093,0.11796092987060547,,,0.31115309161129834,0.38217316296584936,13508,/home/ojab2/work/git/gsplat/results/colmap_outputs/bicycle_4_n90_s42_default_farthestpose_sharedcam_i90_gteval_steps15000/stats/val_step14999.json,/home/ojab2/work/git/gsplat/results/colmap_outputs/bicycle_4_n90_s42_default_farthestpose_sharedcam_i90_gteval_steps15000/stats/val_step14999.json,bicycle_4_n90_s42_default_farthestpose_sharedcam_i90_gteval_steps15000,0.1166,0.008212,90,,,,/home/ojab2/work/git/vggt/colmap_outputs/bicycle_4_n90_s42_default_farthestpose_sharedcam/eval_results.json,bicycle_4_n90_s42_default_farthestpose_sharedcam,bicycle_4_n90_s42_default_farthestpose_sharedcam_i90_gteval_steps15000_val_step14999.json,13508,colmap,90.0
colmap,90,42,,73160,,,,,0,10,farthestpose,90,GT Eval,,,,,,,,,0.0,,colmap,bonsai,,,15000,15000,default,MCMC,,,,,Shared Cam,,,,,,gsplat,21.677244186401367,0.22065772116184235,0.6703037619590759,1000000,0.013798060826957226,0.19432476162910461,,,0.5636452306509792,0.26721529389120463,73160,/home/ojab2/work/git/gsplat/results/colmap_outputs/bonsai_2_n90_s42_default_farthestpose_sharedcam_i90_gteval_steps15000/stats/val_step14999.json,/home/ojab2/work/git/gsplat/results/colmap_outputs/bonsai_2_n90_s42_default_farthestpose_sharedcam_i90_gteval_steps15000/stats/val_step14999.json,bonsai_2_n90_s42_default_farthestpose_sharedcam_i90_gteval_steps15000,0.187,0.059543,90,,,,/home/ojab2/work/git/vggt/colmap_outputs/bonsai_2_n90_s42_default_farthestpose_sharedcam/eval_results.json,bonsai_2_n90_s42_default_farthestpose_sharedcam,bonsai_2_n90_s42_default_farthestpose_sharedcam_i90_gteval_steps15000_val_step14999.json,73160,colmap,90.0
colmap,100,42,,17352,,,,,0,10,farthestpose,100,GT Eval,,,,,,,,,0.0,,colmap,bicycle,,,15000,15000,default,MCMC,,,,,Shared Cam,,,,,,gsplat,21.33245086669922,0.36376556754112244,0.4795043170452118,1000000,0.0017129764892160892,0.09855562448501587,,,0.3573433696410345,0.364192450848629,17352,/home/ojab2/work/git/gsplat/results/colmap_outputs/bicycle_4_n100_s42_default_farthestpose_sharedcam_i100_gteval_steps15000/stats/val_step14999.json,/home/ojab2/work/git/gsplat/results/colmap_outputs/bicycle_4_n100_s42_default_farthestpose_sharedcam_i100_gteval_steps15000/stats/val_step14999.json,bicycle_4_n100_s42_default_farthestpose_sharedcam_i100_gteval_steps15000,0.0986,0.006893,100,,,,/home/ojab2/work/git/vggt/colmap_outputs/bicycle_4_n100_s42_default_farthestpose_sharedcam/eval_results.json,bicycle_4_n100_s42_default_farthestpose_sharedcam,bicycle_4_n100_s42_default_farthestpose_sharedcam_i100_gteval_steps15000_val_step14999.json,17352,colmap,100.0
colmap,100,42,,80892,,,,,0,10,farthestpose,100,GT Eval,,,,,,,,,0.0,,colmap,bonsai,,,15000,15000,default,MCMC,,,,,Shared Cam,,,,,,gsplat,22.422779083251953,0.20355287194252014,0.6968405842781067,1000000,0.003077009692788124,0.1581190675497055,,,0.6035285908886177,0.2532921035199582,80892,/home/ojab2/work/git/gsplat/results/colmap_outputs/bonsai_2_n100_s42_default_farthestpose_sharedcam_i100_gteval_steps15000/stats/val_step14999.json,/home/ojab2/work/git/gsplat/results/colmap_outputs/bonsai_2_n100_s42_default_farthestpose_sharedcam_i100_gteval_steps15000/stats/val_step14999.json,bonsai_2_n100_s42_default_farthestpose_sharedcam_i100_gteval_steps15000,0.1581,0.013152,100,,,,/home/ojab2/work/git/vggt/colmap_outputs/bonsai_2_n100_s42_default_farthestpose_sharedcam/eval_results.json,bonsai_2_n100_s42_default_farthestpose_sharedcam,bonsai_2_n100_s42_default_farthestpose_sharedcam_i100_gteval_steps15000_val_step14999.json,80892,colmap,100.0
vggt,10,42,0.0,11000,voxels,,,,0,10,farthestpose,10,GT Eval,,,,,,,,,0.0,,vggt,bicycle,,,15000,15000,,MCMC,,,,,,,,,,,gsplat,13.803942680358887,0.6047332882881165,0.1751570999622345,1000000,0.032361723482608795,1.7481119632720947,,,-0.10879978396196957,0.5181970067821242,10481,/home/ojab2/work/git/gsplat/results/vggt_outputs/bicycle_4_n10_s42_c0.0_p11000_voxels_farthestpose_i10_gteval_steps15000/stats/val_step14999.json,/home/ojab2/work/git/gsplat/results/vggt_outputs/bicycle_4_n10_s42_c0.0_p11000_voxels_farthestpose_i10_gteval_steps15000/stats/val_step14999.json,bicycle_4_n10_s42_c0.0_p11000_voxels_farthestpose_i10_gteval_steps15000,1.7912,0.150833,10,,,,/home/ojab2/work/git/vggt/vggt_outputs/bicycle_4_n10_s42_c0.0_p11000_voxels_farthestpose/eval_results.json,bicycle_4_n10_s42_c0.0_p11000_voxels_farthestpose,bicycle_4_n10_s42_c0.0_p11000_voxels_farthestpose_i10_gteval_steps15000_val_step14999.json,10481,vggt,10.0
vggt,10,42,0.0,11000,voxels,,,,0,10,farthestpose,10,GT Eval,,,,,,,,,0.0,,vggt,bonsai,,,15000,15000,,MCMC,,,,,,,,,,,gsplat,14.363959312438965,0.5565085411071777,0.4319087862968445,1000000,0.024606790393590927,1.2121593952178955,,,0.08148644185825318,0.4489457219288152,10809,/home/ojab2/work/git/gsplat/results/vggt_outputs/bonsai_2_n10_s42_c0.0_p11000_voxels_farthestpose_i10_gteval_steps15000/stats/val_step14999.json,/home/ojab2/work/git/gsplat/results/vggt_outputs/bonsai_2_n10_s42_c0.0_p11000_voxels_farthestpose_i10_gteval_steps15000/stats/val_step14999.json,bonsai_2_n10_s42_c0.0_p11000_voxels_farthestpose_i10_gteval_steps15000,1.2224,0.101789,10,,,,/home/ojab2/work/git/vggt/vggt_outputs/bonsai_2_n10_s42_c0.0_p11000_voxels_farthestpose/eval_results.json,bonsai_2_n10_s42_c0.0_p11000_voxels_farthestpose,bonsai_2_n10_s42_c0.0_p11000_voxels_farthestpose_i10_gteval_steps15000_val_step14999.json,10809,vggt,10.0
vggt,10,42,0.0,11000,voxels,,,,0,10,farthestpose,10,GT Eval,,,,,,,,,0.0,,vggt,lego,,,15000,15000,,MCMC,,,,,,,,,,,gsplat,13.555880546569824,0.3526148498058319,0.6066633462905884,1000000,0.03559907525777817,2.5483977794647217,0.20826661586761475,0.059022851288318634,0.29457797265966806,0.34129257184878165,2674,/home/ojab2/work/git/gsplat/results/vggt_outputs/lego_1_n10_s42_c0.0_p11000_voxels_farthestpose_i10_gteval_steps15000/stats/val_step14999.json,/home/ojab2/work/git/gsplat/results/vggt_outputs/lego_1_n10_s42_c0.0_p11000_voxels_farthestpose_i10_gteval_steps15000/stats/val_step14999.json,lego_1_n10_s42_c0.0_p11000_voxels_farthestpose_i10_gteval_steps15000,2.5925,0.160213,10,0.13,0.0365,0.1676,/home/ojab2/work/git/vggt/vggt_outputs/lego_1_n10_s42_c0.0_p11000_voxels_farthestpose/eval_results.json,lego_1_n10_s42_c0.0_p11000_voxels_farthestpose,lego_1_n10_s42_c0.0_p11000_voxels_farthestpose_i10_gteval_steps15000_val_step14999.json,2674,vggt,10.0
vggt,20,42,0.0,22000,voxels,,,,0,10,farthestpose,20,GT Eval,,,,,,,,,0.0,,vggt,bicycle,,,15000,15000,,MCMC,,,,,,,,,,,gsplat,15.55400562286377,0.5371801257133484,0.22049811482429504,1000000,0.026676107197999954,1.1489710807800293,,,-0.008176514512149438,0.4826365638861046,21942,/home/ojab2/work/git/gsplat/results/vggt_outputs/bicycle_4_n20_s42_c0.0_p22000_voxels_farthestpose_i20_gteval_steps15000/stats/val_step14999.json,/home/ojab2/work/git/gsplat/results/vggt_outputs/bicycle_4_n20_s42_c0.0_p22000_voxels_farthestpose_i20_gteval_steps15000/stats/val_step14999.json,bicycle_4_n20_s42_c0.0_p22000_voxels_farthestpose_i20_gteval_steps15000,1.1489,0.123985,20,,,,/home/ojab2/work/git/vggt/vggt_outputs/bicycle_4_n20_s42_c0.0_p22000_voxels_farthestpose/eval_results.json,bicycle_4_n20_s42_c0.0_p22000_voxels_farthestpose,bicycle_4_n20_s42_c0.0_p22000_voxels_farthestpose_i20_gteval_steps15000_val_step14999.json,21942,vggt,20.0
vggt,20,42,0.0,22000,voxels,,,,0,10,farthestpose,20,GT Eval,,,,,,,,,0.0,,vggt,bonsai,,,15000,15000,,MCMC,,,,,,,,,,,gsplat,15.945022583007812,0.4815351366996765,0.4989281892776489,1000000,0.02396731823682785,0.8714726567268372,,,0.19623790389922938,0.4049460874823632,21754,/home/ojab2/work/git/gsplat/results/vggt_outputs/bonsai_2_n20_s42_c0.0_p22000_voxels_farthestpose_i20_gteval_steps15000/stats/val_step14999.json,/home/ojab2/work/git/gsplat/results/vggt_outputs/bonsai_2_n20_s42_c0.0_p22000_voxels_farthestpose_i20_gteval_steps15000/stats/val_step14999.json,bonsai_2_n20_s42_c0.0_p22000_voxels_farthestpose_i20_gteval_steps15000,0.8715,0.105606,20,,,,/home/ojab2/work/git/vggt/vggt_outputs/bonsai_2_n20_s42_c0.0_p22000_voxels_farthestpose/eval_results.json,bonsai_2_n20_s42_c0.0_p22000_voxels_farthestpose,bonsai_2_n20_s42_c0.0_p22000_voxels_farthestpose_i20_gteval_steps15000_val_step14999.json,21754,vggt,20.0
vggt,20,42,0.0,22000,voxels,,,,0,10,farthestpose,20,GT Eval,,,,,,,,,0.0,,vggt,lego,,,15000,15000,,MCMC,,,,,,,,,,,gsplat,13.4330472946167,0.33392438292503357,0.6114479899406433,1000000,0.03264262527227402,2.281944513320923,0.15765486657619476,0.04201776906847954,0.3066386452659994,0.33420870207433034,17983,/home/ojab2/work/git/gsplat/results/vggt_outputs/lego_1_n20_s42_c0.0_p22000_voxels_farthestpose_i20_gteval_steps15000/stats/val_step14999.json,/home/ojab2/work/git/gsplat/results/vggt_outputs/lego_1_n20_s42_c0.0_p22000_voxels_farthestpose_i20_gteval_steps15000/stats/val_step14999.json,lego_1_n20_s42_c0.0_p22000_voxels_farthestpose_i20_gteval_steps15000,2.2981,0.141203,20,0.0926,0.0261,0.13,/home/ojab2/work/git/vggt/vggt_outputs/lego_1_n20_s42_c0.0_p22000_voxels_farthestpose/eval_results.json,lego_1_n20_s42_c0.0_p22000_voxels_farthestpose,lego_1_n20_s42_c0.0_p22000_voxels_farthestpose_i20_gteval_steps15000_val_step14999.json,17983,vggt,20.0
vggt,30,42,0.0,33000,voxels,,,,0,10,farthestpose,30,GT Eval,,,,,,,,,0.0,,vggt,bicycle,,,15000,15000,,MCMC,,,,,,,,,,,gsplat,16.027252197265625,0.5184488892555237,0.22858744859695435,1000000,0.01971176452934742,0.9303387403488159,,,0.016880407125784126,0.4739038569164524,32670,/home/ojab2/work/git/gsplat/results/vggt_outputs/bicycle_4_n30_s42_c0.0_p33000_voxels_farthestpose_i30_gteval_steps15000/stats/val_step14999.json,/home/ojab2/work/git/gsplat/results/vggt_outputs/bicycle_4_n30_s42_c0.0_p33000_voxels_farthestpose_i30_gteval_steps15000/stats/val_step14999.json,bicycle_4_n30_s42_c0.0_p33000_voxels_farthestpose_i30_gteval_steps15000,0.9302,0.091567,30,,,,/home/ojab2/work/git/vggt/vggt_outputs/bicycle_4_n30_s42_c0.0_p33000_voxels_farthestpose/eval_results.json,bicycle_4_n30_s42_c0.0_p33000_voxels_farthestpose,bicycle_4_n30_s42_c0.0_p33000_voxels_farthestpose_i30_gteval_steps15000_val_step14999.json,32670,vggt,30.0
vggt,30,42,0.0,33000,voxels,,,,0,10,farthestpose,30,GT Eval,,,,,,,,,0.0,,vggt,bonsai,,,15000,15000,,MCMC,,,,,,,,,,,gsplat,16.140792846679688,0.4826662242412567,0.5093332529067993,1000000,0.02435455471277237,1.0012562274932861,,,0.20524990949791846,0.4024866368460918,32646,/home/ojab2/work/git/gsplat/results/vggt_outputs/bonsai_2_n30_s42_c0.0_p33000_voxels_farthestpose_i30_gteval_steps15000/stats/val_step14999.json,/home/ojab2/work/git/gsplat/results/vggt_outputs/bonsai_2_n30_s42_c0.0_p33000_voxels_farthestpose_i30_gteval_steps15000/stats/val_step14999.json,bonsai_2_n30_s42_c0.0_p33000_voxels_farthestpose_i30_gteval_steps15000,1.0062,0.110274,30,,,,/home/ojab2/work/git/vggt/vggt_outputs/bonsai_2_n30_s42_c0.0_p33000_voxels_farthestpose/eval_results.json,bonsai_2_n30_s42_c0.0_p33000_voxels_farthestpose,bonsai_2_n30_s42_c0.0_p33000_voxels_farthestpose_i30_gteval_steps15000_val_step14999.json,32646,vggt,30.0
vggt,30,42,0.0,33000,voxels,,,,0,10,farthestpose,30,GT Eval,,,,,,,,,0.0,,vggt,lego,,,15000,15000,,MCMC,,,,,,,,,,,gsplat,13.871111869812012,0.31448233127593994,0.6260510683059692,1000000,0.031410425901412964,2.223158121109009,0.14948588609695435,0.03998075798153877,0.33529203057366586,0.32233529360105795,32395,/home/ojab2/work/git/gsplat/results/vggt_outputs/lego_1_n30_s42_c0.0_p33000_voxels_farthestpose_i30_gteval_steps15000/stats/val_step14999.json,/home/ojab2/work/git/gsplat/results/vggt_outputs/lego_1_n30_s42_c0.0_p33000_voxels_farthestpose_i30_gteval_steps15000/stats/val_step14999.json,lego_1_n30_s42_c0.0_p33000_voxels_farthestpose_i30_gteval_steps15000,2.2345,0.136023,30,0.0914,0.0258,0.1338,/home/ojab2/work/git/vggt/vggt_outputs/lego_1_n30_s42_c0.0_p33000_voxels_farthestpose/eval_results.json,lego_1_n30_s42_c0.0_p33000_voxels_farthestpose,lego_1_n30_s42_c0.0_p33000_voxels_farthestpose_i30_gteval_steps15000_val_step14999.json,32395,vggt,30.0
vggt,40,42,0.0,44000,voxels,,,,0,10,farthestpose,40,GT Eval,,,,,,,,,0.0,,vggt,bicycle,,,15000,15000,,MCMC,,,,,,,,,,,gsplat,16.12211036682129,0.5192983150482178,0.2323216050863266,1000000,0.019240060821175575,0.9968500137329102,,,0.020296420231509977,0.4732977776451686,43380,/home/ojab2/work/git/gsplat/results/vggt_outputs/bicycle_4_n40_s42_c0.0_p44000_voxels_farthestpose_i40_gteval_steps15000/stats/val_step14999.json,/home/ojab2/work/git/gsplat/results/vggt_outputs/bicycle_4_n40_s42_c0.0_p44000_voxels_farthestpose_i40_gteval_steps15000/stats/val_step14999.json,bicycle_4_n40_s42_c0.0_p44000_voxels_farthestpose_i40_gteval_steps15000,0.9969,0.089406,40,,,,/home/ojab2/work/git/vggt/vggt_outputs/bicycle_4_n40_s42_c0.0_p44000_voxels_farthestpose/eval_results.json,bicycle_4_n40_s42_c0.0_p44000_voxels_farthestpose,bicycle_4_n40_s42_c0.0_p44000_voxels_farthestpose_i40_gteval_steps15000_val_step14999.json,43380,vggt,40.0
vggt,40,42,0.0,44000,voxels,,,,0,10,farthestpose,40,GT Eval,,,,,,,,,0.0,,vggt,bonsai,,,15000,15000,,MCMC,,,,,,,,,,,gsplat,16.416425704956055,0.4696885347366333,0.5262302756309509,1000000,0.023552441969513893,0.8910351991653442,,,0.2282464409742052,0.3936066846139033,43064,/home/ojab2/work/git/gsplat/results/vggt_outputs/bonsai_2_n40_s42_c0.0_p44000_voxels_farthestpose_i40_gteval_steps15000/stats/val_step14999.json,/home/ojab2/work/git/gsplat/results/vggt_outputs/bonsai_2_n40_s42_c0.0_p44000_voxels_farthestpose_i40_gteval_steps15000/stats/val_step14999.json,bonsai_2_n40_s42_c0.0_p44000_voxels_farthestpose_i40_gteval_steps15000,0.9283,0.102109,40,,,,/home/ojab2/work/git/vggt/vggt_outputs/bonsai_2_n40_s42_c0.0_p44000_voxels_farthestpose/eval_results.json,bonsai_2_n40_s42_c0.0_p44000_voxels_farthestpose,bonsai_2_n40_s42_c0.0_p44000_voxels_farthestpose_i40_gteval_steps15000_val_step14999.json,43064,vggt,40.0
vggt,40,42,0.0,44000,voxels,,,,0,10,farthestpose,40,GT Eval,,,,,,,,,0.0,,vggt,lego,,,15000,15000,,MCMC,,,,,,,,,,,gsplat,14.372994422912598,0.27497971057891846,0.6559584736824036,1000000,0.016287388280034065,1.3375848531723022,0.13539712131023407,0.037363529205322266,0.38646019643742663,0.2993548409172534,43463,/home/ojab2/work/git/gsplat/results/vggt_outputs/lego_1_n40_s42_c0.0_p44000_voxels_farthestpose_i40_gteval_steps15000/stats/val_step14999.json,/home/ojab2/work/git/gsplat/results/vggt_outputs/lego_1_n40_s42_c0.0_p44000_voxels_farthestpose_i40_gteval_steps15000/stats/val_step14999.json,lego_1_n40_s42_c0.0_p44000_voxels_farthestpose_i40_gteval_steps15000,1.3219,0.069077,40,0.0896,0.025,0.1358,/home/ojab2/work/git/vggt/vggt_outputs/lego_1_n40_s42_c0.0_p44000_voxels_farthestpose/eval_results.json,lego_1_n40_s42_c0.0_p44000_voxels_farthestpose,lego_1_n40_s42_c0.0_p44000_voxels_farthestpose_i40_gteval_steps15000_val_step14999.json,43463,vggt,40.0
vggt,50,42,0.0,55000,voxels,,,,0,10,farthestpose,50,GT Eval,,,,,,,,,0.0,,vggt,bicycle,,,15000,15000,,MCMC,,,,,,,,,,,gsplat,16.73282241821289,0.4985169470310211,0.24448710680007935,1000000,0.01954469457268715,0.8721506595611572,,,0.051548236101149295,0.4629793480278146,53802,/home/ojab2/work/git/gsplat/results/vggt_outputs/bicycle_4_n50_s42_c0.0_p55000_voxels_farthestpose_i50_gteval_steps15000/stats/val_step14999.json,/home/ojab2/work/git/gsplat/results/vggt_outputs/bicycle_4_n50_s42_c0.0_p55000_voxels_farthestpose_i50_gteval_steps15000/stats/val_step14999.json,bicycle_4_n50_s42_c0.0_p55000_voxels_farthestpose_i50_gteval_steps15000,0.6557,0.085436,50,,,,/home/ojab2/work/git/vggt/vggt_outputs/bicycle_4_n50_s42_c0.0_p55000_voxels_farthestpose/eval_results.json,bicycle_4_n50_s42_c0.0_p55000_voxels_farthestpose,bicycle_4_n50_s42_c0.0_p55000_voxels_farthestpose_i50_gteval_steps15000_val_step14999.json,53802,vggt,50.0
vggt,50,42,0.0,55000,voxels,,,,0,10,farthestpose,50,GT Eval,,,,,,,,,0.0,,vggt,bonsai,,,15000,15000,,MCMC,,,,,,,,,,,gsplat,16.635122299194336,0.4640566408634186,0.5351247191429138,1000000,0.022979047149419785,0.8634901642799377,,,0.2409742845584232,0.38919189065792553,53797,/home/ojab2/work/git/gsplat/results/vggt_outputs/bonsai_2_n50_s42_c0.0_p55000_voxels_farthestpose_i50_gteval_steps15000/stats/val_step14999.json,/home/ojab2/work/git/gsplat/results/vggt_outputs/bonsai_2_n50_s42_c0.0_p55000_voxels_farthestpose_i50_gteval_steps15000/stats/val_step14999.json,bonsai_2_n50_s42_c0.0_p55000_voxels_farthestpose_i50_gteval_steps15000,0.8485,0.101676,50,,,,/home/ojab2/work/git/vggt/vggt_outputs/bonsai_2_n50_s42_c0.0_p55000_voxels_farthestpose/eval_results.json,bonsai_2_n50_s42_c0.0_p55000_voxels_farthestpose,bonsai_2_n50_s42_c0.0_p55000_voxels_farthestpose_i50_gteval_steps15000_val_step14999.json,53797,vggt,50.0
vggt,50,42,0.0,55000,voxels,,,,0,10,farthestpose,50,GT Eval,,,,,,,,,0.0,,vggt,lego,,,15000,15000,,MCMC,,,,,,,,,,,gsplat,15.175189018249512,0.23339296877384186,0.6860618591308594,1000000,0.010431105270981789,0.9009768962860107,0.12120100855827332,0.03170444071292877,0.44459079915707256,0.2746891126361405,53041,/home/ojab2/work/git/gsplat/results/vggt_outputs/lego_1_n50_s42_c0.0_p55000_voxels_farthestpose_i50_gteval_steps15000/stats/val_step14999.json,/home/ojab2/work/git/gsplat/results/vggt_outputs/lego_1_n50_s42_c0.0_p55000_voxels_farthestpose_i50_gteval_steps15000/stats/val_step14999.json,lego_1_n50_s42_c0.0_p55000_voxels_farthestpose_i50_gteval_steps15000,0.8706,0.041593,50,0.0768,0.0214,0.1269,/home/ojab2/work/git/vggt/vggt_outputs/lego_1_n50_s42_c0.0_p55000_voxels_farthestpose/eval_results.json,lego_1_n50_s42_c0.0_p55000_voxels_farthestpose,lego_1_n50_s42_c0.0_p55000_voxels_farthestpose_i50_gteval_steps15000_val_step14999.json,53041,vggt,50.0
vggt,60,42,0.0,66000,voxels,,,,0,10,farthestpose,60,GT Eval,,,,,,,,,0.0,,vggt,bicycle,,,15000,15000,,MCMC,,,,,,,,,,,gsplat,17.18524169921875,0.47763046622276306,0.2580051124095917,1000000,0.016506878659129143,0.6712588667869568,,,0.08072452676071609,0.4527137288488535,64917,/home/ojab2/work/git/gsplat/results/vggt_outputs/bicycle_4_n60_s42_c0.0_p66000_voxels_farthestpose_i60_gteval_steps15000/stats/val_step14999.json,/home/ojab2/work/git/gsplat/results/vggt_outputs/bicycle_4_n60_s42_c0.0_p66000_voxels_farthestpose_i60_gteval_steps15000/stats/val_step14999.json,bicycle_4_n60_s42_c0.0_p66000_voxels_farthestpose_i60_gteval_steps15000,0.8021,0.07088,60,,,,/home/ojab2/work/git/vggt/vggt_outputs/bicycle_4_n60_s42_c0.0_p66000_voxels_farthestpose/eval_results.json,bicycle_4_n60_s42_c0.0_p66000_voxels_farthestpose,bicycle_4_n60_s42_c0.0_p66000_voxels_farthestpose_i60_gteval_steps15000_val_step14999.json,64917,vggt,60.0
vggt,60,42,0.0,66000,voxels,,,,0,10,farthestpose,60,GT Eval,,,,,,,,,0.0,,vggt,bonsai,,,15000,15000,,MCMC,,,,,,,,,,,gsplat,16.893232345581055,0.4561729431152344,0.5466399192810059,1000000,0.024049289524555206,0.8638668656349182,,,0.25735461549219796,0.38331411859887293,65928,/home/ojab2/work/git/gsplat/results/vggt_outputs/bonsai_2_n60_s42_c0.0_p66000_voxels_farthestpose_i60_gteval_steps15000/stats/val_step14999.json,/home/ojab2/work/git/gsplat/results/vggt_outputs/bonsai_2_n60_s42_c0.0_p66000_voxels_farthestpose_i60_gteval_steps15000/stats/val_step14999.json,bonsai_2_n60_s42_c0.0_p66000_voxels_farthestpose_i60_gteval_steps15000,0.8453,0.104136,60,,,,/home/ojab2/work/git/vggt/vggt_outputs/bonsai_2_n60_s42_c0.0_p66000_voxels_farthestpose/eval_results.json,bonsai_2_n60_s42_c0.0_p66000_voxels_farthestpose,bonsai_2_n60_s42_c0.0_p66000_voxels_farthestpose_i60_gteval_steps15000_val_step14999.json,65928,vggt,60.0
vggt,60,42,0.0,66000,voxels,,,,0,10,farthestpose,60,GT Eval,,,,,,,,,0.0,,vggt,lego,,,15000,15000,,MCMC,,,,,,,,,,,gsplat,16.22696304321289,0.18970757722854614,0.7092137336730957,1000000,0.007092190906405449,0.6028322577476501,0.10038422048091888,0.02622612752020359,0.5045734949124331,0.25093115115633147,63517,/home/ojab2/work/git/gsplat/results/vggt_outputs/lego_1_n60_s42_c0.0_p66000_voxels_farthestpose_i60_gteval_steps15000/stats/val_step14999.json,/home/ojab2/work/git/gsplat/results/vggt_outputs/lego_1_n60_s42_c0.0_p66000_voxels_farthestpose_i60_gteval_steps15000/stats/val_step14999.json,lego_1_n60_s42_c0.0_p66000_voxels_farthestpose_i60_gteval_steps15000,0.6267,0.028956,60,0.068,0.0189,0.1264,/home/ojab2/work/git/vggt/vggt_outputs/lego_1_n60_s42_c0.0_p66000_voxels_farthestpose/eval_results.json,lego_1_n60_s42_c0.0_p66000_voxels_farthestpose,lego_1_n60_s42_c0.0_p66000_voxels_farthestpose_i60_gteval_steps15000_val_step14999.json,63517,vggt,60.0
vggt,70,42,0.0,77000,voxels,,,,0,10,farthestpose,70,GT Eval,,,,,,,,,0.0,,vggt,bicycle,,,15000,15000,,MCMC,,,,,,,,,,,gsplat,17.59673309326172,0.4768727123737335,0.2714533507823944,1000000,0.017158910632133484,0.6323226094245911,,,0.09667695393571618,0.4492710798231654,76956,/home/ojab2/work/git/gsplat/results/vggt_outputs/bicycle_4_n70_s42_c0.0_p77000_voxels_farthestpose_i70_gteval_steps15000/stats/val_step14999.json,/home/ojab2/work/git/gsplat/results/vggt_outputs/bicycle_4_n70_s42_c0.0_p77000_voxels_farthestpose_i70_gteval_steps15000/stats/val_step14999.json,bicycle_4_n70_s42_c0.0_p77000_voxels_farthestpose_i70_gteval_steps15000,0.6381,0.075809,70,,,,/home/ojab2/work/git/vggt/vggt_outputs/bicycle_4_n70_s42_c0.0_p77000_voxels_farthestpose/eval_results.json,bicycle_4_n70_s42_c0.0_p77000_voxels_farthestpose,bicycle_4_n70_s42_c0.0_p77000_voxels_farthestpose_i70_gteval_steps15000_val_step14999.json,76956,vggt,70.0
vggt,70,42,0.0,77000,voxels,,,,0,10,farthestpose,70,GT Eval,,,,,,,,,0.0,,vggt,bonsai,,,15000,15000,,MCMC,,,,,,,,,,,gsplat,16.96408462524414,0.4550938010215759,0.5497002601623535,1000000,0.025480307638645172,0.9345903396606445,,,0.26112250487009686,0.38208529396450797,76041,/home/ojab2/work/git/gsplat/results/vggt_outputs/bonsai_2_n70_s42_c0.0_p77000_voxels_farthestpose_i70_gteval_steps15000/stats/val_step14999.json,/home/ojab2/work/git/gsplat/results/vggt_outputs/bonsai_2_n70_s42_c0.0_p77000_voxels_farthestpose_i70_gteval_steps15000/stats/val_step14999.json,bonsai_2_n70_s42_c0.0_p77000_voxels_farthestpose_i70_gteval_steps15000,1.0269,0.111958,70,,,,/home/ojab2/work/git/vggt/vggt_outputs/bonsai_2_n70_s42_c0.0_p77000_voxels_farthestpose/eval_results.json,bonsai_2_n70_s42_c0.0_p77000_voxels_farthestpose,bonsai_2_n70_s42_c0.0_p77000_voxels_farthestpose_i70_gteval_steps15000_val_step14999.json,76041,vggt,70.0
vggt,70,42,0.0,77000,voxels,,,,0,10,farthestpose,70,GT Eval,,,,,,,,,0.0,,vggt,lego,,,15000,15000,,MCMC,,,,,,,,,,,gsplat,18.453107833862305,0.12629058957099915,0.7528641223907471,1000000,0.005442640278488398,0.43933001160621643,0.08679031580686569,0.022088412195444107,0.6104712302302137,0.21256564488585816,76633,/home/ojab2/work/git/gsplat/results/vggt_outputs/lego_1_n70_s42_c0.0_p77000_voxels_farthestpose_i70_gteval_steps15000/stats/val_step14999.json,/home/ojab2/work/git/gsplat/results/vggt_outputs/lego_1_n70_s42_c0.0_p77000_voxels_farthestpose_i70_gteval_steps15000/stats/val_step14999.json,lego_1_n70_s42_c0.0_p77000_voxels_farthestpose_i70_gteval_steps15000,0.4264,0.02124,70,0.0765,0.0213,0.1432,/home/ojab2/work/git/vggt/vggt_outputs/lego_1_n70_s42_c0.0_p77000_voxels_farthestpose/eval_results.json,lego_1_n70_s42_c0.0_p77000_voxels_farthestpose,lego_1_n70_s42_c0.0_p77000_voxels_farthestpose_i70_gteval_steps15000_val_step14999.json,76633,vggt,70.0
vggt,80,42,0.0,88000,voxels,,,,0,10,farthestpose,80,GT Eval,,,,,,,,,0.0,,vggt,bicycle,,,15000,15000,,MCMC,,,,,,,,,,,gsplat,17.21129035949707,0.4814114570617676,0.26604875922203064,1000000,0.016308795660734177,0.6604005694389343,,,0.08357685142093232,0.45237537837287195,87000,/home/ojab2/work/git/gsplat/results/vggt_outputs/bicycle_4_n80_s42_c0.0_p88000_voxels_farthestpose_i80_gteval_steps15000/stats/val_step14999.json,/home/ojab2/work/git/gsplat/results/vggt_outputs/bicycle_4_n80_s42_c0.0_p88000_voxels_farthestpose_i80_gteval_steps15000/stats/val_step14999.json,bicycle_4_n80_s42_c0.0_p88000_voxels_farthestpose_i80_gteval_steps15000,0.8513,0.071835,80,,,,/home/ojab2/work/git/vggt/vggt_outputs/bicycle_4_n80_s42_c0.0_p88000_voxels_farthestpose/eval_results.json,bicycle_4_n80_s42_c0.0_p88000_voxels_farthestpose,bicycle_4_n80_s42_c0.0_p88000_voxels_farthestpose_i80_gteval_steps15000_val_step14999.json,87000,vggt,80.0
vggt,80,42,0.0,88000,voxels,,,,0,10,farthestpose,80,GT Eval,,,,,,,,,0.0,,vggt,bonsai,,,15000,15000,,MCMC,,,,,,,,,,,gsplat,17.359451293945312,0.4431104362010956,0.5643690824508667,1000000,0.025887394323945045,0.9018596410751343,,,0.2844195072723721,0.37383385403721864,87069,/home/ojab2/work/git/gsplat/results/vggt_outputs/bonsai_2_n80_s42_c0.0_p88000_voxels_farthestpose_i80_gteval_steps15000/stats/val_step14999.json,/home/ojab2/work/git/gsplat/results/vggt_outputs/bonsai_2_n80_s42_c0.0_p88000_voxels_farthestpose_i80_gteval_steps15000/stats/val_step14999.json,bonsai_2_n80_s42_c0.0_p88000_voxels_farthestpose_i80_gteval_steps15000,0.8623,0.113142,80,,,,/home/ojab2/work/git/vggt/vggt_outputs/bonsai_2_n80_s42_c0.0_p88000_voxels_farthestpose/eval_results.json,bonsai_2_n80_s42_c0.0_p88000_voxels_farthestpose,bonsai_2_n80_s42_c0.0_p88000_voxels_farthestpose_i80_gteval_steps15000_val_step14999.json,87069,vggt,80.0
vggt,80,42,0.0,88000,voxels,,,,0,10,farthestpose,80,GT Eval,,,,,,,,,0.0,,vggt,lego,,,15000,15000,,MCMC,,,,,,,,,,,gsplat,19.928924560546875,0.10332583636045456,0.7656623721122742,1000000,0.005054290872067213,0.3469357192516327,0.08229237049818039,0.020132452249526978,0.6594612997623137,0.19919171970456184,85885,/home/ojab2/work/git/gsplat/results/vggt_outputs/lego_1_n80_s42_c0.0_p88000_voxels_farthestpose_i80_gteval_steps15000/stats/val_step14999.json,/home/ojab2/work/git/gsplat/results/vggt_outputs/lego_1_n80_s42_c0.0_p88000_voxels_farthestpose_i80_gteval_steps15000/stats/val_step14999.json,lego_1_n80_s42_c0.0_p88000_voxels_farthestpose_i80_gteval_steps15000,0.3472,0.018759,80,0.0742,0.0207,0.1444,/home/ojab2/work/git/vggt/vggt_outputs/lego_1_n80_s42_c0.0_p88000_voxels_farthestpose/eval_results.json,lego_1_n80_s42_c0.0_p88000_voxels_farthestpose,lego_1_n80_s42_c0.0_p88000_voxels_farthestpose_i80_gteval_steps15000_val_step14999.json,85885,vggt,80.0
vggt,87,42,0.0,95700,voxels,,,,0,10,farthestpose,87,GT Eval,,,,,,,,,0.0,,vggt,lego,,,15000,15000,,MCMC,,,,,,,,,,,gsplat,20.416574478149414,0.0973096638917923,0.7700197100639343,1000000,0.005220692604780197,0.30635109543800354,0.08706512302160263,0.020461762323975563,0.6747536913499652,0.1953192117439866,94767,/home/ojab2/work/git/gsplat/results/vggt_outputs/lego_1_n87_s42_c0.0_p95700_voxels_farthestpose_i87_gteval_steps15000/stats/val_step14999.json,/home/ojab2/work/git/gsplat/results/vggt_outputs/lego_1_n87_s42_c0.0_p95700_voxels_farthestpose_i87_gteval_steps15000/stats/val_step14999.json,lego_1_n87_s42_c0.0_p95700_voxels_farthestpose_i87_gteval_steps15000,0.3306,0.018825,87,0.0768,0.0215,0.1508,/home/ojab2/work/git/vggt/vggt_outputs/lego_1_n87_s42_c0.0_p95700_voxels_farthestpose/eval_results.json,lego_1_n87_s42_c0.0_p95700_voxels_farthestpose,lego_1_n87_s42_c0.0_p95700_voxels_farthestpose_i87_gteval_steps15000_val_step14999.json,94767,vggt,87.0
vggt,90,42,0.0,99000,voxels,,,,0,10,farthestpose,90,GT Eval,,,,,,,,,0.0,,vggt,bicycle,,,15000,15000,,MCMC,,,,,,,,,,,gsplat,17.69089698791504,0.47149649262428284,0.2737588584423065,1000000,0.015997454524040222,0.6674980521202087,,,0.1030876340224729,0.4469041308358822,97855,/home/ojab2/work/git/gsplat/results/vggt_outputs/bicycle_4_n90_s42_c0.0_p99000_voxels_farthestpose_i90_gteval_steps15000/stats/val_step14999.json,/home/ojab2/work/git/gsplat/results/vggt_outputs/bicycle_4_n90_s42_c0.0_p99000_voxels_farthestpose_i90_gteval_steps15000/stats/val_step14999.json,bicycle_4_n90_s42_c0.0_p99000_voxels_farthestpose_i90_gteval_steps15000,0.6724,0.068485,90,,,,/home/ojab2/work/git/vggt/vggt_outputs/bicycle_4_n90_s42_c0.0_p99000_voxels_farthestpose/eval_results.json,bicycle_4_n90_s42_c0.0_p99000_voxels_farthestpose,bicycle_4_n90_s42_c0.0_p99000_voxels_farthestpose_i90_gteval_steps15000_val_step14999.json,97855,vggt,90.0
vggt,90,42,0.0,99000,voxels,,,,0,10,farthestpose,90,GT Eval,,,,,,,,,0.0,,vggt,bonsai,,,15000,15000,,MCMC,,,,,,,,,,,gsplat,17.494306564331055,0.4433383047580719,0.5699833035469055,1000000,0.025141749531030655,0.8837725520133972,,,0.29005933772286013,0.3723003366487783,96182,/home/ojab2/work/git/gsplat/results/vggt_outputs/bonsai_2_n90_s42_c0.0_p99000_voxels_farthestpose_i90_gteval_steps15000/stats/val_step14999.json,/home/ojab2/work/git/gsplat/results/vggt_outputs/bonsai_2_n90_s42_c0.0_p99000_voxels_farthestpose_i90_gteval_steps15000/stats/val_step14999.json,bonsai_2_n90_s42_c0.0_p99000_voxels_farthestpose_i90_gteval_steps15000,0.8374,0.108134,90,,,,/home/ojab2/work/git/vggt/vggt_outputs/bonsai_2_n90_s42_c0.0_p99000_voxels_farthestpose/eval_results.json,bonsai_2_n90_s42_c0.0_p99000_voxels_farthestpose,bonsai_2_n90_s42_c0.0_p99000_voxels_farthestpose_i90_gteval_steps15000_val_step14999.json,96182,vggt,90.0
vggt,100,42,0.0,110000,voxels,,,,0,10,farthestpose,100,GT Eval,,,,,,,,,0.0,,vggt,bicycle,,,15000,15000,,MCMC,,,,,,,,,,,gsplat,17.48404312133789,0.475044310092926,0.27306225895881653,1000000,0.014953810721635818,0.6483781933784485,,,0.09665962796152379,0.4484996672514666,107387,/home/ojab2/work/git/gsplat/results/vggt_outputs/bicycle_4_n100_s42_c0.0_p110000_voxels_farthestpose_i100_gteval_steps15000/stats/val_step14999.json,/home/ojab2/work/git/gsplat/results/vggt_outputs/bicycle_4_n100_s42_c0.0_p110000_voxels_farthestpose_i100_gteval_steps15000/stats/val_step14999.json,bicycle_4_n100_s42_c0.0_p110000_voxels_farthestpose_i100_gteval_steps15000,0.7161,0.065623,100,,,,/home/ojab2/work/git/vggt/vggt_outputs/bicycle_4_n100_s42_c0.0_p110000_voxels_farthestpose/eval_results.json,bicycle_4_n100_s42_c0.0_p110000_voxels_farthestpose,bicycle_4_n100_s42_c0.0_p110000_voxels_farthestpose_i100_gteval_steps15000_val_step14999.json,107387,vggt,100.0
vggt,100,42,0.0,110000,voxels,,,,0,10,farthestpose,100,GT Eval,,,,,,,,,0.0,,vggt,bonsai,,,15000,15000,,MCMC,,,,,,,,,,,gsplat,17.496349334716797,0.4409027695655823,0.5737745761871338,1000000,0.024410594254732132,0.7149746417999268,,,0.2938177020926225,0.3705199797603812,109784,/home/ojab2/work/git/gsplat/results/vggt_outputs/bonsai_2_n100_s42_c0.0_p110000_voxels_farthestpose_i100_gteval_steps15000/stats/val_step14999.json,/home/ojab2/work/git/gsplat/results/vggt_outputs/bonsai_2_n100_s42_c0.0_p110000_voxels_farthestpose_i100_gteval_steps15000/stats/val_step14999.json,bonsai_2_n100_s42_c0.0_p110000_voxels_farthestpose_i100_gteval_steps15000,0.734,0.106282,100,,,,/home/ojab2/work/git/vggt/vggt_outputs/bonsai_2_n100_s42_c0.0_p110000_voxels_farthestpose/eval_results.json,bonsai_2_n100_s42_c0.0_p110000_voxels_farthestpose,bonsai_2_n100_s42_c0.0_p110000_voxels_farthestpose_i100_gteval_steps15000_val_step14999.json,109784,vggt,100.0
