method,num_images,seed,conf_thres_value,num_points,sampling_mode,near_filtering_strength,near_filtering_quorum,reconstruct_pose_opt,optimisation_iterations,optimisation_neighbourhood,image_mode,num_cameras,gt_eval,use_gt_extrinsics,use_gt_intrinsics,use_gt_points,pose_opt,pose_opt_module,eval_opt,depth_loss_mode,error_opa,depth_lambda,depth_conf_mode,choice,dataset,camera_type,copy_mode,val_step,num_steps,colmap_mode,splatting_strategy,camera_src,pcd_src,align_mode,align_glue,shared_camera,keep_backup_cams,random_init,use_ba,feature_extractor,max_ba_iterations,source,dataset_collection,psnr,lpips,ssim,num_GS,eval_rte,eval_rre,depth_l1,depth_abs_rel,quality,avge,real_num_points,file_path,gsplat_file_path,folder,rre,rte,num_aligned,pred_depth_l1,pred_depth_absrel,pred_depth_rmse,sfm_file_path,input_folder,output_folder,initial_points,plot_series,num_points_jitter
vggt,100,42,,23220,ba,,,,0,10,farthestpose,100,GT Eval,,,,,,,,,0.0,,vggt,bonsai,radial,,15000,15000,,MCMC,,,,,Shared Cam,,,Use BA,aliked+sp,250,gsplat,indoor,19.14580726623535,0.3529313802719116,0.6036095023155212,1000000,0.008138056844472885,0.5792208313941956,,,0.3961138712887333,0.33156683012954014,23220,/home/ojab2/work/git/gsplat/results/vggt_outputs/bonsai_2_n100_s42_mradial_aliked-sp_ba_farthestpose_useba_maxba250_sharedcam_i100_gteval_steps15000/stats/val_step14999.json,/home/ojab2/work/git/gsplat/results/vggt_outputs/bonsai_2_n100_s42_mradial_aliked-sp_ba_farthestpose_useba_maxba250_sharedcam_i100_gteval_steps15000/stats/val_step14999.json,bonsai_2_n100_s42_mradial_aliked-sp_ba_farthestpose_useba_maxba250_sharedcam_i100_gteval_steps15000,0.5792,0.034349,100,,,,/home/ojab2/work/git/vggt/vggt_outputs/bonsai_2_n100_s42_mradial_aliked-sp_ba_farthestpose_useba_maxba250_sharedcam/eval_results.json,bonsai_2_n100_s42_mradial_aliked-sp_ba_farthestpose_useba_maxba250_sharedcam,bonsai_2_n100_s42_mradial_aliked-sp_ba_farthestpose_useba_maxba250_sharedcam_i100_gteval_steps15000_val_step14999.json,23220,vggt | ba,20317.5
vggt,100,42,,,ba,,,,0,10,farthestpose,,,,,,,,,,,0.0,,vggt,kitchen,radial,,,,,MCMC,,,,,Shared Cam,,,Use BA,aliked+sp,250,sfm,indoor,,,,,,,,,,,,/home/ojab2/work/git/vggt/vggt_outputs/kitchen_2_n100_s42_mradial_aliked-sp_ba_farthestpose_useba_maxba250_sharedcam/eval_results.json,,kitchen_2_n100_s42_mradial_aliked-sp_ba_farthestpose_useba_maxba250_sharedcam,0.4536,0.023341,100,,,,/home/ojab2/work/git/vggt/vggt_outputs/kitchen_2_n100_s42_mradial_aliked-sp_ba_farthestpose_useba_maxba250_sharedcam/eval_results.json,kitchen_2_n100_s42_mradial_aliked-sp_ba_farthestpose_useba_maxba250_sharedcam,,,vggt | ba,
vggt,100,42,,,ba,,,,0,10,farthestpose,,,,,,,,,,,0.0,,vggt,counter,radial,,,,,MCMC,,,,,Shared Cam,,,Use BA,aliked+sp,250,sfm,indoor,,,,,,,,,,,,/home/ojab2/work/git/vggt/vggt_outputs/counter_2_n100_s42_mradial_aliked-sp_ba_farthestpose_useba_maxba250_sharedcam/eval_results.json,,counter_2_n100_s42_mradial_aliked-sp_ba_farthestpose_useba_maxba250_sharedcam,0.4211,0.016951,100,,,,/home/ojab2/work/git/vggt/vggt_outputs/counter_2_n100_s42_mradial_aliked-sp_ba_farthestpose_useba_maxba250_sharedcam/eval_results.json,counter_2_n100_s42_mradial_aliked-sp_ba_farthestpose_useba_maxba250_sharedcam,,,vggt | ba,
vggt,100,42,0.0,1000,confidence,,,,0,10,farthestpose,100,GT Eval,,,,,,,,,0.0,,vggt,bonsai,,,15000,15000,,MCMC,,,,,,,,,,,gsplat,indoor,17.988094329833984,0.5428732633590698,0.608706533908844,1000000,0.024335382506251335,0.7215029001235962,,,0.2604073870871422,0.39476674904976244,1000,/home/ojab2/work/git/gsplat/results/vggt_outputs/bonsai_2_n100_s42_c0.0_p1000_confidence_farthestpose_i100_gteval_steps15000/stats/val_step14999.json,/home/ojab2/work/git/gsplat/results/vggt_outputs/bonsai_2_n100_s42_c0.0_p1000_confidence_farthestpose_i100_gteval_steps15000/stats/val_step14999.json,bonsai_2_n100_s42_c0.0_p1000_confidence_farthestpose_i100_gteval_steps15000,0.7897,0.107121,100,,,,/home/ojab2/work/git/vggt/vggt_outputs/bonsai_2_n100_s42_c0.0_p1000_confidence_farthestpose/eval_results.json,bonsai_2_n100_s42_c0.0_p1000_confidence_farthestpose,bonsai_2_n100_s42_c0.0_p1000_confidence_farthestpose_i100_gteval_steps15000_val_step14999.json,1000,vggt | confidence,925.0
vggt,100,42,0.0,1000,confidence,,,,0,10,farthestpose,,,,,,,,,,,0.0,,vggt,kitchen,,,,,,MCMC,,,,,,,,,,,sfm,indoor,,,,,,,,,,,,/home/ojab2/work/git/vggt/vggt_outputs/kitchen_2_n100_s42_c0.0_p1000_confidence_farthestpose/eval_results.json,,kitchen_2_n100_s42_c0.0_p1000_confidence_farthestpose,0.3392,0.031011,100,,,,/home/ojab2/work/git/vggt/vggt_outputs/kitchen_2_n100_s42_c0.0_p1000_confidence_farthestpose/eval_results.json,kitchen_2_n100_s42_c0.0_p1000_confidence_farthestpose,,,vggt | confidence,925.0
vggt,100,42,0.0,1000,confidence,,,,0,10,farthestpose,,,,,,,,,,,0.0,,vggt,counter,,,,,,MCMC,,,,,,,,,,,sfm,indoor,,,,,,,,,,,,/home/ojab2/work/git/vggt/vggt_outputs/counter_2_n100_s42_c0.0_p1000_confidence_farthestpose/eval_results.json,,counter_2_n100_s42_c0.0_p1000_confidence_farthestpose,0.3433,0.032901,100,,,,/home/ojab2/work/git/vggt/vggt_outputs/counter_2_n100_s42_c0.0_p1000_confidence_farthestpose/eval_results.json,counter_2_n100_s42_c0.0_p1000_confidence_farthestpose,,,vggt | confidence,925.0
vggt,100,42,0.0,5000,confidence,,,,0,10,farthestpose,100,GT Eval,,,,,,,,,0.0,,vggt,bonsai,,,15000,15000,,MCMC,,,,,,,,,,,gsplat,indoor,17.85919761657715,0.47532233595848083,0.5968945622444153,1000000,0.024335382506251335,0.7215029001235962,,,0.2928109284807444,0.37553312502772856,5000,/home/ojab2/work/git/gsplat/results/vggt_outputs/bonsai_2_n100_s42_c0.0_p5000_confidence_farthestpose_i100_gteval_steps15000/stats/val_step14999.json,/home/ojab2/work/git/gsplat/results/vggt_outputs/bonsai_2_n100_s42_c0.0_p5000_confidence_farthestpose_i100_gteval_steps15000/stats/val_step14999.json,bonsai_2_n100_s42_c0.0_p5000_confidence_farthestpose_i100_gteval_steps15000,0.7897,0.107121,100,,,,/home/ojab2/work/git/vggt/vggt_outputs/bonsai_2_n100_s42_c0.0_p5000_confidence_farthestpose/eval_results.json,bonsai_2_n100_s42_c0.0_p5000_confidence_farthestpose,bonsai_2_n100_s42_c0.0_p5000_confidence_farthestpose_i100_gteval_steps15000_val_step14999.json,5000,vggt | confidence,4625.0
vggt,100,42,0.0,5000,confidence,,,,0,10,farthestpose,,,,,,,,,,,0.0,,vggt,kitchen,,,,,,MCMC,,,,,,,,,,,sfm,indoor,,,,,,,,,,,,/home/ojab2/work/git/vggt/vggt_outputs/kitchen_2_n100_s42_c0.0_p5000_confidence_farthestpose/eval_results.json,,kitchen_2_n100_s42_c0.0_p5000_confidence_farthestpose,0.3392,0.031011,100,,,,/home/ojab2/work/git/vggt/vggt_outputs/kitchen_2_n100_s42_c0.0_p5000_confidence_farthestpose/eval_results.json,kitchen_2_n100_s42_c0.0_p5000_confidence_farthestpose,,,vggt | confidence,4625.0
vggt,100,42,0.0,5000,confidence,,,,0,10,farthestpose,,,,,,,,,,,0.0,,vggt,counter,,,,,,MCMC,,,,,,,,,,,sfm,indoor,,,,,,,,,,,,/home/ojab2/work/git/vggt/vggt_outputs/counter_2_n100_s42_c0.0_p5000_confidence_farthestpose/eval_results.json,,counter_2_n100_s42_c0.0_p5000_confidence_farthestpose,0.3433,0.032901,100,,,,/home/ojab2/work/git/vggt/vggt_outputs/counter_2_n100_s42_c0.0_p5000_confidence_farthestpose/eval_results.json,counter_2_n100_s42_c0.0_p5000_confidence_farthestpose,,,vggt | confidence,4625.0
vggt,100,42,0.0,10000,confidence,,,,0,10,farthestpose,100,GT Eval,,,,,,,,,0.0,,vggt,bonsai,,,15000,15000,,MCMC,,,,,,,,,,,gsplat,indoor,17.83123779296875,0.4545397460460663,0.5916619300842285,1000000,0.024335382506251335,0.7215029001235962,,,0.3020618943675452,0.3700100099220325,10000,/home/ojab2/work/git/gsplat/results/vggt_outputs/bonsai_2_n100_s42_c0.0_p10000_confidence_farthestpose_i100_gteval_steps15000/stats/val_step14999.json,/home/ojab2/work/git/gsplat/results/vggt_outputs/bonsai_2_n100_s42_c0.0_p10000_confidence_farthestpose_i100_gteval_steps15000/stats/val_step14999.json,bonsai_2_n100_s42_c0.0_p10000_confidence_farthestpose_i100_gteval_steps15000,0.7897,0.107121,100,,,,/home/ojab2/work/git/vggt/vggt_outputs/bonsai_2_n100_s42_c0.0_p10000_confidence_farthestpose/eval_results.json,bonsai_2_n100_s42_c0.0_p10000_confidence_farthestpose,bonsai_2_n100_s42_c0.0_p10000_confidence_farthestpose_i100_gteval_steps15000_val_step14999.json,10000,vggt | confidence,9250.0
vggt,100,42,0.0,10000,confidence,,,,0,10,farthestpose,,,,,,,,,,,0.0,,vggt,kitchen,,,,,,MCMC,,,,,,,,,,,sfm,indoor,,,,,,,,,,,,/home/ojab2/work/git/vggt/vggt_outputs/kitchen_2_n100_s42_c0.0_p10000_confidence_farthestpose/eval_results.json,,kitchen_2_n100_s42_c0.0_p10000_confidence_farthestpose,0.3392,0.031011,100,,,,/home/ojab2/work/git/vggt/vggt_outputs/kitchen_2_n100_s42_c0.0_p10000_confidence_farthestpose/eval_results.json,kitchen_2_n100_s42_c0.0_p10000_confidence_farthestpose,,,vggt | confidence,9250.0
vggt,100,42,0.0,10000,confidence,,,,0,10,farthestpose,,,,,,,,,,,0.0,,vggt,counter,,,,,,MCMC,,,,,,,,,,,sfm,indoor,,,,,,,,,,,,/home/ojab2/work/git/vggt/vggt_outputs/counter_2_n100_s42_c0.0_p10000_confidence_farthestpose/eval_results.json,,counter_2_n100_s42_c0.0_p10000_confidence_farthestpose,0.3433,0.032901,100,,,,/home/ojab2/work/git/vggt/vggt_outputs/counter_2_n100_s42_c0.0_p10000_confidence_farthestpose/eval_results.json,counter_2_n100_s42_c0.0_p10000_confidence_farthestpose,,,vggt | confidence,9250.0
vggt,100,42,0.0,50000,confidence,,,,0,10,farthestpose,100,GT Eval,,,,,,,,,0.0,,vggt,bonsai,,,15000,15000,,MCMC,,,,,,,,,,,gsplat,indoor,17.73988151550293,0.42416703701019287,0.5793397426605225,1000000,0.024335382506251335,0.7215030193328857,,,0.3119127397184019,0.363192502030218,50000,/home/ojab2/work/git/gsplat/results/vggt_outputs/bonsai_2_n100_s42_c0.0_p50000_confidence_farthestpose_i100_gteval_steps15000/stats/val_step14999.json,/home/ojab2/work/git/gsplat/results/vggt_outputs/bonsai_2_n100_s42_c0.0_p50000_confidence_farthestpose_i100_gteval_steps15000/stats/val_step14999.json,bonsai_2_n100_s42_c0.0_p50000_confidence_farthestpose_i100_gteval_steps15000,0.7897,0.107121,100,,,,/home/ojab2/work/git/vggt/vggt_outputs/bonsai_2_n100_s42_c0.0_p50000_confidence_farthestpose/eval_results.json,bonsai_2_n100_s42_c0.0_p50000_confidence_farthestpose,bonsai_2_n100_s42_c0.0_p50000_confidence_farthestpose_i100_gteval_steps15000_val_step14999.json,50000,vggt | confidence,46250.0
vggt,100,42,0.0,50000,confidence,,,,0,10,farthestpose,,,,,,,,,,,0.0,,vggt,kitchen,,,,,,MCMC,,,,,,,,,,,sfm,indoor,,,,,,,,,,,,/home/ojab2/work/git/vggt/vggt_outputs/kitchen_2_n100_s42_c0.0_p50000_confidence_farthestpose/eval_results.json,,kitchen_2_n100_s42_c0.0_p50000_confidence_farthestpose,0.3392,0.031011,100,,,,/home/ojab2/work/git/vggt/vggt_outputs/kitchen_2_n100_s42_c0.0_p50000_confidence_farthestpose/eval_results.json,kitchen_2_n100_s42_c0.0_p50000_confidence_farthestpose,,,vggt | confidence,46250.0
vggt,100,42,0.0,50000,confidence,,,,0,10,farthestpose,,,,,,,,,,,0.0,,vggt,counter,,,,,,MCMC,,,,,,,,,,,sfm,indoor,,,,,,,,,,,,/home/ojab2/work/git/vggt/vggt_outputs/counter_2_n100_s42_c0.0_p50000_confidence_farthestpose/eval_results.json,,counter_2_n100_s42_c0.0_p50000_confidence_farthestpose,0.3433,0.032901,100,,,,/home/ojab2/work/git/vggt/vggt_outputs/counter_2_n100_s42_c0.0_p50000_confidence_farthestpose/eval_results.json,counter_2_n100_s42_c0.0_p50000_confidence_farthestpose,,,vggt | confidence,46250.0
vggt,100,42,0.0,100000,confidence,,,,0,10,farthestpose,100,GT Eval,,,,,,,,,0.0,,vggt,bonsai,,,15000,15000,,MCMC,,,,,,,,,,,gsplat,indoor,17.729904174804688,0.4186680316925049,0.5755217671394348,1000000,0.024335382506251335,0.7215029001235962,,,0.31288968765402553,0.3623512915248486,100000,/home/ojab2/work/git/gsplat/results/vggt_outputs/bonsai_2_n100_s42_c0.0_p100000_confidence_farthestpose_i100_gteval_steps15000/stats/val_step14999.json,/home/ojab2/work/git/gsplat/results/vggt_outputs/bonsai_2_n100_s42_c0.0_p100000_confidence_farthestpose_i100_gteval_steps15000/stats/val_step14999.json,bonsai_2_n100_s42_c0.0_p100000_confidence_farthestpose_i100_gteval_steps15000,0.7897,0.107121,100,,,,/home/ojab2/work/git/vggt/vggt_outputs/bonsai_2_n100_s42_c0.0_p100000_confidence_farthestpose/eval_results.json,bonsai_2_n100_s42_c0.0_p100000_confidence_farthestpose,bonsai_2_n100_s42_c0.0_p100000_confidence_farthestpose_i100_gteval_steps15000_val_step14999.json,100000,vggt | confidence,92500.0
vggt,100,42,0.0,100000,confidence,,,,0,10,farthestpose,,,,,,,,,,,0.0,,vggt,kitchen,,,,,,MCMC,,,,,,,,,,,sfm,indoor,,,,,,,,,,,,/home/ojab2/work/git/vggt/vggt_outputs/kitchen_2_n100_s42_c0.0_p100000_confidence_farthestpose/eval_results.json,,kitchen_2_n100_s42_c0.0_p100000_confidence_farthestpose,0.3392,0.031011,100,,,,/home/ojab2/work/git/vggt/vggt_outputs/kitchen_2_n100_s42_c0.0_p100000_confidence_farthestpose/eval_results.json,kitchen_2_n100_s42_c0.0_p100000_confidence_farthestpose,,,vggt | confidence,92500.0
vggt,100,42,0.0,100000,confidence,,,,0,10,farthestpose,,,,,,,,,,,0.0,,vggt,counter,,,,,,MCMC,,,,,,,,,,,sfm,indoor,,,,,,,,,,,,/home/ojab2/work/git/vggt/vggt_outputs/counter_2_n100_s42_c0.0_p100000_confidence_farthestpose/eval_results.json,,counter_2_n100_s42_c0.0_p100000_confidence_farthestpose,0.3433,0.032901,100,,,,/home/ojab2/work/git/vggt/vggt_outputs/counter_2_n100_s42_c0.0_p100000_confidence_farthestpose/eval_results.json,counter_2_n100_s42_c0.0_p100000_confidence_farthestpose,,,vggt | confidence,92500.0
vggt,100,42,0.0,500000,confidence,,,,0,10,farthestpose,100,GT Eval,,,,,,,,,0.0,,vggt,bonsai,,,15000,15000,,MCMC,,,,,,,,,,,gsplat,indoor,17.68769645690918,0.4167061746120453,0.5684430003166199,1000000,0.024335382506251335,0.7215029001235962,,,0.30917945641678135,0.3635555904412501,500000,/home/ojab2/work/git/gsplat/results/vggt_outputs/bonsai_2_n100_s42_c0.0_p500000_confidence_farthestpose_i100_gteval_steps15000/stats/val_step14999.json,/home/ojab2/work/git/gsplat/results/vggt_outputs/bonsai_2_n100_s42_c0.0_p500000_confidence_farthestpose_i100_gteval_steps15000/stats/val_step14999.json,bonsai_2_n100_s42_c0.0_p500000_confidence_farthestpose_i100_gteval_steps15000,0.7897,0.107121,100,,,,/home/ojab2/work/git/vggt/vggt_outputs/bonsai_2_n100_s42_c0.0_p500000_confidence_farthestpose/eval_results.json,bonsai_2_n100_s42_c0.0_p500000_confidence_farthestpose,bonsai_2_n100_s42_c0.0_p500000_confidence_farthestpose_i100_gteval_steps15000_val_step14999.json,500000,vggt | confidence,462500.0
vggt,100,42,0.0,500000,confidence,,,,0,10,farthestpose,,,,,,,,,,,0.0,,vggt,kitchen,,,,,,MCMC,,,,,,,,,,,sfm,indoor,,,,,,,,,,,,/home/ojab2/work/git/vggt/vggt_outputs/kitchen_2_n100_s42_c0.0_p500000_confidence_farthestpose/eval_results.json,,kitchen_2_n100_s42_c0.0_p500000_confidence_farthestpose,0.3392,0.031011,100,,,,/home/ojab2/work/git/vggt/vggt_outputs/kitchen_2_n100_s42_c0.0_p500000_confidence_farthestpose/eval_results.json,kitchen_2_n100_s42_c0.0_p500000_confidence_farthestpose,,,vggt | confidence,462500.0
vggt,100,42,0.0,500000,confidence,,,,0,10,farthestpose,,,,,,,,,,,0.0,,vggt,counter,,,,,,MCMC,,,,,,,,,,,sfm,indoor,,,,,,,,,,,,/home/ojab2/work/git/vggt/vggt_outputs/counter_2_n100_s42_c0.0_p500000_confidence_farthestpose/eval_results.json,,counter_2_n100_s42_c0.0_p500000_confidence_farthestpose,0.3433,0.032901,100,,,,/home/ojab2/work/git/vggt/vggt_outputs/counter_2_n100_s42_c0.0_p500000_confidence_farthestpose/eval_results.json,counter_2_n100_s42_c0.0_p500000_confidence_farthestpose,,,vggt | confidence,462500.0
vggt,100,42,0.0,1000000,confidence,,,,0,10,farthestpose,100,GT Eval,,,,,,,,,0.0,,vggt,bonsai,,,15000,15000,,MCMC,,,,,,,,,,,gsplat,indoor,17.688114166259766,0.4190678596496582,0.5680431723594666,1000000,0.024335382506251335,0.7215029001235962,,,0.307495543986191,0.3644436878226761,1000000,/home/ojab2/work/git/gsplat/results/vggt_outputs/bonsai_2_n100_s42_c0.0_p1000000_confidence_farthestpose_i100_gteval_steps15000/stats/val_step14999.json,/home/ojab2/work/git/gsplat/results/vggt_outputs/bonsai_2_n100_s42_c0.0_p1000000_confidence_farthestpose_i100_gteval_steps15000/stats/val_step14999.json,bonsai_2_n100_s42_c0.0_p1000000_confidence_farthestpose_i100_gteval_steps15000,0.7897,0.107121,100,,,,/home/ojab2/work/git/vggt/vggt_outputs/bonsai_2_n100_s42_c0.0_p1000000_confidence_farthestpose/eval_results.json,bonsai_2_n100_s42_c0.0_p1000000_confidence_farthestpose,bonsai_2_n100_s42_c0.0_p1000000_confidence_farthestpose_i100_gteval_steps15000_val_step14999.json,1000000,vggt | confidence,925000.0
vggt,100,42,0.0,1000000,confidence,,,,0,10,farthestpose,,,,,,,,,,,0.0,,vggt,kitchen,,,,,,MCMC,,,,,,,,,,,sfm,indoor,,,,,,,,,,,,/home/ojab2/work/git/vggt/vggt_outputs/kitchen_2_n100_s42_c0.0_p1000000_confidence_farthestpose/eval_results.json,,kitchen_2_n100_s42_c0.0_p1000000_confidence_farthestpose,0.3392,0.031011,100,,,,/home/ojab2/work/git/vggt/vggt_outputs/kitchen_2_n100_s42_c0.0_p1000000_confidence_farthestpose/eval_results.json,kitchen_2_n100_s42_c0.0_p1000000_confidence_farthestpose,,,vggt | confidence,925000.0
vggt,100,42,0.0,1000000,confidence,,,,0,10,farthestpose,,,,,,,,,,,0.0,,vggt,counter,,,,,,MCMC,,,,,,,,,,,sfm,indoor,,,,,,,,,,,,/home/ojab2/work/git/vggt/vggt_outputs/counter_2_n100_s42_c0.0_p1000000_confidence_farthestpose/eval_results.json,,counter_2_n100_s42_c0.0_p1000000_confidence_farthestpose,0.3433,0.032901,100,,,,/home/ojab2/work/git/vggt/vggt_outputs/counter_2_n100_s42_c0.0_p1000000_confidence_farthestpose/eval_results.json,counter_2_n100_s42_c0.0_p1000000_confidence_farthestpose,,,vggt | confidence,925000.0
vggt,100,42,0.0,1000,imagefps,,,,0,10,farthestpose,100,GT Eval,,,,,,,,,0.0,,vggt,bonsai,,,15000,15000,,MCMC,,,,,,,,,,,gsplat,indoor,18.063308715820312,0.5464736223220825,0.6130127906799316,1000000,0.024335382506251335,0.7215034365653992,,,0.26209608109606175,0.39472538481551367,1000,/home/ojab2/work/git/gsplat/results/vggt_outputs/bonsai_2_n100_s42_c0.0_p1000_imagefps_farthestpose_i100_gteval_steps15000/stats/val_step14999.json,/home/ojab2/work/git/gsplat/results/vggt_outputs/bonsai_2_n100_s42_c0.0_p1000_imagefps_farthestpose_i100_gteval_steps15000/stats/val_step14999.json,bonsai_2_n100_s42_c0.0_p1000_imagefps_farthestpose_i100_gteval_steps15000,0.7215,0.105749,100,,,,/home/ojab2/work/git/vggt/vggt_outputs/bonsai_2_n100_s42_c0.0_p1000_imagefps_farthestpose/eval_results.json,bonsai_2_n100_s42_c0.0_p1000_imagefps_farthestpose,bonsai_2_n100_s42_c0.0_p1000_imagefps_farthestpose_i100_gteval_steps15000_val_step14999.json,1000,vggt | imagefps,975.0
vggt,100,42,0.0,1000,imagefps,,,,0,10,farthestpose,,,,,,,,,,,0.0,,vggt,kitchen,,,,,,MCMC,,,,,,,,,,,sfm,indoor,,,,,,,,,,,,/home/ojab2/work/git/vggt/vggt_outputs/kitchen_2_n100_s42_c0.0_p1000_imagefps_farthestpose/eval_results.json,,kitchen_2_n100_s42_c0.0_p1000_imagefps_farthestpose,0.3392,0.031011,100,,,,/home/ojab2/work/git/vggt/vggt_outputs/kitchen_2_n100_s42_c0.0_p1000_imagefps_farthestpose/eval_results.json,kitchen_2_n100_s42_c0.0_p1000_imagefps_farthestpose,,,vggt | imagefps,975.0
vggt,100,42,0.0,1000,imagefps,,,,0,10,farthestpose,,,,,,,,,,,0.0,,vggt,counter,,,,,,MCMC,,,,,,,,,,,sfm,indoor,,,,,,,,,,,,/home/ojab2/work/git/vggt/vggt_outputs/counter_2_n100_s42_c0.0_p1000_imagefps_farthestpose/eval_results.json,,counter_2_n100_s42_c0.0_p1000_imagefps_farthestpose,0.3433,0.032901,100,,,,/home/ojab2/work/git/vggt/vggt_outputs/counter_2_n100_s42_c0.0_p1000_imagefps_farthestpose/eval_results.json,counter_2_n100_s42_c0.0_p1000_imagefps_farthestpose,,,vggt | imagefps,975.0
vggt,100,42,0.0,5000,imagefps,,,,0,10,farthestpose,100,GT Eval,,,,,,,,,0.0,,vggt,bonsai,,,15000,15000,,MCMC,,,,,,,,,,,gsplat,indoor,17.858966827392578,0.48267611861228943,0.5963529944419861,1000000,0.024335382506251335,0.7215033769607544,,,0.2879505762812222,0.3781267930563216,5000,/home/ojab2/work/git/gsplat/results/vggt_outputs/bonsai_2_n100_s42_c0.0_p5000_imagefps_farthestpose_i100_gteval_steps15000/stats/val_step14999.json,/home/ojab2/work/git/gsplat/results/vggt_outputs/bonsai_2_n100_s42_c0.0_p5000_imagefps_farthestpose_i100_gteval_steps15000/stats/val_step14999.json,bonsai_2_n100_s42_c0.0_p5000_imagefps_farthestpose_i100_gteval_steps15000,0.7215,0.105749,100,,,,/home/ojab2/work/git/vggt/vggt_outputs/bonsai_2_n100_s42_c0.0_p5000_imagefps_farthestpose/eval_results.json,bonsai_2_n100_s42_c0.0_p5000_imagefps_farthestpose,bonsai_2_n100_s42_c0.0_p5000_imagefps_farthestpose_i100_gteval_steps15000_val_step14999.json,5000,vggt | imagefps,4875.0
vggt,100,42,0.0,5000,imagefps,,,,0,10,farthestpose,,,,,,,,,,,0.0,,vggt,kitchen,,,,,,MCMC,,,,,,,,,,,sfm,indoor,,,,,,,,,,,,/home/ojab2/work/git/vggt/vggt_outputs/kitchen_2_n100_s42_c0.0_p5000_imagefps_farthestpose/eval_results.json,,kitchen_2_n100_s42_c0.0_p5000_imagefps_farthestpose,0.3392,0.031011,100,,,,/home/ojab2/work/git/vggt/vggt_outputs/kitchen_2_n100_s42_c0.0_p5000_imagefps_farthestpose/eval_results.json,kitchen_2_n100_s42_c0.0_p5000_imagefps_farthestpose,,,vggt | imagefps,4875.0
vggt,100,42,0.0,5000,imagefps,,,,0,10,farthestpose,,,,,,,,,,,0.0,,vggt,counter,,,,,,MCMC,,,,,,,,,,,sfm,indoor,,,,,,,,,,,,/home/ojab2/work/git/vggt/vggt_outputs/counter_2_n100_s42_c0.0_p5000_imagefps_farthestpose/eval_results.json,,counter_2_n100_s42_c0.0_p5000_imagefps_farthestpose,0.3433,0.032901,100,,,,/home/ojab2/work/git/vggt/vggt_outputs/counter_2_n100_s42_c0.0_p5000_imagefps_farthestpose/eval_results.json,counter_2_n100_s42_c0.0_p5000_imagefps_farthestpose,,,vggt | imagefps,4875.0
vggt,100,42,0.0,10000,imagefps,,,,0,10,farthestpose,100,GT Eval,,,,,,,,,0.0,,vggt,bonsai,,,15000,15000,,MCMC,,,,,,,,,,,gsplat,indoor,17.823955535888672,0.46750667691230774,0.5920202732086182,1000000,0.024335382506251335,0.7215033769607544,,,0.2941323168251404,0.3742480543286327,10000,/home/ojab2/work/git/gsplat/results/vggt_outputs/bonsai_2_n100_s42_c0.0_p10000_imagefps_farthestpose_i100_gteval_steps15000/stats/val_step14999.json,/home/ojab2/work/git/gsplat/results/vggt_outputs/bonsai_2_n100_s42_c0.0_p10000_imagefps_farthestpose_i100_gteval_steps15000/stats/val_step14999.json,bonsai_2_n100_s42_c0.0_p10000_imagefps_farthestpose_i100_gteval_steps15000,0.7215,0.105749,100,,,,/home/ojab2/work/git/vggt/vggt_outputs/bonsai_2_n100_s42_c0.0_p10000_imagefps_farthestpose/eval_results.json,bonsai_2_n100_s42_c0.0_p10000_imagefps_farthestpose,bonsai_2_n100_s42_c0.0_p10000_imagefps_farthestpose_i100_gteval_steps15000_val_step14999.json,10000,vggt | imagefps,9750.0
vggt,100,42,0.0,10000,imagefps,,,,0,10,farthestpose,,,,,,,,,,,0.0,,vggt,kitchen,,,,,,MCMC,,,,,,,,,,,sfm,indoor,,,,,,,,,,,,/home/ojab2/work/git/vggt/vggt_outputs/kitchen_2_n100_s42_c0.0_p10000_imagefps_farthestpose/eval_results.json,,kitchen_2_n100_s42_c0.0_p10000_imagefps_farthestpose,0.3392,0.031011,100,,,,/home/ojab2/work/git/vggt/vggt_outputs/kitchen_2_n100_s42_c0.0_p10000_imagefps_farthestpose/eval_results.json,kitchen_2_n100_s42_c0.0_p10000_imagefps_farthestpose,,,vggt | imagefps,9750.0
vggt,100,42,0.0,10000,imagefps,,,,0,10,farthestpose,,,,,,,,,,,0.0,,vggt,counter,,,,,,MCMC,,,,,,,,,,,sfm,indoor,,,,,,,,,,,,/home/ojab2/work/git/vggt/vggt_outputs/counter_2_n100_s42_c0.0_p10000_imagefps_farthestpose/eval_results.json,,counter_2_n100_s42_c0.0_p10000_imagefps_farthestpose,0.3433,0.032901,100,,,,/home/ojab2/work/git/vggt/vggt_outputs/counter_2_n100_s42_c0.0_p10000_imagefps_farthestpose/eval_results.json,counter_2_n100_s42_c0.0_p10000_imagefps_farthestpose,,,vggt | imagefps,9750.0
vggt,100,42,0.0,50000,imagefps,,,,0,10,farthestpose,100,GT Eval,,,,,,,,,0.0,,vggt,bonsai,,,15000,15000,,MCMC,,,,,,,,,,,gsplat,indoor,17.715805053710938,0.4414813816547394,0.5793818235397339,1000000,0.024335382506251335,0.7215033769607544,,,0.3008036209516048,0.36898431839054047,50000,/home/ojab2/work/git/gsplat/results/vggt_outputs/bonsai_2_n100_s42_c0.0_p50000_imagefps_farthestpose_i100_gteval_steps15000/stats/val_step14999.json,/home/ojab2/work/git/gsplat/results/vggt_outputs/bonsai_2_n100_s42_c0.0_p50000_imagefps_farthestpose_i100_gteval_steps15000/stats/val_step14999.json,bonsai_2_n100_s42_c0.0_p50000_imagefps_farthestpose_i100_gteval_steps15000,0.7215,0.105749,100,,,,/home/ojab2/work/git/vggt/vggt_outputs/bonsai_2_n100_s42_c0.0_p50000_imagefps_farthestpose/eval_results.json,bonsai_2_n100_s42_c0.0_p50000_imagefps_farthestpose,bonsai_2_n100_s42_c0.0_p50000_imagefps_farthestpose_i100_gteval_steps15000_val_step14999.json,50000,vggt | imagefps,48750.0
vggt,100,42,0.0,50000,imagefps,,,,0,10,farthestpose,,,,,,,,,,,0.0,,vggt,kitchen,,,,,,MCMC,,,,,,,,,,,sfm,indoor,,,,,,,,,,,,/home/ojab2/work/git/vggt/vggt_outputs/kitchen_2_n100_s42_c0.0_p50000_imagefps_farthestpose/eval_results.json,,kitchen_2_n100_s42_c0.0_p50000_imagefps_farthestpose,0.3392,0.031011,100,,,,/home/ojab2/work/git/vggt/vggt_outputs/kitchen_2_n100_s42_c0.0_p50000_imagefps_farthestpose/eval_results.json,kitchen_2_n100_s42_c0.0_p50000_imagefps_farthestpose,,,vggt | imagefps,48750.0
vggt,100,42,0.0,50000,imagefps,,,,0,10,farthestpose,,,,,,,,,,,0.0,,vggt,counter,,,,,,MCMC,,,,,,,,,,,sfm,indoor,,,,,,,,,,,,/home/ojab2/work/git/vggt/vggt_outputs/counter_2_n100_s42_c0.0_p50000_imagefps_farthestpose/eval_results.json,,counter_2_n100_s42_c0.0_p50000_imagefps_farthestpose,0.3433,0.032901,100,,,,/home/ojab2/work/git/vggt/vggt_outputs/counter_2_n100_s42_c0.0_p50000_imagefps_farthestpose/eval_results.json,counter_2_n100_s42_c0.0_p50000_imagefps_farthestpose,,,vggt | imagefps,48750.0
vggt,100,42,0.0,100000,imagefps,,,,0,10,farthestpose,100,GT Eval,,,,,,,,,0.0,,vggt,bonsai,,,15000,15000,,MCMC,,,,,,,,,,,gsplat,indoor,17.69141387939453,0.4343869090080261,0.5734401345252991,1000000,0.024335382506251335,0.7215033769607544,,,0.30125656470298146,0.36817282015925346,100000,/home/ojab2/work/git/gsplat/results/vggt_outputs/bonsai_2_n100_s42_c0.0_p100000_imagefps_farthestpose_i100_gteval_steps15000/stats/val_step14999.json,/home/ojab2/work/git/gsplat/results/vggt_outputs/bonsai_2_n100_s42_c0.0_p100000_imagefps_farthestpose_i100_gteval_steps15000/stats/val_step14999.json,bonsai_2_n100_s42_c0.0_p100000_imagefps_farthestpose_i100_gteval_steps15000,0.7215,0.105749,100,,,,/home/ojab2/work/git/vggt/vggt_outputs/bonsai_2_n100_s42_c0.0_p100000_imagefps_farthestpose/eval_results.json,bonsai_2_n100_s42_c0.0_p100000_imagefps_farthestpose,bonsai_2_n100_s42_c0.0_p100000_imagefps_farthestpose_i100_gteval_steps15000_val_step14999.json,100000,vggt | imagefps,97500.0
vggt,100,42,0.0,100000,imagefps,,,,0,10,farthestpose,,,,,,,,,,,0.0,,vggt,kitchen,,,,,,MCMC,,,,,,,,,,,sfm,indoor,,,,,,,,,,,,/home/ojab2/work/git/vggt/vggt_outputs/kitchen_2_n100_s42_c0.0_p100000_imagefps_farthestpose/eval_results.json,,kitchen_2_n100_s42_c0.0_p100000_imagefps_farthestpose,0.3392,0.031011,100,,,,/home/ojab2/work/git/vggt/vggt_outputs/kitchen_2_n100_s42_c0.0_p100000_imagefps_farthestpose/eval_results.json,kitchen_2_n100_s42_c0.0_p100000_imagefps_farthestpose,,,vggt | imagefps,97500.0
vggt,100,42,0.0,100000,imagefps,,,,0,10,farthestpose,,,,,,,,,,,0.0,,vggt,counter,,,,,,MCMC,,,,,,,,,,,sfm,indoor,,,,,,,,,,,,/home/ojab2/work/git/vggt/vggt_outputs/counter_2_n100_s42_c0.0_p100000_imagefps_farthestpose/eval_results.json,,counter_2_n100_s42_c0.0_p100000_imagefps_farthestpose,0.3433,0.032901,100,,,,/home/ojab2/work/git/vggt/vggt_outputs/counter_2_n100_s42_c0.0_p100000_imagefps_farthestpose/eval_results.json,counter_2_n100_s42_c0.0_p100000_imagefps_farthestpose,,,vggt | imagefps,97500.0
vggt,100,42,0.0,500000,imagefps,,,,0,10,farthestpose,100,GT Eval,,,,,,,,,0.0,,vggt,bonsai,,,15000,15000,,MCMC,,,,,,,,,,,gsplat,indoor,17.610759735107422,0.4331241548061371,0.5586441159248352,1000000,0.024335382506251335,0.7215033769607544,,,0.29188980488439437,0.3716017900013642,500000,/home/ojab2/work/git/gsplat/results/vggt_outputs/bonsai_2_n100_s42_c0.0_p500000_imagefps_farthestpose_i100_gteval_steps15000/stats/val_step14999.json,/home/ojab2/work/git/gsplat/results/vggt_outputs/bonsai_2_n100_s42_c0.0_p500000_imagefps_farthestpose_i100_gteval_steps15000/stats/val_step14999.json,bonsai_2_n100_s42_c0.0_p500000_imagefps_farthestpose_i100_gteval_steps15000,0.7215,0.105749,100,,,,/home/ojab2/work/git/vggt/vggt_outputs/bonsai_2_n100_s42_c0.0_p500000_imagefps_farthestpose/eval_results.json,bonsai_2_n100_s42_c0.0_p500000_imagefps_farthestpose,bonsai_2_n100_s42_c0.0_p500000_imagefps_farthestpose_i100_gteval_steps15000_val_step14999.json,500000,vggt | imagefps,487500.0
vggt,100,42,0.0,500000,imagefps,,,,0,10,farthestpose,,,,,,,,,,,0.0,,vggt,kitchen,,,,,,MCMC,,,,,,,,,,,sfm,indoor,,,,,,,,,,,,/home/ojab2/work/git/vggt/vggt_outputs/kitchen_2_n100_s42_c0.0_p500000_imagefps_farthestpose/eval_results.json,,kitchen_2_n100_s42_c0.0_p500000_imagefps_farthestpose,0.3392,0.031011,100,,,,/home/ojab2/work/git/vggt/vggt_outputs/kitchen_2_n100_s42_c0.0_p500000_imagefps_farthestpose/eval_results.json,kitchen_2_n100_s42_c0.0_p500000_imagefps_farthestpose,,,vggt | imagefps,487500.0
vggt,100,42,0.0,500000,imagefps,,,,0,10,farthestpose,,,,,,,,,,,0.0,,vggt,counter,,,,,,MCMC,,,,,,,,,,,sfm,indoor,,,,,,,,,,,,/home/ojab2/work/git/vggt/vggt_outputs/counter_2_n100_s42_c0.0_p500000_imagefps_farthestpose/eval_results.json,,counter_2_n100_s42_c0.0_p500000_imagefps_farthestpose,0.3433,0.032901,100,,,,/home/ojab2/work/git/vggt/vggt_outputs/counter_2_n100_s42_c0.0_p500000_imagefps_farthestpose/eval_results.json,counter_2_n100_s42_c0.0_p500000_imagefps_farthestpose,,,vggt | imagefps,487500.0
vggt,100,42,0.0,1000000,imagefps,,,,0,10,farthestpose,100,GT Eval,,,,,,,,,0.0,,vggt,bonsai,,,15000,15000,,MCMC,,,,,,,,,,,gsplat,indoor,17.569461822509766,0.4340345561504364,0.5553447008132935,1000000,0.024335382506251335,0.7215033769607544,,,0.28863357006535273,0.37278666018383055,1000000,/home/ojab2/work/git/gsplat/results/vggt_outputs/bonsai_2_n100_s42_c0.0_p1000000_imagefps_farthestpose_i100_gteval_steps15000/stats/val_step14999.json,/home/ojab2/work/git/gsplat/results/vggt_outputs/bonsai_2_n100_s42_c0.0_p1000000_imagefps_farthestpose_i100_gteval_steps15000/stats/val_step14999.json,bonsai_2_n100_s42_c0.0_p1000000_imagefps_farthestpose_i100_gteval_steps15000,0.7215,0.105749,100,,,,/home/ojab2/work/git/vggt/vggt_outputs/bonsai_2_n100_s42_c0.0_p1000000_imagefps_farthestpose/eval_results.json,bonsai_2_n100_s42_c0.0_p1000000_imagefps_farthestpose,bonsai_2_n100_s42_c0.0_p1000000_imagefps_farthestpose_i100_gteval_steps15000_val_step14999.json,1000000,vggt | imagefps,975000.0
vggt,100,42,0.0,1000000,imagefps,,,,0,10,farthestpose,,,,,,,,,,,0.0,,vggt,kitchen,,,,,,MCMC,,,,,,,,,,,sfm,indoor,,,,,,,,,,,,/home/ojab2/work/git/vggt/vggt_outputs/kitchen_2_n100_s42_c0.0_p1000000_imagefps_farthestpose/eval_results.json,,kitchen_2_n100_s42_c0.0_p1000000_imagefps_farthestpose,0.3392,0.031011,100,,,,/home/ojab2/work/git/vggt/vggt_outputs/kitchen_2_n100_s42_c0.0_p1000000_imagefps_farthestpose/eval_results.json,kitchen_2_n100_s42_c0.0_p1000000_imagefps_farthestpose,,,vggt | imagefps,975000.0
vggt,100,42,0.0,1000000,imagefps,,,,0,10,farthestpose,,,,,,,,,,,0.0,,vggt,counter,,,,,,MCMC,,,,,,,,,,,sfm,indoor,,,,,,,,,,,,/home/ojab2/work/git/vggt/vggt_outputs/counter_2_n100_s42_c0.0_p1000000_imagefps_farthestpose/eval_results.json,,counter_2_n100_s42_c0.0_p1000000_imagefps_farthestpose,0.3433,0.032901,100,,,,/home/ojab2/work/git/vggt/vggt_outputs/counter_2_n100_s42_c0.0_p1000000_imagefps_farthestpose/eval_results.json,counter_2_n100_s42_c0.0_p1000000_imagefps_farthestpose,,,vggt | imagefps,975000.0
vggt,100,42,0.0,1000,random,,,,0,10,farthestpose,100,GT Eval,,,,,,,,,0.0,,vggt,bonsai,,,15000,15000,,MCMC,,,,,,,,,,,gsplat,indoor,17.979167938232422,0.5369040369987488,0.6107745170593262,1000000,0.024335382506251335,0.7215031385421753,,,0.2651361380404199,0.3922361855957915,1000,/home/ojab2/work/git/gsplat/results/vggt_outputs/bonsai_2_n100_s42_c0.0_p1000_random_farthestpose_i100_gteval_steps15000/stats/val_step14999.json,/home/ojab2/work/git/gsplat/results/vggt_outputs/bonsai_2_n100_s42_c0.0_p1000_random_farthestpose_i100_gteval_steps15000/stats/val_step14999.json,bonsai_2_n100_s42_c0.0_p1000_random_farthestpose_i100_gteval_steps15000,0.7897,0.107121,100,,,,/home/ojab2/work/git/vggt/vggt_outputs/bonsai_2_n100_s42_c0.0_p1000_random_farthestpose/eval_results.json,bonsai_2_n100_s42_c0.0_p1000_random_farthestpose,bonsai_2_n100_s42_c0.0_p1000_random_farthestpose_i100_gteval_steps15000_val_step14999.json,1000,vggt | random,1025.0
vggt,100,42,0.0,1000,random,,,,0,10,farthestpose,,,,,,,,,,,0.0,,vggt,kitchen,,,,,,MCMC,,,,,,,,,,,sfm,indoor,,,,,,,,,,,,/home/ojab2/work/git/vggt/vggt_outputs/kitchen_2_n100_s42_c0.0_p1000_random_farthestpose/eval_results.json,,kitchen_2_n100_s42_c0.0_p1000_random_farthestpose,0.3392,0.031011,100,,,,/home/ojab2/work/git/vggt/vggt_outputs/kitchen_2_n100_s42_c0.0_p1000_random_farthestpose/eval_results.json,kitchen_2_n100_s42_c0.0_p1000_random_farthestpose,,,vggt | random,1025.0
vggt,100,42,0.0,1000,random,,,,0,10,farthestpose,,,,,,,,,,,0.0,,vggt,counter,,,,,,MCMC,,,,,,,,,,,sfm,indoor,,,,,,,,,,,,/home/ojab2/work/git/vggt/vggt_outputs/counter_2_n100_s42_c0.0_p1000_random_farthestpose/eval_results.json,,counter_2_n100_s42_c0.0_p1000_random_farthestpose,0.3433,0.032901,100,,,,/home/ojab2/work/git/vggt/vggt_outputs/counter_2_n100_s42_c0.0_p1000_random_farthestpose/eval_results.json,counter_2_n100_s42_c0.0_p1000_random_farthestpose,,,vggt | random,1025.0
vggt,100,42,0.0,5000,random,,,,0,10,farthestpose,100,GT Eval,,,,,,,,,0.0,,vggt,bonsai,,,15000,15000,,MCMC,,,,,,,,,,,gsplat,indoor,17.889978408813477,0.4770657420158386,0.5969281792640686,1000000,0.024335382506251335,0.7215033173561096,,,0.29232442564899225,0.37606689511260677,5000,/home/ojab2/work/git/gsplat/results/vggt_outputs/bonsai_2_n100_s42_c0.0_p5000_random_farthestpose_i100_gteval_steps15000/stats/val_step14999.json,/home/ojab2/work/git/gsplat/results/vggt_outputs/bonsai_2_n100_s42_c0.0_p5000_random_farthestpose_i100_gteval_steps15000/stats/val_step14999.json,bonsai_2_n100_s42_c0.0_p5000_random_farthestpose_i100_gteval_steps15000,0.7897,0.107121,100,,,,/home/ojab2/work/git/vggt/vggt_outputs/bonsai_2_n100_s42_c0.0_p5000_random_farthestpose/eval_results.json,bonsai_2_n100_s42_c0.0_p5000_random_farthestpose,bonsai_2_n100_s42_c0.0_p5000_random_farthestpose_i100_gteval_steps15000_val_step14999.json,5000,vggt | random,5125.0
vggt,100,42,0.0,5000,random,,,,0,10,farthestpose,,,,,,,,,,,0.0,,vggt,kitchen,,,,,,MCMC,,,,,,,,,,,sfm,indoor,,,,,,,,,,,,/home/ojab2/work/git/vggt/vggt_outputs/kitchen_2_n100_s42_c0.0_p5000_random_farthestpose/eval_results.json,,kitchen_2_n100_s42_c0.0_p5000_random_farthestpose,0.3392,0.031011,100,,,,/home/ojab2/work/git/vggt/vggt_outputs/kitchen_2_n100_s42_c0.0_p5000_random_farthestpose/eval_results.json,kitchen_2_n100_s42_c0.0_p5000_random_farthestpose,,,vggt | random,5125.0
vggt,100,42,0.0,5000,random,,,,0,10,farthestpose,,,,,,,,,,,0.0,,vggt,counter,,,,,,MCMC,,,,,,,,,,,sfm,indoor,,,,,,,,,,,,/home/ojab2/work/git/vggt/vggt_outputs/counter_2_n100_s42_c0.0_p5000_random_farthestpose/eval_results.json,,counter_2_n100_s42_c0.0_p5000_random_farthestpose,0.3433,0.032901,100,,,,/home/ojab2/work/git/vggt/vggt_outputs/counter_2_n100_s42_c0.0_p5000_random_farthestpose/eval_results.json,counter_2_n100_s42_c0.0_p5000_random_farthestpose,,,vggt | random,5125.0
vggt,100,42,0.0,10000,random,,,,0,10,farthestpose,100,GT Eval,,,,,,,,,0.0,,vggt,bonsai,,,15000,15000,,MCMC,,,,,,,,,,,gsplat,indoor,17.87259292602539,0.45988789200782776,0.592063844203949,1000000,0.024335382506251335,0.7215033173561096,,,0.29976144299404894,0.3716358211107602,10000,/home/ojab2/work/git/gsplat/results/vggt_outputs/bonsai_2_n100_s42_c0.0_p10000_random_farthestpose_i100_gteval_steps15000/stats/val_step14999.json,/home/ojab2/work/git/gsplat/results/vggt_outputs/bonsai_2_n100_s42_c0.0_p10000_random_farthestpose_i100_gteval_steps15000/stats/val_step14999.json,bonsai_2_n100_s42_c0.0_p10000_random_farthestpose_i100_gteval_steps15000,0.7897,0.107121,100,,,,/home/ojab2/work/git/vggt/vggt_outputs/bonsai_2_n100_s42_c0.0_p10000_random_farthestpose/eval_results.json,bonsai_2_n100_s42_c0.0_p10000_random_farthestpose,bonsai_2_n100_s42_c0.0_p10000_random_farthestpose_i100_gteval_steps15000_val_step14999.json,10000,vggt | random,10250.0
vggt,100,42,0.0,10000,random,,,,0,10,farthestpose,,,,,,,,,,,0.0,,vggt,kitchen,,,,,,MCMC,,,,,,,,,,,sfm,indoor,,,,,,,,,,,,/home/ojab2/work/git/vggt/vggt_outputs/kitchen_2_n100_s42_c0.0_p10000_random_farthestpose/eval_results.json,,kitchen_2_n100_s42_c0.0_p10000_random_farthestpose,0.3392,0.031011,100,,,,/home/ojab2/work/git/vggt/vggt_outputs/kitchen_2_n100_s42_c0.0_p10000_random_farthestpose/eval_results.json,kitchen_2_n100_s42_c0.0_p10000_random_farthestpose,,,vggt | random,10250.0
vggt,100,42,0.0,10000,random,,,,0,10,farthestpose,,,,,,,,,,,0.0,,vggt,counter,,,,,,MCMC,,,,,,,,,,,sfm,indoor,,,,,,,,,,,,/home/ojab2/work/git/vggt/vggt_outputs/counter_2_n100_s42_c0.0_p10000_random_farthestpose/eval_results.json,,counter_2_n100_s42_c0.0_p10000_random_farthestpose,0.3433,0.032901,100,,,,/home/ojab2/work/git/vggt/vggt_outputs/counter_2_n100_s42_c0.0_p10000_random_farthestpose/eval_results.json,counter_2_n100_s42_c0.0_p10000_random_farthestpose,,,vggt | random,10250.0
vggt,100,42,0.0,50000,random,,,,0,10,farthestpose,100,GT Eval,,,,,,,,,0.0,,vggt,bonsai,,,15000,15000,,MCMC,,,,,,,,,,,gsplat,indoor,17.745101928710938,0.42596033215522766,0.5798444151878357,1000000,0.024335382506251335,0.7215033769607544,,,0.3111975718582505,0.36365380398780867,50000,/home/ojab2/work/git/gsplat/results/vggt_outputs/bonsai_2_n100_s42_c0.0_p50000_random_farthestpose_i100_gteval_steps15000/stats/val_step14999.json,/home/ojab2/work/git/gsplat/results/vggt_outputs/bonsai_2_n100_s42_c0.0_p50000_random_farthestpose_i100_gteval_steps15000/stats/val_step14999.json,bonsai_2_n100_s42_c0.0_p50000_random_farthestpose_i100_gteval_steps15000,0.7897,0.107121,100,,,,/home/ojab2/work/git/vggt/vggt_outputs/bonsai_2_n100_s42_c0.0_p50000_random_farthestpose/eval_results.json,bonsai_2_n100_s42_c0.0_p50000_random_farthestpose,bonsai_2_n100_s42_c0.0_p50000_random_farthestpose_i100_gteval_steps15000_val_step14999.json,50000,vggt | random,51249.99999999999
vggt,100,42,0.0,50000,random,,,,0,10,farthestpose,,,,,,,,,,,0.0,,vggt,kitchen,,,,,,MCMC,,,,,,,,,,,sfm,indoor,,,,,,,,,,,,/home/ojab2/work/git/vggt/vggt_outputs/kitchen_2_n100_s42_c0.0_p50000_random_farthestpose/eval_results.json,,kitchen_2_n100_s42_c0.0_p50000_random_farthestpose,0.3392,0.031011,100,,,,/home/ojab2/work/git/vggt/vggt_outputs/kitchen_2_n100_s42_c0.0_p50000_random_farthestpose/eval_results.json,kitchen_2_n100_s42_c0.0_p50000_random_farthestpose,,,vggt | random,51249.99999999999
vggt,100,42,0.0,50000,random,,,,0,10,farthestpose,,,,,,,,,,,0.0,,vggt,counter,,,,,,MCMC,,,,,,,,,,,sfm,indoor,,,,,,,,,,,,/home/ojab2/work/git/vggt/vggt_outputs/counter_2_n100_s42_c0.0_p50000_random_farthestpose/eval_results.json,,counter_2_n100_s42_c0.0_p50000_random_farthestpose,0.3433,0.032901,100,,,,/home/ojab2/work/git/vggt/vggt_outputs/counter_2_n100_s42_c0.0_p50000_random_farthestpose/eval_results.json,counter_2_n100_s42_c0.0_p50000_random_farthestpose,,,vggt | random,51249.99999999999
vggt,100,42,0.0,100000,random,,,,0,10,farthestpose,100,GT Eval,,,,,,,,,0.0,,vggt,bonsai,,,15000,15000,,MCMC,,,,,,,,,,,gsplat,indoor,17.731338500976562,0.4183982312679291,0.5749688744544983,1000000,0.024335382506251335,0.7215033769607544,,,0.31275946366624285,0.3624008922107585,100000,/home/ojab2/work/git/gsplat/results/vggt_outputs/bonsai_2_n100_s42_c0.0_p100000_random_farthestpose_i100_gteval_steps15000/stats/val_step14999.json,/home/ojab2/work/git/gsplat/results/vggt_outputs/bonsai_2_n100_s42_c0.0_p100000_random_farthestpose_i100_gteval_steps15000/stats/val_step14999.json,bonsai_2_n100_s42_c0.0_p100000_random_farthestpose_i100_gteval_steps15000,0.7215,0.105749,100,,,,/home/ojab2/work/git/vggt/vggt_outputs/bonsai_2_n100_s42_c0.0_p100000_random_farthestpose/eval_results.json,bonsai_2_n100_s42_c0.0_p100000_random_farthestpose,bonsai_2_n100_s42_c0.0_p100000_random_farthestpose_i100_gteval_steps15000_val_step14999.json,100000,vggt | random,102499.99999999999
vggt,100,42,0.0,100000,random,,,,0,10,farthestpose,100,GT Eval,,,,,,,,,0.0,,vggt,kitchen,,,15000,15000,,MCMC,,,,,,,,,,,gsplat,indoor,19.821290969848633,0.23921124637126923,0.462830513715744,1000000,0.006767608691006899,0.3392021059989929,,,0.39649354836397005,0.32751659818390166,100000,/home/ojab2/work/git/gsplat/results/vggt_outputs/kitchen_2_n100_s42_c0.0_p100000_random_farthestpose_i100_gteval_steps15000/stats/val_step14999.json,/home/ojab2/work/git/gsplat/results/vggt_outputs/kitchen_2_n100_s42_c0.0_p100000_random_farthestpose_i100_gteval_steps15000/stats/val_step14999.json,kitchen_2_n100_s42_c0.0_p100000_random_farthestpose_i100_gteval_steps15000,0.3392,0.031011,100,,,,/home/ojab2/work/git/vggt/vggt_outputs/kitchen_2_n100_s42_c0.0_p100000_random_farthestpose/eval_results.json,kitchen_2_n100_s42_c0.0_p100000_random_farthestpose,kitchen_2_n100_s42_c0.0_p100000_random_farthestpose_i100_gteval_steps15000_val_step14999.json,100000,vggt | random,102499.99999999999
vggt,100,42,0.0,100000,random,,,,0,10,farthestpose,100,GT Eval,,,,,,,,,0.0,,vggt,counter,,,15000,15000,,MCMC,,,,,,,,,,,gsplat,indoor,20.160112380981445,0.3072532117366791,0.6301777958869934,1000000,0.007584553211927414,0.3432445526123047,,,0.45863071345446405,0.3083404469063189,100000,/home/ojab2/work/git/gsplat/results/vggt_outputs/counter_2_n100_s42_c0.0_p100000_random_farthestpose_i100_gteval_steps15000/stats/val_step14999.json,/home/ojab2/work/git/gsplat/results/vggt_outputs/counter_2_n100_s42_c0.0_p100000_random_farthestpose_i100_gteval_steps15000/stats/val_step14999.json,counter_2_n100_s42_c0.0_p100000_random_farthestpose_i100_gteval_steps15000,0.3433,0.032901,100,,,,/home/ojab2/work/git/vggt/vggt_outputs/counter_2_n100_s42_c0.0_p100000_random_farthestpose/eval_results.json,counter_2_n100_s42_c0.0_p100000_random_farthestpose,counter_2_n100_s42_c0.0_p100000_random_farthestpose_i100_gteval_steps15000_val_step14999.json,100000,vggt | random,102499.99999999999
vggt,100,42,0.0,500000,random,,,,0,10,farthestpose,100,GT Eval,,,,,,,,,0.0,,vggt,bonsai,,,15000,15000,,MCMC,,,,,,,,,,,gsplat,indoor,17.64688491821289,0.4154469966888428,0.5641154646873474,1000000,0.024335382506251335,0.7215033769607544,,,0.3066702349144116,0.3642846429860871,500000,/home/ojab2/work/git/gsplat/results/vggt_outputs/bonsai_2_n100_s42_c0.0_p500000_random_farthestpose_i100_gteval_steps15000/stats/val_step14999.json,/home/ojab2/work/git/gsplat/results/vggt_outputs/bonsai_2_n100_s42_c0.0_p500000_random_farthestpose_i100_gteval_steps15000/stats/val_step14999.json,bonsai_2_n100_s42_c0.0_p500000_random_farthestpose_i100_gteval_steps15000,0.7897,0.107121,100,,,,/home/ojab2/work/git/vggt/vggt_outputs/bonsai_2_n100_s42_c0.0_p500000_random_farthestpose/eval_results.json,bonsai_2_n100_s42_c0.0_p500000_random_farthestpose,bonsai_2_n100_s42_c0.0_p500000_random_farthestpose_i100_gteval_steps15000_val_step14999.json,500000,vggt | random,512499.99999999994
vggt,100,42,0.0,500000,random,,,,0,10,farthestpose,,,,,,,,,,,0.0,,vggt,kitchen,,,,,,MCMC,,,,,,,,,,,sfm,indoor,,,,,,,,,,,,/home/ojab2/work/git/vggt/vggt_outputs/kitchen_2_n100_s42_c0.0_p500000_random_farthestpose/eval_results.json,,kitchen_2_n100_s42_c0.0_p500000_random_farthestpose,0.3392,0.031011,100,,,,/home/ojab2/work/git/vggt/vggt_outputs/kitchen_2_n100_s42_c0.0_p500000_random_farthestpose/eval_results.json,kitchen_2_n100_s42_c0.0_p500000_random_farthestpose,,,vggt | random,512499.99999999994
vggt,100,42,0.0,500000,random,,,,0,10,farthestpose,,,,,,,,,,,0.0,,vggt,counter,,,,,,MCMC,,,,,,,,,,,sfm,indoor,,,,,,,,,,,,/home/ojab2/work/git/vggt/vggt_outputs/counter_2_n100_s42_c0.0_p500000_random_farthestpose/eval_results.json,,counter_2_n100_s42_c0.0_p500000_random_farthestpose,0.3433,0.032901,100,,,,/home/ojab2/work/git/vggt/vggt_outputs/counter_2_n100_s42_c0.0_p500000_random_farthestpose/eval_results.json,counter_2_n100_s42_c0.0_p500000_random_farthestpose,,,vggt | random,512499.99999999994
vggt,100,42,0.0,1000000,random,,,,0,10,farthestpose,100,GT Eval,,,,,,,,,0.0,,vggt,bonsai,,,15000,15000,,MCMC,,,,,,,,,,,gsplat,indoor,17.634593963623047,0.4154748320579529,0.5606600642204285,1000000,0.024335382506251335,0.7215033769607544,,,0.3044047402901801,0.3651807313127726,1000000,/home/ojab2/work/git/gsplat/results/vggt_outputs/bonsai_2_n100_s42_c0.0_p1000000_random_farthestpose_i100_gteval_steps15000/stats/val_step14999.json,/home/ojab2/work/git/gsplat/results/vggt_outputs/bonsai_2_n100_s42_c0.0_p1000000_random_farthestpose_i100_gteval_steps15000/stats/val_step14999.json,bonsai_2_n100_s42_c0.0_p1000000_random_farthestpose_i100_gteval_steps15000,0.7897,0.107121,100,,,,/home/ojab2/work/git/vggt/vggt_outputs/bonsai_2_n100_s42_c0.0_p1000000_random_farthestpose/eval_results.json,bonsai_2_n100_s42_c0.0_p1000000_random_farthestpose,bonsai_2_n100_s42_c0.0_p1000000_random_farthestpose_i100_gteval_steps15000_val_step14999.json,1000000,vggt | random,1024999.9999999999
vggt,100,42,0.0,1000000,random,,,,0,10,farthestpose,,,,,,,,,,,0.0,,vggt,kitchen,,,,,,MCMC,,,,,,,,,,,sfm,indoor,,,,,,,,,,,,/home/ojab2/work/git/vggt/vggt_outputs/kitchen_2_n100_s42_c0.0_p1000000_random_farthestpose/eval_results.json,,kitchen_2_n100_s42_c0.0_p1000000_random_farthestpose,0.3392,0.031011,100,,,,/home/ojab2/work/git/vggt/vggt_outputs/kitchen_2_n100_s42_c0.0_p1000000_random_farthestpose/eval_results.json,kitchen_2_n100_s42_c0.0_p1000000_random_farthestpose,,,vggt | random,1024999.9999999999
vggt,100,42,0.0,1000000,random,,,,0,10,farthestpose,,,,,,,,,,,0.0,,vggt,counter,,,,,,MCMC,,,,,,,,,,,sfm,indoor,,,,,,,,,,,,/home/ojab2/work/git/vggt/vggt_outputs/counter_2_n100_s42_c0.0_p1000000_random_farthestpose/eval_results.json,,counter_2_n100_s42_c0.0_p1000000_random_farthestpose,0.3433,0.032901,100,,,,/home/ojab2/work/git/vggt/vggt_outputs/counter_2_n100_s42_c0.0_p1000000_random_farthestpose/eval_results.json,counter_2_n100_s42_c0.0_p1000000_random_farthestpose,,,vggt | random,1024999.9999999999
vggt,100,42,0.0,1000,voxels,,,,0,10,farthestpose,100,GT Eval,,,,,,,,,0.0,,vggt,bonsai,,,15000,15000,,MCMC,,,,,,,,,,,gsplat,indoor,18.032917022705078,0.5445523858070374,0.6130148768424988,1000000,0.024335382506251335,0.7215033173561096,,,0.2627204404084848,0.3941209764807947,971,/home/ojab2/work/git/gsplat/results/vggt_outputs/bonsai_2_n100_s42_c0.0_p1000_voxels_farthestpose_i100_gteval_steps15000/stats/val_step14999.json,/home/ojab2/work/git/gsplat/results/vggt_outputs/bonsai_2_n100_s42_c0.0_p1000_voxels_farthestpose_i100_gteval_steps15000/stats/val_step14999.json,bonsai_2_n100_s42_c0.0_p1000_voxels_farthestpose_i100_gteval_steps15000,0.7215,0.105749,100,,,,/home/ojab2/work/git/vggt/vggt_outputs/bonsai_2_n100_s42_c0.0_p1000_voxels_farthestpose/eval_results.json,bonsai_2_n100_s42_c0.0_p1000_voxels_farthestpose,bonsai_2_n100_s42_c0.0_p1000_voxels_farthestpose_i100_gteval_steps15000_val_step14999.json,971,vggt | voxels,1075.0
vggt,100,42,0.0,1000,voxels,,,,0,10,farthestpose,,,,,,,,,,,0.0,,vggt,kitchen,,,,,,MCMC,,,,,,,,,,,sfm,indoor,,,,,,,,,,,,/home/ojab2/work/git/vggt/vggt_outputs/kitchen_2_n100_s42_c0.0_p1000_voxels_farthestpose/eval_results.json,,kitchen_2_n100_s42_c0.0_p1000_voxels_farthestpose,0.3392,0.031011,100,,,,/home/ojab2/work/git/vggt/vggt_outputs/kitchen_2_n100_s42_c0.0_p1000_voxels_farthestpose/eval_results.json,kitchen_2_n100_s42_c0.0_p1000_voxels_farthestpose,,,vggt | voxels,1075.0
vggt,100,42,0.0,1000,voxels,,,,0,10,farthestpose,,,,,,,,,,,0.0,,vggt,counter,,,,,,MCMC,,,,,,,,,,,sfm,indoor,,,,,,,,,,,,/home/ojab2/work/git/vggt/vggt_outputs/counter_2_n100_s42_c0.0_p1000_voxels_farthestpose/eval_results.json,,counter_2_n100_s42_c0.0_p1000_voxels_farthestpose,0.3433,0.032901,100,,,,/home/ojab2/work/git/vggt/vggt_outputs/counter_2_n100_s42_c0.0_p1000_voxels_farthestpose/eval_results.json,counter_2_n100_s42_c0.0_p1000_voxels_farthestpose,,,vggt | voxels,1075.0
vggt,100,42,0.0,5000,voxels,,,,0,10,farthestpose,100,GT Eval,,,,,,,,,0.0,,vggt,bonsai,,,15000,15000,,MCMC,,,,,,,,,,,gsplat,indoor,17.909542083740234,0.485567569732666,0.5993819832801819,1000000,0.024335382506251335,0.7215033769607544,,,0.28887364723374115,0.37823133495440453,4948,/home/ojab2/work/git/gsplat/results/vggt_outputs/bonsai_2_n100_s42_c0.0_p5000_voxels_farthestpose_i100_gteval_steps15000/stats/val_step14999.json,/home/ojab2/work/git/gsplat/results/vggt_outputs/bonsai_2_n100_s42_c0.0_p5000_voxels_farthestpose_i100_gteval_steps15000/stats/val_step14999.json,bonsai_2_n100_s42_c0.0_p5000_voxels_farthestpose_i100_gteval_steps15000,0.7215,0.105749,100,,,,/home/ojab2/work/git/vggt/vggt_outputs/bonsai_2_n100_s42_c0.0_p5000_voxels_farthestpose/eval_results.json,bonsai_2_n100_s42_c0.0_p5000_voxels_farthestpose,bonsai_2_n100_s42_c0.0_p5000_voxels_farthestpose_i100_gteval_steps15000_val_step14999.json,4948,vggt | voxels,5375.0
vggt,100,42,0.0,5000,voxels,,,,0,10,farthestpose,,,,,,,,,,,0.0,,vggt,kitchen,,,,,,MCMC,,,,,,,,,,,sfm,indoor,,,,,,,,,,,,/home/ojab2/work/git/vggt/vggt_outputs/kitchen_2_n100_s42_c0.0_p5000_voxels_farthestpose/eval_results.json,,kitchen_2_n100_s42_c0.0_p5000_voxels_farthestpose,0.3392,0.031011,100,,,,/home/ojab2/work/git/vggt/vggt_outputs/kitchen_2_n100_s42_c0.0_p5000_voxels_farthestpose/eval_results.json,kitchen_2_n100_s42_c0.0_p5000_voxels_farthestpose,,,vggt | voxels,5375.0
vggt,100,42,0.0,5000,voxels,,,,0,10,farthestpose,,,,,,,,,,,0.0,,vggt,counter,,,,,,MCMC,,,,,,,,,,,sfm,indoor,,,,,,,,,,,,/home/ojab2/work/git/vggt/vggt_outputs/counter_2_n100_s42_c0.0_p5000_voxels_farthestpose/eval_results.json,,counter_2_n100_s42_c0.0_p5000_voxels_farthestpose,0.3433,0.032901,100,,,,/home/ojab2/work/git/vggt/vggt_outputs/counter_2_n100_s42_c0.0_p5000_voxels_farthestpose/eval_results.json,counter_2_n100_s42_c0.0_p5000_voxels_farthestpose,,,vggt | voxels,5375.0
vggt,100,42,0.0,10000,voxels,,,,0,10,farthestpose,100,GT Eval,,,,,,,,,0.0,,vggt,bonsai,,,15000,15000,,MCMC,,,,,,,,,,,gsplat,indoor,17.83707618713379,0.47007468342781067,0.5937869548797607,1000000,0.024335382506251335,0.7215033173561096,,,0.2938232498172043,0.3746259745279934,9447,/home/ojab2/work/git/gsplat/results/vggt_outputs/bonsai_2_n100_s42_c0.0_p10000_voxels_farthestpose_i100_gteval_steps15000/stats/val_step14999.json,/home/ojab2/work/git/gsplat/results/vggt_outputs/bonsai_2_n100_s42_c0.0_p10000_voxels_farthestpose_i100_gteval_steps15000/stats/val_step14999.json,bonsai_2_n100_s42_c0.0_p10000_voxels_farthestpose_i100_gteval_steps15000,0.7215,0.105749,100,,,,/home/ojab2/work/git/vggt/vggt_outputs/bonsai_2_n100_s42_c0.0_p10000_voxels_farthestpose/eval_results.json,bonsai_2_n100_s42_c0.0_p10000_voxels_farthestpose,bonsai_2_n100_s42_c0.0_p10000_voxels_farthestpose_i100_gteval_steps15000_val_step14999.json,9447,vggt | voxels,10750.0
vggt,100,42,0.0,10000,voxels,,,,0,10,farthestpose,,,,,,,,,,,0.0,,vggt,kitchen,,,,,,MCMC,,,,,,,,,,,sfm,indoor,,,,,,,,,,,,/home/ojab2/work/git/vggt/vggt_outputs/kitchen_2_n100_s42_c0.0_p10000_voxels_farthestpose/eval_results.json,,kitchen_2_n100_s42_c0.0_p10000_voxels_farthestpose,0.3392,0.031011,100,,,,/home/ojab2/work/git/vggt/vggt_outputs/kitchen_2_n100_s42_c0.0_p10000_voxels_farthestpose/eval_results.json,kitchen_2_n100_s42_c0.0_p10000_voxels_farthestpose,,,vggt | voxels,10750.0
vggt,100,42,0.0,10000,voxels,,,,0,10,farthestpose,,,,,,,,,,,0.0,,vggt,counter,,,,,,MCMC,,,,,,,,,,,sfm,indoor,,,,,,,,,,,,/home/ojab2/work/git/vggt/vggt_outputs/counter_2_n100_s42_c0.0_p10000_voxels_farthestpose/eval_results.json,,counter_2_n100_s42_c0.0_p10000_voxels_farthestpose,0.3433,0.032901,100,,,,/home/ojab2/work/git/vggt/vggt_outputs/counter_2_n100_s42_c0.0_p10000_voxels_farthestpose/eval_results.json,counter_2_n100_s42_c0.0_p10000_voxels_farthestpose,,,vggt | voxels,10750.0
vggt,100,42,0.0,50000,voxels,,,,0,10,farthestpose,100,GT Eval,,,,,,,,,0.0,,vggt,bonsai,,,15000,15000,,MCMC,,,,,,,,,,,gsplat,indoor,17.758358001708984,0.4413530230522156,0.583223283290863,1000000,0.024335382506251335,0.7215033173561096,,,0.3039173399031046,0.36789708294614076,48798,/home/ojab2/work/git/gsplat/results/vggt_outputs/bonsai_2_n100_s42_c0.0_p50000_voxels_farthestpose_i100_gteval_steps15000/stats/val_step14999.json,/home/ojab2/work/git/gsplat/results/vggt_outputs/bonsai_2_n100_s42_c0.0_p50000_voxels_farthestpose_i100_gteval_steps15000/stats/val_step14999.json,bonsai_2_n100_s42_c0.0_p50000_voxels_farthestpose_i100_gteval_steps15000,0.7215,0.105749,100,,,,/home/ojab2/work/git/vggt/vggt_outputs/bonsai_2_n100_s42_c0.0_p50000_voxels_farthestpose/eval_results.json,bonsai_2_n100_s42_c0.0_p50000_voxels_farthestpose,bonsai_2_n100_s42_c0.0_p50000_voxels_farthestpose_i100_gteval_steps15000_val_step14999.json,48798,vggt | voxels,53750.0
vggt,100,42,0.0,50000,voxels,,,,0,10,farthestpose,,,,,,,,,,,0.0,,vggt,kitchen,,,,,,MCMC,,,,,,,,,,,sfm,indoor,,,,,,,,,,,,/home/ojab2/work/git/vggt/vggt_outputs/kitchen_2_n100_s42_c0.0_p50000_voxels_farthestpose/eval_results.json,,kitchen_2_n100_s42_c0.0_p50000_voxels_farthestpose,0.3392,0.031011,100,,,,/home/ojab2/work/git/vggt/vggt_outputs/kitchen_2_n100_s42_c0.0_p50000_voxels_farthestpose/eval_results.json,kitchen_2_n100_s42_c0.0_p50000_voxels_farthestpose,,,vggt | voxels,53750.0
vggt,100,42,0.0,50000,voxels,,,,0,10,farthestpose,,,,,,,,,,,0.0,,vggt,counter,,,,,,MCMC,,,,,,,,,,,sfm,indoor,,,,,,,,,,,,/home/ojab2/work/git/vggt/vggt_outputs/counter_2_n100_s42_c0.0_p50000_voxels_farthestpose/eval_results.json,,counter_2_n100_s42_c0.0_p50000_voxels_farthestpose,0.3433,0.032901,100,,,,/home/ojab2/work/git/vggt/vggt_outputs/counter_2_n100_s42_c0.0_p50000_voxels_farthestpose/eval_results.json,counter_2_n100_s42_c0.0_p50000_voxels_farthestpose,,,vggt | voxels,53750.0
vggt,100,42,0.0,100000,voxels,,,,0,10,farthestpose,100,GT Eval,,,,,,,,,0.0,,vggt,bonsai,,,15000,15000,,MCMC,,,,,,,,,,,gsplat,indoor,17.696062088012695,0.43298473954200745,0.5782884359359741,1000000,0.024335382506251335,0.7215033173561096,,,0.30504344333062466,0.36645860309161843,99753,/home/ojab2/work/git/gsplat/results/vggt_outputs/bonsai_2_n100_s42_c0.0_p100000_voxels_farthestpose_i100_gteval_steps15000/stats/val_step14999.json,/home/ojab2/work/git/gsplat/results/vggt_outputs/bonsai_2_n100_s42_c0.0_p100000_voxels_farthestpose_i100_gteval_steps15000/stats/val_step14999.json,bonsai_2_n100_s42_c0.0_p100000_voxels_farthestpose_i100_gteval_steps15000,0.7215,0.105749,100,,,,/home/ojab2/work/git/vggt/vggt_outputs/bonsai_2_n100_s42_c0.0_p100000_voxels_farthestpose/eval_results.json,bonsai_2_n100_s42_c0.0_p100000_voxels_farthestpose,bonsai_2_n100_s42_c0.0_p100000_voxels_farthestpose_i100_gteval_steps15000_val_step14999.json,99753,vggt | voxels,107500.0
vggt,100,42,0.0,100000,voxels,,,,0,10,farthestpose,,,,,,,,,,,0.0,,vggt,kitchen,,,,,,MCMC,,,,,,,,,,,sfm,indoor,,,,,,,,,,,,/home/ojab2/work/git/vggt/vggt_outputs/kitchen_2_n100_s42_c0.0_p100000_voxels_farthestpose/eval_results.json,,kitchen_2_n100_s42_c0.0_p100000_voxels_farthestpose,0.3392,0.031011,100,,,,/home/ojab2/work/git/vggt/vggt_outputs/kitchen_2_n100_s42_c0.0_p100000_voxels_farthestpose/eval_results.json,kitchen_2_n100_s42_c0.0_p100000_voxels_farthestpose,,,vggt | voxels,107500.0
vggt,100,42,0.0,100000,voxels,,,,0,10,farthestpose,,,,,,,,,,,0.0,,vggt,counter,,,,,,MCMC,,,,,,,,,,,sfm,indoor,,,,,,,,,,,,/home/ojab2/work/git/vggt/vggt_outputs/counter_2_n100_s42_c0.0_p100000_voxels_farthestpose/eval_results.json,,counter_2_n100_s42_c0.0_p100000_voxels_farthestpose,0.3433,0.032901,100,,,,/home/ojab2/work/git/vggt/vggt_outputs/counter_2_n100_s42_c0.0_p100000_voxels_farthestpose/eval_results.json,counter_2_n100_s42_c0.0_p100000_voxels_farthestpose,,,vggt | voxels,107500.0
vggt,100,42,0.0,500000,voxels,,,,0,10,farthestpose,100,GT Eval,,,,,,,,,0.0,,vggt,bonsai,,,15000,15000,,MCMC,,,,,,,,,,,gsplat,indoor,17.621179580688477,0.4225020706653595,0.5687911510467529,1000000,0.024335382506251335,0.7215033173561096,,,0.30457354571774375,0.36548682692552587,490211,/home/ojab2/work/git/gsplat/results/vggt_outputs/bonsai_2_n100_s42_c0.0_p500000_voxels_farthestpose_i100_gteval_steps15000/stats/val_step14999.json,/home/ojab2/work/git/gsplat/results/vggt_outputs/bonsai_2_n100_s42_c0.0_p500000_voxels_farthestpose_i100_gteval_steps15000/stats/val_step14999.json,bonsai_2_n100_s42_c0.0_p500000_voxels_farthestpose_i100_gteval_steps15000,0.7215,0.105749,100,,,,/home/ojab2/work/git/vggt/vggt_outputs/bonsai_2_n100_s42_c0.0_p500000_voxels_farthestpose/eval_results.json,bonsai_2_n100_s42_c0.0_p500000_voxels_farthestpose,bonsai_2_n100_s42_c0.0_p500000_voxels_farthestpose_i100_gteval_steps15000_val_step14999.json,490211,vggt | voxels,537500.0
vggt,100,42,0.0,500000,voxels,,,,0,10,farthestpose,,,,,,,,,,,0.0,,vggt,kitchen,,,,,,MCMC,,,,,,,,,,,sfm,indoor,,,,,,,,,,,,/home/ojab2/work/git/vggt/vggt_outputs/kitchen_2_n100_s42_c0.0_p500000_voxels_farthestpose/eval_results.json,,kitchen_2_n100_s42_c0.0_p500000_voxels_farthestpose,0.3392,0.031011,100,,,,/home/ojab2/work/git/vggt/vggt_outputs/kitchen_2_n100_s42_c0.0_p500000_voxels_farthestpose/eval_results.json,kitchen_2_n100_s42_c0.0_p500000_voxels_farthestpose,,,vggt | voxels,537500.0
vggt,100,42,0.0,500000,voxels,,,,0,10,farthestpose,,,,,,,,,,,0.0,,vggt,counter,,,,,,MCMC,,,,,,,,,,,sfm,indoor,,,,,,,,,,,,/home/ojab2/work/git/vggt/vggt_outputs/counter_2_n100_s42_c0.0_p500000_voxels_farthestpose/eval_results.json,,counter_2_n100_s42_c0.0_p500000_voxels_farthestpose,0.3433,0.032901,100,,,,/home/ojab2/work/git/vggt/vggt_outputs/counter_2_n100_s42_c0.0_p500000_voxels_farthestpose/eval_results.json,counter_2_n100_s42_c0.0_p500000_voxels_farthestpose,,,vggt | voxels,537500.0
vggt,100,42,0.0,1000000,voxels,,,,0,10,farthestpose,100,GT Eval,,,,,,,,,0.0,,vggt,bonsai,,,15000,15000,,MCMC,,,,,,,,,,,gsplat,indoor,17.607959747314453,0.42158353328704834,0.5656386017799377,1000000,0.024335382506251335,0.7215033769607544,,,0.3030521363078037,0.3659969058942106,798462,/home/ojab2/work/git/gsplat/results/vggt_outputs/bonsai_2_n100_s42_c0.0_p1000000_voxels_farthestpose_i100_gteval_steps15000/stats/val_step14999.json,/home/ojab2/work/git/gsplat/results/vggt_outputs/bonsai_2_n100_s42_c0.0_p1000000_voxels_farthestpose_i100_gteval_steps15000/stats/val_step14999.json,bonsai_2_n100_s42_c0.0_p1000000_voxels_farthestpose_i100_gteval_steps15000,0.7215,0.105749,100,,,,/home/ojab2/work/git/vggt/vggt_outputs/bonsai_2_n100_s42_c0.0_p1000000_voxels_farthestpose/eval_results.json,bonsai_2_n100_s42_c0.0_p1000000_voxels_farthestpose,bonsai_2_n100_s42_c0.0_p1000000_voxels_farthestpose_i100_gteval_steps15000_val_step14999.json,798462,vggt | voxels,1075000.0
vggt,100,42,0.0,1000000,voxels,,,,0,10,farthestpose,,,,,,,,,,,0.0,,vggt,kitchen,,,,,,MCMC,,,,,,,,,,,sfm,indoor,,,,,,,,,,,,/home/ojab2/work/git/vggt/vggt_outputs/kitchen_2_n100_s42_c0.0_p1000000_voxels_farthestpose/eval_results.json,,kitchen_2_n100_s42_c0.0_p1000000_voxels_farthestpose,0.3392,0.031011,100,,,,/home/ojab2/work/git/vggt/vggt_outputs/kitchen_2_n100_s42_c0.0_p1000000_voxels_farthestpose/eval_results.json,kitchen_2_n100_s42_c0.0_p1000000_voxels_farthestpose,,,vggt | voxels,1075000.0
vggt,100,42,0.0,1000000,voxels,,,,0,10,farthestpose,,,,,,,,,,,0.0,,vggt,counter,,,,,,MCMC,,,,,,,,,,,sfm,indoor,,,,,,,,,,,,/home/ojab2/work/git/vggt/vggt_outputs/counter_2_n100_s42_c0.0_p1000000_voxels_farthestpose/eval_results.json,,counter_2_n100_s42_c0.0_p1000000_voxels_farthestpose,0.3433,0.032901,100,,,,/home/ojab2/work/git/vggt/vggt_outputs/counter_2_n100_s42_c0.0_p1000000_voxels_farthestpose/eval_results.json,counter_2_n100_s42_c0.0_p1000000_voxels_farthestpose,,,vggt | voxels,1075000.0
colmap,100,42,,60980,,,,,0,10,farthestpose,100,GT Eval,,,,,,,,,0.0,,colmap,counter,,,15000,15000,default,MCMC,,,,,Shared Cam,,,,,,gsplat,indoor,25.220706939697266,0.18889504671096802,0.8517950773239136,1000000,0.00048380106454715133,0.029024872928857803,,,0.7550067725779562,0.1922915194660087,60980,/home/ojab2/work/git/gsplat/results/colmap_outputs/counter_2_n100_s42_default_farthestpose_sharedcam_i100_gteval_steps15000/stats/val_step14999.json,/home/ojab2/work/git/gsplat/results/colmap_outputs/counter_2_n100_s42_default_farthestpose_sharedcam_i100_gteval_steps15000/stats/val_step14999.json,counter_2_n100_s42_default_farthestpose_sharedcam_i100_gteval_steps15000,0.029,0.002114,100,,,,/home/ojab2/work/git/vggt/colmap_outputs/counter_2_n100_s42_default_farthestpose_sharedcam/eval_results.json,counter_2_n100_s42_default_farthestpose_sharedcam,counter_2_n100_s42_default_farthestpose_sharedcam_i100_gteval_steps15000_val_step14999.json,60980,colmap | ,68602.5
colmap,100,42,,80892,,,,,0,10,farthestpose,100,GT Eval,,,,,,,,,0.0,,colmap,bonsai,,,15000,15000,default,MCMC,,,,,Shared Cam,,,,,,gsplat,indoor,22.422779083251953,0.20355287194252014,0.6968405842781067,1000000,0.003077009692788124,0.1581190675497055,,,0.6035285908886177,0.2532921035199582,80892,/home/ojab2/work/git/gsplat/results/colmap_outputs/bonsai_2_n100_s42_default_farthestpose_sharedcam_i100_gteval_steps15000/stats/val_step14999.json,/home/ojab2/work/git/gsplat/results/colmap_outputs/bonsai_2_n100_s42_default_farthestpose_sharedcam_i100_gteval_steps15000/stats/val_step14999.json,bonsai_2_n100_s42_default_farthestpose_sharedcam_i100_gteval_steps15000,0.1581,0.013152,100,,,,/home/ojab2/work/git/vggt/colmap_outputs/bonsai_2_n100_s42_default_farthestpose_sharedcam/eval_results.json,bonsai_2_n100_s42_default_farthestpose_sharedcam,bonsai_2_n100_s42_default_farthestpose_sharedcam_i100_gteval_steps15000_val_step14999.json,80892,colmap | ,91003.5
colmap,100,42,,92853,,,,,0,10,farthestpose,100,GT Eval,,,,,,,,,0.0,,colmap,kitchen,,,15000,15000,default,MCMC,,,,,Shared Cam,,,,,,gsplat,indoor,21.259883880615234,0.14850512146949768,0.47112002968788147,1000000,0.0010659509571269155,0.10734093934297562,,,0.4839732631063059,0.2944094530225615,92853,/home/ojab2/work/git/gsplat/results/colmap_outputs/kitchen_2_n100_s42_default_farthestpose_sharedcam_i100_gteval_steps15000/stats/val_step14999.json,/home/ojab2/work/git/gsplat/results/colmap_outputs/kitchen_2_n100_s42_default_farthestpose_sharedcam_i100_gteval_steps15000/stats/val_step14999.json,kitchen_2_n100_s42_default_farthestpose_sharedcam_i100_gteval_steps15000,0.1073,0.004456,100,,,,/home/ojab2/work/git/vggt/colmap_outputs/kitchen_2_n100_s42_default_farthestpose_sharedcam/eval_results.json,kitchen_2_n100_s42_default_farthestpose_sharedcam,kitchen_2_n100_s42_default_farthestpose_sharedcam_i100_gteval_steps15000_val_step14999.json,92853,colmap | ,104459.625
