method,num_images,seed,conf_thres_value,num_points,sampling_mode,near_filtering_strength,near_filtering_quorum,reconstruct_pose_opt,optimisation_iterations,optimisation_neighbourhood,image_mode,num_cameras,gt_eval,use_gt_extrinsics,use_gt_intrinsics,use_gt_points,pose_opt,pose_opt_module,eval_opt,depth_loss_mode,error_opa,depth_lambda,depth_conf_mode,choice,dataset,camera_type,copy_mode,val_step,num_steps,colmap_mode,splatting_strategy,camera_src,pcd_src,align_mode,align_glue,shared_camera,keep_backup_cams,random_init,use_ba,feature_extractor,max_ba_iterations,source,dataset_collection,psnr,lpips,ssim,num_GS,eval_rte,eval_rre,depth_l1,depth_abs_rel,quality,avge,real_num_points,file_path,gsplat_file_path,folder,rre,rte,num_aligned,pred_depth_l1,pred_depth_absrel,pred_depth_rmse,sfm_file_path,input_folder,output_folder,initial_points,plot_series
colmap,87,42,,10069,,,,,0,10,farthestpose,87,GT Eval,,,,,,,,,0.0,,colmap,lego,pinhole,,15000,15000,default,MCMC,,,,,Shared Cam,,,,,,gsplat,synthetic,24.951248168945312,0.057750023901462555,0.8941664099693298,1000000,0.11273074895143509,10.430866241455078,0.018897393718361855,0.01987577974796295,0.8557490702280368,0.12875624974605693,10069,/home/ojab2/work/git/gsplat/results/colmap_outputs/lego_1_n87_s42_default_mpinhole_farthestpose_sharedcam_i87_gteval_steps15000/stats/val_step14999.json,/home/ojab2/work/git/gsplat/results/colmap_outputs/lego_1_n87_s42_default_mpinhole_farthestpose_sharedcam_i87_gteval_steps15000/stats/val_step14999.json,lego_1_n87_s42_default_mpinhole_farthestpose_sharedcam_i87_gteval_steps15000,10.4269,0.396164,87,,,,/home/ojab2/work/git/vggt/colmap_outputs/lego_1_n87_s42_default_mpinhole_farthestpose_sharedcam/eval_results.json,lego_1_n87_s42_default_mpinhole_farthestpose_sharedcam,lego_1_n87_s42_default_mpinhole_farthestpose_sharedcam_i87_gteval_steps15000_val_step14999.json,10069,colmap | 
colmap,100,42,,17352,,,,,0,10,farthestpose,100,GT Eval,,,,,,,,,0.0,,colmap,bicycle,,,15000,15000,default,MCMC,,,,,Shared Cam,,,,,,gsplat,outdoor,21.33245086669922,0.36376556754112244,0.4795043170452118,1000000,0.0017129764892160892,0.09855562448501587,,,0.3573433696410345,0.364192450848629,17352,/home/ojab2/work/git/gsplat/results/colmap_outputs/bicycle_4_n100_s42_default_farthestpose_sharedcam_i100_gteval_steps15000/stats/val_step14999.json,/home/ojab2/work/git/gsplat/results/colmap_outputs/bicycle_4_n100_s42_default_farthestpose_sharedcam_i100_gteval_steps15000/stats/val_step14999.json,bicycle_4_n100_s42_default_farthestpose_sharedcam_i100_gteval_steps15000,0.0986,0.006893,100,,,,/home/ojab2/work/git/vggt/colmap_outputs/bicycle_4_n100_s42_default_farthestpose_sharedcam/eval_results.json,bicycle_4_n100_s42_default_farthestpose_sharedcam,bicycle_4_n100_s42_default_farthestpose_sharedcam_i100_gteval_steps15000_val_step14999.json,17352,colmap | 
colmap,100,42,,80892,,,,,0,10,farthestpose,100,GT Eval,,,,,,,,,0.0,,colmap,bonsai,,,15000,15000,default,MCMC,,,,,Shared Cam,,,,,,gsplat,indoor,22.422779083251953,0.20355287194252014,0.6968405842781067,1000000,0.003077009692788124,0.1581190675497055,,,0.6035285908886177,0.2532921035199582,80892,/home/ojab2/work/git/gsplat/results/colmap_outputs/bonsai_2_n100_s42_default_farthestpose_sharedcam_i100_gteval_steps15000/stats/val_step14999.json,/home/ojab2/work/git/gsplat/results/colmap_outputs/bonsai_2_n100_s42_default_farthestpose_sharedcam_i100_gteval_steps15000/stats/val_step14999.json,bonsai_2_n100_s42_default_farthestpose_sharedcam_i100_gteval_steps15000,0.1581,0.013152,100,,,,/home/ojab2/work/git/vggt/colmap_outputs/bonsai_2_n100_s42_default_farthestpose_sharedcam/eval_results.json,bonsai_2_n100_s42_default_farthestpose_sharedcam,bonsai_2_n100_s42_default_farthestpose_sharedcam_i100_gteval_steps15000_val_step14999.json,80892,colmap | 
vggt,87,42,0.0,100000,random,,,,0,10,farthestpose,87,GT Eval,,,,,,,,,0.0,,vggt,lego,,,15000,15000,,MCMC,,,,,,,,,,,gsplat,synthetic,20.5725154876709,0.09495189040899277,0.7736919522285461,1000000,0.00519891083240509,0.29695671796798706,0.08478271961212158,0.019924363121390343,0.681244413590493,0.1931450915679226,100000,/home/ojab2/work/git/gsplat/results/vggt_outputs/lego_1_n87_s42_c0.0_p100000_random_farthestpose_i87_gteval_steps15000/stats/val_step14999.json,/home/ojab2/work/git/gsplat/results/vggt_outputs/lego_1_n87_s42_c0.0_p100000_random_farthestpose_i87_gteval_steps15000/stats/val_step14999.json,lego_1_n87_s42_c0.0_p100000_random_farthestpose_i87_gteval_steps15000,0.2976,0.018838,87,0.0478,0.0135,0.118,/home/ojab2/work/git/vggt/vggt_outputs/lego_1_n87_s42_c0.0_p100000_random_farthestpose/eval_results.json,lego_1_n87_s42_c0.0_p100000_random_farthestpose,lego_1_n87_s42_c0.0_p100000_random_farthestpose_i87_gteval_steps15000_val_step14999.json,100000,vggt | 
vggt,100,42,0.0,100000,random,,,,0,10,farthestpose,100,GT Eval,,,,,,,,,0.0,,vggt,bicycle,,,15000,15000,,MCMC,,,,,,,,,,,gsplat,outdoor,17.17383575439453,0.44064733386039734,0.25722789764404297,1000000,0.015425998717546463,0.8569999933242798,,,0.10288788805231015,0.44055311836517685,100000,/home/ojab2/work/git/gsplat/results/vggt_outputs/bicycle_4_n100_s42_c0.0_p100000_random_farthestpose_i100_gteval_steps15000/stats/val_step14999.json,/home/ojab2/work/git/gsplat/results/vggt_outputs/bicycle_4_n100_s42_c0.0_p100000_random_farthestpose_i100_gteval_steps15000/stats/val_step14999.json,bicycle_4_n100_s42_c0.0_p100000_random_farthestpose_i100_gteval_steps15000,0.7161,0.065623,100,,,,/home/ojab2/work/git/vggt/vggt_outputs/bicycle_4_n100_s42_c0.0_p100000_random_farthestpose/eval_results.json,bicycle_4_n100_s42_c0.0_p100000_random_farthestpose,bicycle_4_n100_s42_c0.0_p100000_random_farthestpose_i100_gteval_steps15000_val_step14999.json,100000,vggt | 
vggt,100,42,0.0,100000,random,,,,0,10,farthestpose,100,GT Eval,,,,,,,,,0.0,,vggt,bonsai,,,15000,15000,,MCMC,,,,,,,,,,,gsplat,indoor,17.731338500976562,0.4183982312679291,0.5749688744544983,1000000,0.024335382506251335,0.7215033769607544,,,0.31275946366624285,0.3624008922107585,100000,/home/ojab2/work/git/gsplat/results/vggt_outputs/bonsai_2_n100_s42_c0.0_p100000_random_farthestpose_i100_gteval_steps15000/stats/val_step14999.json,/home/ojab2/work/git/gsplat/results/vggt_outputs/bonsai_2_n100_s42_c0.0_p100000_random_farthestpose_i100_gteval_steps15000/stats/val_step14999.json,bonsai_2_n100_s42_c0.0_p100000_random_farthestpose_i100_gteval_steps15000,0.7215,0.105749,100,,,,/home/ojab2/work/git/vggt/vggt_outputs/bonsai_2_n100_s42_c0.0_p100000_random_farthestpose/eval_results.json,bonsai_2_n100_s42_c0.0_p100000_random_farthestpose,bonsai_2_n100_s42_c0.0_p100000_random_farthestpose_i100_gteval_steps15000_val_step14999.json,100000,vggt | 
colmap,87,42,,10069,,,,,0,10,farthestpose,87,GT Eval,,,,Pose Opt,,,,,0.0,,colmap,lego,pinhole,,15000,15000,default,MCMC,,,,,Shared Cam,,,,,,gsplat,synthetic,25.237646102905273,0.05288347229361534,0.9056525826454163,1000000,0.11235309392213821,10.380709648132324,0.018892427906394005,0.01985725574195385,0.8707738399186097,0.1210125354067277,10069,/home/ojab2/work/git/gsplat/results/colmap_outputs/lego_1_n87_s42_default_mpinhole_farthestpose_sharedcam_i87_gteval_poseopt_steps15000/stats/val_step14999.json,/home/ojab2/work/git/gsplat/results/colmap_outputs/lego_1_n87_s42_default_mpinhole_farthestpose_sharedcam_i87_gteval_poseopt_steps15000/stats/val_step14999.json,lego_1_n87_s42_default_mpinhole_farthestpose_sharedcam_i87_gteval_poseopt_steps15000,10.4269,0.396164,87,,,,/home/ojab2/work/git/vggt/colmap_outputs/lego_1_n87_s42_default_mpinhole_farthestpose_sharedcam/eval_results.json,lego_1_n87_s42_default_mpinhole_farthestpose_sharedcam,lego_1_n87_s42_default_mpinhole_farthestpose_sharedcam_i87_gteval_poseopt_steps15000_val_step14999.json,10069,colmap | Pose Opt
colmap,100,42,,17352,,,,,0,10,farthestpose,100,GT Eval,,,,Pose Opt,,,,,0.0,,colmap,bicycle,,,15000,15000,default,MCMC,,,,,Shared Cam,,,,,,gsplat,outdoor,22.163246154785156,0.3494715690612793,0.5586552619934082,1000000,0.002470657927915454,0.1106053814291954,,,0.42783902572919363,0.3399620648095866,17352,/home/ojab2/work/git/gsplat/results/colmap_outputs/bicycle_4_n100_s42_default_farthestpose_sharedcam_i100_gteval_poseopt_steps15000/stats/val_step14999.json,/home/ojab2/work/git/gsplat/results/colmap_outputs/bicycle_4_n100_s42_default_farthestpose_sharedcam_i100_gteval_poseopt_steps15000/stats/val_step14999.json,bicycle_4_n100_s42_default_farthestpose_sharedcam_i100_gteval_poseopt_steps15000,0.0986,0.006893,100,,,,/home/ojab2/work/git/vggt/colmap_outputs/bicycle_4_n100_s42_default_farthestpose_sharedcam/eval_results.json,bicycle_4_n100_s42_default_farthestpose_sharedcam,bicycle_4_n100_s42_default_farthestpose_sharedcam_i100_gteval_poseopt_steps15000_val_step14999.json,17352,colmap | Pose Opt
colmap,100,42,,80892,,,,,0,10,farthestpose,100,GT Eval,,,,Pose Opt,,,,,0.0,,colmap,bonsai,,,15000,15000,default,MCMC,,,,,Shared Cam,,,,,,gsplat,indoor,24.653011322021484,0.17453931272029877,0.7761514782905579,1000000,0.0010529047576710582,0.09680686891078949,,,0.7091194321343928,0.2170303140499316,80892,/home/ojab2/work/git/gsplat/results/colmap_outputs/bonsai_2_n100_s42_default_farthestpose_sharedcam_i100_gteval_poseopt_steps15000/stats/val_step14999.json,/home/ojab2/work/git/gsplat/results/colmap_outputs/bonsai_2_n100_s42_default_farthestpose_sharedcam_i100_gteval_poseopt_steps15000/stats/val_step14999.json,bonsai_2_n100_s42_default_farthestpose_sharedcam_i100_gteval_poseopt_steps15000,0.1581,0.013152,100,,,,/home/ojab2/work/git/vggt/colmap_outputs/bonsai_2_n100_s42_default_farthestpose_sharedcam/eval_results.json,bonsai_2_n100_s42_default_farthestpose_sharedcam,bonsai_2_n100_s42_default_farthestpose_sharedcam_i100_gteval_poseopt_steps15000_val_step14999.json,80892,colmap | Pose Opt
vggt,87,42,0.0,100000,random,,,,0,10,farthestpose,87,GT Eval,,,,Pose Opt,,,,,0.0,,vggt,lego,,,15000,15000,,MCMC,,,,,,,,,,,gsplat,synthetic,20.352569580078125,0.07587305456399918,0.773491382598877,1000000,0.006157866213470697,0.2516995370388031,0.08927708864212036,0.02102166973054409,0.6888311082101471,0.1870075088630269,100000,/home/ojab2/work/git/gsplat/results/vggt_outputs/lego_1_n87_s42_c0.0_p100000_random_farthestpose_i87_gteval_poseopt_steps15000/stats/val_step14999.json,/home/ojab2/work/git/gsplat/results/vggt_outputs/lego_1_n87_s42_c0.0_p100000_random_farthestpose_i87_gteval_poseopt_steps15000/stats/val_step14999.json,lego_1_n87_s42_c0.0_p100000_random_farthestpose_i87_gteval_poseopt_steps15000,0.2976,0.018838,87,0.0478,0.0135,0.118,/home/ojab2/work/git/vggt/vggt_outputs/lego_1_n87_s42_c0.0_p100000_random_farthestpose/eval_results.json,lego_1_n87_s42_c0.0_p100000_random_farthestpose,lego_1_n87_s42_c0.0_p100000_random_farthestpose_i87_gteval_poseopt_steps15000_val_step14999.json,100000,vggt | Pose Opt
vggt,100,42,0.0,100000,random,,,,0,10,farthestpose,100,GT Eval,,,,Pose Opt,,,,,0.0,,vggt,bicycle,,,15000,15000,,MCMC,,,,,,,,,,,gsplat,outdoor,17.384122848510742,0.337806761264801,0.26788055896759033,1000000,0.013628819026052952,0.4889967441558838,,,0.17649355493945842,0.4039034005824482,100000,/home/ojab2/work/git/gsplat/results/vggt_outputs/bicycle_4_n100_s42_c0.0_p100000_random_farthestpose_i100_gteval_poseopt_steps15000/stats/val_step14999.json,/home/ojab2/work/git/gsplat/results/vggt_outputs/bicycle_4_n100_s42_c0.0_p100000_random_farthestpose_i100_gteval_poseopt_steps15000/stats/val_step14999.json,bicycle_4_n100_s42_c0.0_p100000_random_farthestpose_i100_gteval_poseopt_steps15000,0.7161,0.065623,100,,,,/home/ojab2/work/git/vggt/vggt_outputs/bicycle_4_n100_s42_c0.0_p100000_random_farthestpose/eval_results.json,bicycle_4_n100_s42_c0.0_p100000_random_farthestpose,bicycle_4_n100_s42_c0.0_p100000_random_farthestpose_i100_gteval_poseopt_steps15000_val_step14999.json,100000,vggt | Pose Opt
vggt,100,42,0.0,100000,random,,,,0,10,farthestpose,100,GT Eval,,,,Pose Opt,,,,,0.0,,vggt,bonsai,,,15000,15000,,MCMC,,,,,,,,,,,gsplat,indoor,17.422657012939453,0.3988327085971832,0.5597713589668274,1000000,0.021631203591823578,0.7885617017745972,,,0.3102331869860916,0.3601441038292793,100000,/home/ojab2/work/git/gsplat/results/vggt_outputs/bonsai_2_n100_s42_c0.0_p100000_random_farthestpose_i100_gteval_poseopt_steps15000/stats/val_step14999.json,/home/ojab2/work/git/gsplat/results/vggt_outputs/bonsai_2_n100_s42_c0.0_p100000_random_farthestpose_i100_gteval_poseopt_steps15000/stats/val_step14999.json,bonsai_2_n100_s42_c0.0_p100000_random_farthestpose_i100_gteval_poseopt_steps15000,0.7215,0.105749,100,,,,/home/ojab2/work/git/vggt/vggt_outputs/bonsai_2_n100_s42_c0.0_p100000_random_farthestpose/eval_results.json,bonsai_2_n100_s42_c0.0_p100000_random_farthestpose,bonsai_2_n100_s42_c0.0_p100000_random_farthestpose_i100_gteval_poseopt_steps15000_val_step14999.json,100000,vggt | Pose Opt
