method,num_images,seed,conf_thres_value,num_points,sampling_mode,near_filtering_strength,near_filtering_quorum,reconstruct_pose_opt,optimisation_iterations,optimisation_neighbourhood,image_mode,num_cameras,gt_eval,use_gt_extrinsics,use_gt_intrinsics,use_gt_points,pose_opt,pose_opt_module,eval_opt,depth_loss_mode,error_opa,depth_lambda,depth_conf_mode,choice,dataset,camera_type,copy_mode,val_step,num_steps,colmap_mode,splatting_strategy,camera_src,pcd_src,align_mode,align_glue,shared_camera,keep_backup_cams,random_init,use_ba,feature_extractor,max_ba_iterations,source,dataset_collection,psnr,lpips,ssim,num_GS,eval_rte,eval_rre,depth_l1,depth_abs_rel,quality,avge,real_num_points,file_path,gsplat_file_path,folder,rre,rte,num_aligned,alignment_scale,pred_depth_l1,pred_depth_absrel,pred_depth_rmse,sfm_file_path,input_folder,output_folder,initial_points,plot_series
vggt,87,42,0.0,100000,random,,,,0,10,farthestpose,87,GT Eval,,,,,,,,,0.0,,vggt,lego,,,15000,15000,,MCMC,,,,,,,,,,,gsplat,synthetic,20.5725154876709,0.09495189040899277,0.7736919522285461,1000000,0.00519891083240509,0.29695671796798706,0.08478271961212158,0.019924363121390343,0.681244413590493,0.1931450915679226,100000,/home/ojab2/work/git/gsplat/results/vggt_outputs/lego_1_n87_s42_c0.0_p100000_random_farthestpose_i87_gteval_steps15000/stats/val_step14999.json,/home/ojab2/work/git/gsplat/results/vggt_outputs/lego_1_n87_s42_c0.0_p100000_random_farthestpose_i87_gteval_steps15000/stats/val_step14999.json,lego_1_n87_s42_c0.0_p100000_random_farthestpose_i87_gteval_steps15000,0.2976,0.018838,87,4.04904,0.0478,0.0135,0.118,/home/ojab2/work/git/vggt/vggt_outputs/lego_1_n87_s42_c0.0_p100000_random_farthestpose/eval_results.json,lego_1_n87_s42_c0.0_p100000_random_farthestpose,lego_1_n87_s42_c0.0_p100000_random_farthestpose_i87_gteval_steps15000_val_step14999.json,100000,vggt |  | 
vggt,87,42,0.0,100000,random,,,,0,10,farthestpose,87,GT Eval,,,,,,,,,0.0,,vggt,ship,,,15000,15000,,MCMC,,,,,,,,,,,gsplat,synthetic,20.870609283447266,0.17614904046058655,0.701298177242279,1000000,0.008744901046156883,0.48666468262672424,0.1624460220336914,0.030732251703739166,0.5943074305774795,0.24362291487022897,100000,/home/ojab2/work/git/gsplat/results/vggt_outputs/ship_1_n87_s42_c0.0_p100000_random_farthestpose_i87_gteval_steps15000/stats/val_step14999.json,/home/ojab2/work/git/gsplat/results/vggt_outputs/ship_1_n87_s42_c0.0_p100000_random_farthestpose_i87_gteval_steps15000/stats/val_step14999.json,ship_1_n87_s42_c0.0_p100000_random_farthestpose_i87_gteval_steps15000,0.4869,0.027807,87,4.301907,0.1056,0.0284,0.2389,/home/ojab2/work/git/vggt/vggt_outputs/ship_1_n87_s42_c0.0_p100000_random_farthestpose/eval_results.json,ship_1_n87_s42_c0.0_p100000_random_farthestpose,ship_1_n87_s42_c0.0_p100000_random_farthestpose_i87_gteval_steps15000_val_step14999.json,100000,vggt |  | 
vggt,87,42,0.0,100000,random,,,,0,10,farthestpose,87,GT Eval,,,,,,,,,0.0,,vggt,drums,,,15000,15000,,MCMC,,,,,,,,,,,gsplat,synthetic,19.667821884155273,0.10607661306858063,0.8355606198310852,1000000,0.0029657548293471336,0.1723455935716629,0.08291950821876526,0.0187007337808609,0.6938042229572777,0.1741275835483121,100000,/home/ojab2/work/git/gsplat/results/vggt_outputs/drums_1_n87_s42_c0.0_p100000_random_farthestpose_i87_gteval_steps15000/stats/val_step14999.json,/home/ojab2/work/git/gsplat/results/vggt_outputs/drums_1_n87_s42_c0.0_p100000_random_farthestpose_i87_gteval_steps15000/stats/val_step14999.json,drums_1_n87_s42_c0.0_p100000_random_farthestpose_i87_gteval_steps15000,0.173,0.01002,87,3.881439,,,,/home/ojab2/work/git/vggt/vggt_outputs/drums_1_n87_s42_c0.0_p100000_random_farthestpose/eval_results.json,drums_1_n87_s42_c0.0_p100000_random_farthestpose,drums_1_n87_s42_c0.0_p100000_random_farthestpose_i87_gteval_steps15000_val_step14999.json,100000,vggt |  | 
vggt,87,42,0.0,100000,random,,,,0,10,farthestpose,87,GT Eval,,,,Pose Opt,,,,,0.0,,vggt,lego,,,15000,15000,,MCMC,,,,,,,,,,,gsplat,synthetic,20.352569580078125,0.07587305456399918,0.773491382598877,1000000,0.006157866213470697,0.2516995370388031,0.08927708864212036,0.02102166973054409,0.6888311082101471,0.1870075088630269,100000,/home/ojab2/work/git/gsplat/results/vggt_outputs/lego_1_n87_s42_c0.0_p100000_random_farthestpose_i87_gteval_poseopt_steps15000/stats/val_step14999.json,/home/ojab2/work/git/gsplat/results/vggt_outputs/lego_1_n87_s42_c0.0_p100000_random_farthestpose_i87_gteval_poseopt_steps15000/stats/val_step14999.json,lego_1_n87_s42_c0.0_p100000_random_farthestpose_i87_gteval_poseopt_steps15000,0.2976,0.018838,87,4.04904,0.0478,0.0135,0.118,/home/ojab2/work/git/vggt/vggt_outputs/lego_1_n87_s42_c0.0_p100000_random_farthestpose/eval_results.json,lego_1_n87_s42_c0.0_p100000_random_farthestpose,lego_1_n87_s42_c0.0_p100000_random_farthestpose_i87_gteval_poseopt_steps15000_val_step14999.json,100000,vggt |  | Pose Opt
vggt,87,42,0.0,100000,random,,,,0,10,farthestpose,87,GT Eval,,,,Pose Opt,,,,,0.0,,vggt,ship,,,15000,15000,,MCMC,,,,,,,,,,,gsplat,synthetic,22.858901977539062,0.1296185404062271,0.748465359210968,1000000,0.008311179466545582,0.3772093653678894,0.14261142909526825,0.027311956509947777,0.6874333439011167,0.21210940347301177,100000,/home/ojab2/work/git/gsplat/results/vggt_outputs/ship_1_n87_s42_c0.0_p100000_random_farthestpose_i87_gteval_poseopt_steps15000/stats/val_step14999.json,/home/ojab2/work/git/gsplat/results/vggt_outputs/ship_1_n87_s42_c0.0_p100000_random_farthestpose_i87_gteval_poseopt_steps15000/stats/val_step14999.json,ship_1_n87_s42_c0.0_p100000_random_farthestpose_i87_gteval_poseopt_steps15000,0.4869,0.027807,87,4.301907,0.1056,0.0284,0.2389,/home/ojab2/work/git/vggt/vggt_outputs/ship_1_n87_s42_c0.0_p100000_random_farthestpose/eval_results.json,ship_1_n87_s42_c0.0_p100000_random_farthestpose,ship_1_n87_s42_c0.0_p100000_random_farthestpose_i87_gteval_poseopt_steps15000_val_step14999.json,100000,vggt |  | Pose Opt
vggt,87,42,0.0,100000,random,,,,0,10,farthestpose,87,GT Eval,,,,Pose Opt,,,,,0.0,,vggt,drums,,,15000,15000,,MCMC,,,,,,,,,,,gsplat,synthetic,20.899389266967773,0.08484406024217606,0.8690087795257568,1000000,0.0031003891490399837,0.11593722552061081,0.07793186604976654,0.017566045746207237,0.749277867739893,0.15163353376661962,100000,/home/ojab2/work/git/gsplat/results/vggt_outputs/drums_1_n87_s42_c0.0_p100000_random_farthestpose_i87_gteval_poseopt_steps15000/stats/val_step14999.json,/home/ojab2/work/git/gsplat/results/vggt_outputs/drums_1_n87_s42_c0.0_p100000_random_farthestpose_i87_gteval_poseopt_steps15000/stats/val_step14999.json,drums_1_n87_s42_c0.0_p100000_random_farthestpose_i87_gteval_poseopt_steps15000,0.173,0.01002,87,3.881439,,,,/home/ojab2/work/git/vggt/vggt_outputs/drums_1_n87_s42_c0.0_p100000_random_farthestpose/eval_results.json,drums_1_n87_s42_c0.0_p100000_random_farthestpose,drums_1_n87_s42_c0.0_p100000_random_farthestpose_i87_gteval_poseopt_steps15000_val_step14999.json,100000,vggt |  | Pose Opt
vggt,87,42,0.0,100000,random,,,,0,10,farthestpose,87,GT Eval,,,,,,,closer,,1.0,,vggt,lego,,,15000,15000,,MCMC,,,,,,,,,,,gsplat,synthetic,20.592872619628906,0.10037463158369064,0.7727342844009399,1000000,0.00519891083240509,0.29695671796798706,0.07992932945489883,0.018892306834459305,0.6777139867548821,0.195274171203684,100000,/home/ojab2/work/git/gsplat/results/vggt_outputs/lego_1_n87_s42_c0.0_p100000_random_farthestpose_i87_gteval_depthcloser_dl1.0_confdisabled_steps15000/stats/val_step14999.json,/home/ojab2/work/git/gsplat/results/vggt_outputs/lego_1_n87_s42_c0.0_p100000_random_farthestpose_i87_gteval_depthcloser_dl1.0_confdisabled_steps15000/stats/val_step14999.json,lego_1_n87_s42_c0.0_p100000_random_farthestpose_i87_gteval_depthcloser_dl1.0_confdisabled_steps15000,0.2976,0.018838,87,4.04904,0.0478,0.0135,0.118,/home/ojab2/work/git/vggt/vggt_outputs/lego_1_n87_s42_c0.0_p100000_random_farthestpose/eval_results.json,lego_1_n87_s42_c0.0_p100000_random_farthestpose,lego_1_n87_s42_c0.0_p100000_random_farthestpose_i87_gteval_depthcloser_dl1.0_confdisabled_steps15000_val_step14999.json,100000,vggt | closer | 
vggt,87,42,0.0,100000,random,,,,0,10,farthestpose,87,GT Eval,,,,,,,closer,,1.0,,vggt,ship,,,15000,15000,,MCMC,,,,,,,,,,,gsplat,synthetic,20.867536544799805,0.19188474118709564,0.7020395994186401,1000000,0.008744901046156883,0.48666468262672424,0.2059907615184784,0.03995439037680626,0.5849707127198374,0.24864384135592602,100000,/home/ojab2/work/git/gsplat/results/vggt_outputs/ship_1_n87_s42_c0.0_p100000_random_farthestpose_i87_gteval_depthcloser_dl1.0_confdisabled_steps15000/stats/val_step14999.json,/home/ojab2/work/git/gsplat/results/vggt_outputs/ship_1_n87_s42_c0.0_p100000_random_farthestpose_i87_gteval_depthcloser_dl1.0_confdisabled_steps15000/stats/val_step14999.json,ship_1_n87_s42_c0.0_p100000_random_farthestpose_i87_gteval_depthcloser_dl1.0_confdisabled_steps15000,0.4869,0.027807,87,4.301907,0.1056,0.0284,0.2389,/home/ojab2/work/git/vggt/vggt_outputs/ship_1_n87_s42_c0.0_p100000_random_farthestpose/eval_results.json,ship_1_n87_s42_c0.0_p100000_random_farthestpose,ship_1_n87_s42_c0.0_p100000_random_farthestpose_i87_gteval_depthcloser_dl1.0_confdisabled_steps15000_val_step14999.json,100000,vggt | closer | 
vggt,87,42,0.0,100000,random,,,,0,10,farthestpose,87,GT Eval,,,,,,,closer,,1.0,,vggt,drums,,,15000,15000,,MCMC,,,,,,,,,,,gsplat,synthetic,19.660125732421875,0.11226559430360794,0.8346882462501526,1000000,0.0029657548293471336,0.1723455935716629,0.10470449179410934,0.023892385885119438,0.689331182852978,0.1765550340716743,100000,/home/ojab2/work/git/gsplat/results/vggt_outputs/drums_1_n87_s42_c0.0_p100000_random_farthestpose_i87_gteval_depthcloser_dl1.0_confdisabled_steps15000/stats/val_step14999.json,/home/ojab2/work/git/gsplat/results/vggt_outputs/drums_1_n87_s42_c0.0_p100000_random_farthestpose_i87_gteval_depthcloser_dl1.0_confdisabled_steps15000/stats/val_step14999.json,drums_1_n87_s42_c0.0_p100000_random_farthestpose_i87_gteval_depthcloser_dl1.0_confdisabled_steps15000,0.173,0.01002,87,3.881439,,,,/home/ojab2/work/git/vggt/vggt_outputs/drums_1_n87_s42_c0.0_p100000_random_farthestpose/eval_results.json,drums_1_n87_s42_c0.0_p100000_random_farthestpose,drums_1_n87_s42_c0.0_p100000_random_farthestpose_i87_gteval_depthcloser_dl1.0_confdisabled_steps15000_val_step14999.json,100000,vggt | closer | 
vggt,87,42,0.0,100000,random,,,,0,10,farthestpose,87,GT Eval,,,,Pose Opt,,,closer,,1.0,,vggt,lego,,,15000,15000,,MCMC,,,,,,,,,,,gsplat,synthetic,20.3682804107666,0.07864906638860703,0.7746673226356506,1000000,0.005750696640461683,0.25033044815063477,0.09501129388809204,0.022374851629137993,0.6880961462051701,0.18750940714734915,100000,/home/ojab2/work/git/gsplat/results/vggt_outputs/lego_1_n87_s42_c0.0_p100000_random_farthestpose_i87_gteval_poseopt_depthcloser_dl1.0_confdisabled_steps15000/stats/val_step14999.json,/home/ojab2/work/git/gsplat/results/vggt_outputs/lego_1_n87_s42_c0.0_p100000_random_farthestpose_i87_gteval_poseopt_depthcloser_dl1.0_confdisabled_steps15000/stats/val_step14999.json,lego_1_n87_s42_c0.0_p100000_random_farthestpose_i87_gteval_poseopt_depthcloser_dl1.0_confdisabled_steps15000,0.2976,0.018838,87,4.04904,0.0478,0.0135,0.118,/home/ojab2/work/git/vggt/vggt_outputs/lego_1_n87_s42_c0.0_p100000_random_farthestpose/eval_results.json,lego_1_n87_s42_c0.0_p100000_random_farthestpose,lego_1_n87_s42_c0.0_p100000_random_farthestpose_i87_gteval_poseopt_depthcloser_dl1.0_confdisabled_steps15000_val_step14999.json,100000,vggt | closer | Pose Opt
vggt,87,42,0.0,100000,random,,,,0,10,farthestpose,87,GT Eval,,,,Pose Opt,,,closer,,1.0,,vggt,ship,,,15000,15000,,MCMC,,,,,,,,,,,gsplat,synthetic,22.619239807128906,0.13903994858264923,0.7433000802993774,1000000,0.00839789118617773,0.3787805736064911,0.16415853798389435,0.03237118199467659,0.6741588405582175,0.2170555627293811,100000,/home/ojab2/work/git/gsplat/results/vggt_outputs/ship_1_n87_s42_c0.0_p100000_random_farthestpose_i87_gteval_poseopt_depthcloser_dl1.0_confdisabled_steps15000/stats/val_step14999.json,/home/ojab2/work/git/gsplat/results/vggt_outputs/ship_1_n87_s42_c0.0_p100000_random_farthestpose_i87_gteval_poseopt_depthcloser_dl1.0_confdisabled_steps15000/stats/val_step14999.json,ship_1_n87_s42_c0.0_p100000_random_farthestpose_i87_gteval_poseopt_depthcloser_dl1.0_confdisabled_steps15000,0.4869,0.027807,87,4.301907,0.1056,0.0284,0.2389,/home/ojab2/work/git/vggt/vggt_outputs/ship_1_n87_s42_c0.0_p100000_random_farthestpose/eval_results.json,ship_1_n87_s42_c0.0_p100000_random_farthestpose,ship_1_n87_s42_c0.0_p100000_random_farthestpose_i87_gteval_poseopt_depthcloser_dl1.0_confdisabled_steps15000_val_step14999.json,100000,vggt | closer | Pose Opt
vggt,87,42,0.0,100000,random,,,,0,10,farthestpose,87,GT Eval,,,,Pose Opt,,,closer,,1.0,,vggt,drums,,,15000,15000,,MCMC,,,,,,,,,,,gsplat,synthetic,20.029836654663086,0.09145382791757584,0.8509619832038879,1000000,0.0031142313964664936,0.13361267745494843,0.11599965393543243,0.026046762242913246,0.718541256023197,0.16247992800046696,100000,/home/ojab2/work/git/gsplat/results/vggt_outputs/drums_1_n87_s42_c0.0_p100000_random_farthestpose_i87_gteval_poseopt_depthcloser_dl1.0_confdisabled_steps15000/stats/val_step14999.json,/home/ojab2/work/git/gsplat/results/vggt_outputs/drums_1_n87_s42_c0.0_p100000_random_farthestpose_i87_gteval_poseopt_depthcloser_dl1.0_confdisabled_steps15000/stats/val_step14999.json,drums_1_n87_s42_c0.0_p100000_random_farthestpose_i87_gteval_poseopt_depthcloser_dl1.0_confdisabled_steps15000,0.173,0.01002,87,3.881439,,,,/home/ojab2/work/git/vggt/vggt_outputs/drums_1_n87_s42_c0.0_p100000_random_farthestpose/eval_results.json,drums_1_n87_s42_c0.0_p100000_random_farthestpose,drums_1_n87_s42_c0.0_p100000_random_farthestpose_i87_gteval_poseopt_depthcloser_dl1.0_confdisabled_steps15000_val_step14999.json,100000,vggt | closer | Pose Opt
vggt,87,42,0.0,100000,random,,,,0,10,farthestpose,87,GT Eval,,,,,,,full,,1.0,,vggt,lego,,,15000,15000,,MCMC,,,,,,,,,,,gsplat,synthetic,20.556629180908203,0.09690956026315689,0.7737740874290466,1000000,0.00519891083240509,0.29695671796798706,0.07979603111743927,0.01869172789156437,0.6797898168239289,0.19377957654762712,100000,/home/ojab2/work/git/gsplat/results/vggt_outputs/lego_1_n87_s42_c0.0_p100000_random_farthestpose_i87_gteval_depthfull_dl1.0_confdisabled_steps15000/stats/val_step14999.json,/home/ojab2/work/git/gsplat/results/vggt_outputs/lego_1_n87_s42_c0.0_p100000_random_farthestpose_i87_gteval_depthfull_dl1.0_confdisabled_steps15000/stats/val_step14999.json,lego_1_n87_s42_c0.0_p100000_random_farthestpose_i87_gteval_depthfull_dl1.0_confdisabled_steps15000,0.2976,0.018838,87,4.04904,0.0478,0.0135,0.118,/home/ojab2/work/git/vggt/vggt_outputs/lego_1_n87_s42_c0.0_p100000_random_farthestpose/eval_results.json,lego_1_n87_s42_c0.0_p100000_random_farthestpose,lego_1_n87_s42_c0.0_p100000_random_farthestpose_i87_gteval_depthfull_dl1.0_confdisabled_steps15000_val_step14999.json,100000,vggt | full | 
vggt,87,42,0.0,100000,random,,,,0,10,farthestpose,87,GT Eval,,,,,,,full,,1.0,,vggt,ship,,,15000,15000,,MCMC,,,,,,,,,,,gsplat,synthetic,20.877124786376953,0.1864151954650879,0.7060765624046326,1000000,0.008744901046156883,0.48666468262672424,0.17523036897182465,0.033622920513153076,0.5908853326082384,0.24557782993040111,100000,/home/ojab2/work/git/gsplat/results/vggt_outputs/ship_1_n87_s42_c0.0_p100000_random_farthestpose_i87_gteval_depthfull_dl1.0_confdisabled_steps15000/stats/val_step14999.json,/home/ojab2/work/git/gsplat/results/vggt_outputs/ship_1_n87_s42_c0.0_p100000_random_farthestpose_i87_gteval_depthfull_dl1.0_confdisabled_steps15000/stats/val_step14999.json,ship_1_n87_s42_c0.0_p100000_random_farthestpose_i87_gteval_depthfull_dl1.0_confdisabled_steps15000,0.4869,0.027807,87,4.301907,0.1056,0.0284,0.2389,/home/ojab2/work/git/vggt/vggt_outputs/ship_1_n87_s42_c0.0_p100000_random_farthestpose/eval_results.json,ship_1_n87_s42_c0.0_p100000_random_farthestpose,ship_1_n87_s42_c0.0_p100000_random_farthestpose_i87_gteval_depthfull_dl1.0_confdisabled_steps15000_val_step14999.json,100000,vggt | full | 
vggt,87,42,0.0,100000,random,,,,0,10,farthestpose,87,GT Eval,,,,,,,full,,1.0,,vggt,drums,,,15000,15000,,MCMC,,,,,,,,,,,gsplat,synthetic,19.687776565551758,0.1111045852303505,0.8363602161407471,1000000,0.0029657548293471336,0.1723455935716629,0.08963558077812195,0.02014957182109356,0.6915376677557272,0.1754580413908966,100000,/home/ojab2/work/git/gsplat/results/vggt_outputs/drums_1_n87_s42_c0.0_p100000_random_farthestpose_i87_gteval_depthfull_dl1.0_confdisabled_steps15000/stats/val_step14999.json,/home/ojab2/work/git/gsplat/results/vggt_outputs/drums_1_n87_s42_c0.0_p100000_random_farthestpose_i87_gteval_depthfull_dl1.0_confdisabled_steps15000/stats/val_step14999.json,drums_1_n87_s42_c0.0_p100000_random_farthestpose_i87_gteval_depthfull_dl1.0_confdisabled_steps15000,0.173,0.01002,87,3.881439,,,,/home/ojab2/work/git/vggt/vggt_outputs/drums_1_n87_s42_c0.0_p100000_random_farthestpose/eval_results.json,drums_1_n87_s42_c0.0_p100000_random_farthestpose,drums_1_n87_s42_c0.0_p100000_random_farthestpose_i87_gteval_depthfull_dl1.0_confdisabled_steps15000_val_step14999.json,100000,vggt | full | 
vggt,87,42,0.0,100000,random,,,,0,10,farthestpose,87,GT Eval,,,,Pose Opt,,,full,,1.0,,vggt,lego,,,15000,15000,,MCMC,,,,,,,,,,,gsplat,synthetic,21.97274398803711,0.06969247758388519,0.8122559189796448,1000000,0.003929816652089357,0.222517192363739,0.07714632153511047,0.018137581646442413,0.7453188284834612,0.1697787415651369,100000,/home/ojab2/work/git/gsplat/results/vggt_outputs/lego_1_n87_s42_c0.0_p100000_random_farthestpose_i87_gteval_poseopt_depthfull_dl1.0_confdisabled_steps15000/stats/val_step14999.json,/home/ojab2/work/git/gsplat/results/vggt_outputs/lego_1_n87_s42_c0.0_p100000_random_farthestpose_i87_gteval_poseopt_depthfull_dl1.0_confdisabled_steps15000/stats/val_step14999.json,lego_1_n87_s42_c0.0_p100000_random_farthestpose_i87_gteval_poseopt_depthfull_dl1.0_confdisabled_steps15000,0.2976,0.018838,87,4.04904,0.0478,0.0135,0.118,/home/ojab2/work/git/vggt/vggt_outputs/lego_1_n87_s42_c0.0_p100000_random_farthestpose/eval_results.json,lego_1_n87_s42_c0.0_p100000_random_farthestpose,lego_1_n87_s42_c0.0_p100000_random_farthestpose_i87_gteval_poseopt_depthfull_dl1.0_confdisabled_steps15000_val_step14999.json,100000,vggt | full | Pose Opt
vggt,87,42,0.0,100000,random,,,,0,10,farthestpose,87,GT Eval,,,,Pose Opt,,,full,,1.0,,vggt,ship,,,15000,15000,,MCMC,,,,,,,,,,,gsplat,synthetic,23.490942001342773,0.13170914351940155,0.7646981477737427,1000000,0.008768405765295029,0.3649813234806061,0.14167077839374542,0.027750859037041664,0.7073401518461377,0.20708817606269792,100000,/home/ojab2/work/git/gsplat/results/vggt_outputs/ship_1_n87_s42_c0.0_p100000_random_farthestpose_i87_gteval_poseopt_depthfull_dl1.0_confdisabled_steps15000/stats/val_step14999.json,/home/ojab2/work/git/gsplat/results/vggt_outputs/ship_1_n87_s42_c0.0_p100000_random_farthestpose_i87_gteval_poseopt_depthfull_dl1.0_confdisabled_steps15000/stats/val_step14999.json,ship_1_n87_s42_c0.0_p100000_random_farthestpose_i87_gteval_poseopt_depthfull_dl1.0_confdisabled_steps15000,0.4869,0.027807,87,4.301907,0.1056,0.0284,0.2389,/home/ojab2/work/git/vggt/vggt_outputs/ship_1_n87_s42_c0.0_p100000_random_farthestpose/eval_results.json,ship_1_n87_s42_c0.0_p100000_random_farthestpose,ship_1_n87_s42_c0.0_p100000_random_farthestpose_i87_gteval_poseopt_depthfull_dl1.0_confdisabled_steps15000_val_step14999.json,100000,vggt | full | Pose Opt
vggt,87,42,0.0,100000,random,,,,0,10,farthestpose,87,GT Eval,,,,Pose Opt,,,full,,1.0,,vggt,drums,,,15000,15000,,MCMC,,,,,,,,,,,gsplat,synthetic,20.72846031188965,0.0885021984577179,0.8661181926727295,1000000,0.0022400871384888887,0.11155002564191818,0.08080476522445679,0.018041422590613365,0.742164005041897,0.15428553800930198,100000,/home/ojab2/work/git/gsplat/results/vggt_outputs/drums_1_n87_s42_c0.0_p100000_random_farthestpose_i87_gteval_poseopt_depthfull_dl1.0_confdisabled_steps15000/stats/val_step14999.json,/home/ojab2/work/git/gsplat/results/vggt_outputs/drums_1_n87_s42_c0.0_p100000_random_farthestpose_i87_gteval_poseopt_depthfull_dl1.0_confdisabled_steps15000/stats/val_step14999.json,drums_1_n87_s42_c0.0_p100000_random_farthestpose_i87_gteval_poseopt_depthfull_dl1.0_confdisabled_steps15000,0.173,0.01002,87,3.881439,,,,/home/ojab2/work/git/vggt/vggt_outputs/drums_1_n87_s42_c0.0_p100000_random_farthestpose/eval_results.json,drums_1_n87_s42_c0.0_p100000_random_farthestpose,drums_1_n87_s42_c0.0_p100000_random_farthestpose_i87_gteval_poseopt_depthfull_dl1.0_confdisabled_steps15000_val_step14999.json,100000,vggt | full | Pose Opt
