method,num_images,seed,conf_thres_value,num_points,sampling_mode,near_filtering_strength,near_filtering_quorum,reconstruct_pose_opt,optimisation_iterations,optimisation_neighbourhood,image_mode,num_cameras,gt_eval,use_gt_extrinsics,use_gt_intrinsics,use_gt_points,pose_opt,pose_opt_module,eval_opt,depth_loss_mode,error_opa,depth_lambda,depth_conf_mode,depth_conf_shifted,loss_multiplier,pose_loss_multiplier,choice,dataset,camera_type,copy_mode,val_step,num_steps,colmap_mode,splatting_strategy,camera_src,pcd_src,align_mode,align_glue,shared_camera,keep_backup_cams,random_init,use_ba,feature_extractor,max_ba_iterations,source,dataset_collection,psnr,lpips,ssim,num_GS,eval_rte,eval_rre,depth_l1,depth_abs_rel,quality,avge,real_num_points,file_path,gsplat_file_path,folder,rre,rte,num_aligned,alignment_scale,pred_depth_l1,pred_depth_absrel,pred_depth_rmse,sfm_file_path,input_folder,output_folder,initial_points,plot_series,num_points_jitter
combined,87,42,0.0,870,confidence,,,,0,10,farthestpose,87,GT Eval,,,,Pose Opt,,,,,0.0,,False,1.0,1.0,colmap,lego,,,15000,15000,default,MCMC,COLMAP Cams,Both Pcds,Global Alignment,,Shared Cam,,,,,,gsplat,synthetic,25.04442596435547,0.05368903651833534,0.901475191116333,1000000,0.11241882294416428,10.389330863952637,0.018986988812685013,0.01995999924838543,0.8642555083147576,0.12356858285565848,10939,/home/ojab2/work/git/gsplat/results/combined_outputs/lego_1_n87_s42_combined_colmapcams_bothpcd_amglobal_default_c0.0_p870_confidence_farthestpose_sharedcam_i87_gteval_poseopt_steps15000/stats/val_step14999.json,/home/ojab2/work/git/gsplat/results/combined_outputs/lego_1_n87_s42_combined_colmapcams_bothpcd_amglobal_default_c0.0_p870_confidence_farthestpose_sharedcam_i87_gteval_poseopt_steps15000/stats/val_step14999.json,lego_1_n87_s42_combined_colmapcams_bothpcd_amglobal_default_c0.0_p870_confidence_farthestpose_sharedcam_i87_gteval_poseopt_steps15000,10.4269,0.396164,87,0.88238,0.0454,0.0128,0.1163,/home/ojab2/work/git/vggt/combined_outputs/lego_1_n87_s42_combined_colmapcams_bothpcd_amglobal_default_c0.0_p870_confidence_farthestpose_sharedcam/eval_results.json,lego_1_n87_s42_combined_colmapcams_bothpcd_amglobal_default_c0.0_p870_confidence_farthestpose_sharedcam,lego_1_n87_s42_combined_colmapcams_bothpcd_amglobal_default_c0.0_p870_confidence_farthestpose_sharedcam_i87_gteval_poseopt_steps15000_val_step14999.json,10939,combined | confidence | Both Pcds,804.75
combined,100,42,0.0,1000,confidence,,,,0,10,farthestpose,100,GT Eval,,,,Pose Opt,,,,,0.0,,False,1.0,1.0,colmap,bicycle,,,15000,15000,default,MCMC,COLMAP Cams,Both Pcds,Global Alignment,,Shared Cam,,,,,,gsplat,outdoor,22.28526496887207,0.3328595757484436,0.5697954297065735,1000000,0.0025237789377570152,0.10746901482343674,,,0.4468676682181603,0.3315559473932489,18352,/home/ojab2/work/git/gsplat/results/combined_outputs/bicycle_4_n100_s42_combined_colmapcams_bothpcd_amglobal_default_c0.0_p1000_confidence_farthestpose_sharedcam_i100_gteval_poseopt_steps15000/stats/val_step14999.json,/home/ojab2/work/git/gsplat/results/combined_outputs/bicycle_4_n100_s42_combined_colmapcams_bothpcd_amglobal_default_c0.0_p1000_confidence_farthestpose_sharedcam_i100_gteval_poseopt_steps15000/stats/val_step14999.json,bicycle_4_n100_s42_combined_colmapcams_bothpcd_amglobal_default_c0.0_p1000_confidence_farthestpose_sharedcam_i100_gteval_poseopt_steps15000,0.0986,0.006893,100,1.077433,,,,/home/ojab2/work/git/vggt/combined_outputs/bicycle_4_n100_s42_combined_colmapcams_bothpcd_amglobal_default_c0.0_p1000_confidence_farthestpose_sharedcam/eval_results.json,bicycle_4_n100_s42_combined_colmapcams_bothpcd_amglobal_default_c0.0_p1000_confidence_farthestpose_sharedcam,bicycle_4_n100_s42_combined_colmapcams_bothpcd_amglobal_default_c0.0_p1000_confidence_farthestpose_sharedcam_i100_gteval_poseopt_steps15000_val_step14999.json,18352,combined | confidence | Both Pcds,925.0
combined,100,42,0.0,1000,confidence,,,,0,10,farthestpose,100,GT Eval,,,,Pose Opt,,,,,0.0,,False,1.0,1.0,colmap,bonsai,,,15000,15000,default,MCMC,COLMAP Cams,Both Pcds,Global Alignment,,Shared Cam,,,,,,gsplat,indoor,24.82090950012207,0.1732361614704132,0.7785764336585999,1000000,0.0010706778848543763,0.0994265004992485,,,0.7144511745609657,0.21569607474017904,81892,/home/ojab2/work/git/gsplat/results/combined_outputs/bonsai_2_n100_s42_combined_colmapcams_bothpcd_amglobal_default_c0.0_p1000_confidence_farthestpose_sharedcam_i100_gteval_poseopt_steps15000/stats/val_step14999.json,/home/ojab2/work/git/gsplat/results/combined_outputs/bonsai_2_n100_s42_combined_colmapcams_bothpcd_amglobal_default_c0.0_p1000_confidence_farthestpose_sharedcam_i100_gteval_poseopt_steps15000/stats/val_step14999.json,bonsai_2_n100_s42_combined_colmapcams_bothpcd_amglobal_default_c0.0_p1000_confidence_farthestpose_sharedcam_i100_gteval_poseopt_steps15000,0.1581,0.013152,100,1.113392,,,,/home/ojab2/work/git/vggt/combined_outputs/bonsai_2_n100_s42_combined_colmapcams_bothpcd_amglobal_default_c0.0_p1000_confidence_farthestpose_sharedcam/eval_results.json,bonsai_2_n100_s42_combined_colmapcams_bothpcd_amglobal_default_c0.0_p1000_confidence_farthestpose_sharedcam,bonsai_2_n100_s42_combined_colmapcams_bothpcd_amglobal_default_c0.0_p1000_confidence_farthestpose_sharedcam_i100_gteval_poseopt_steps15000_val_step14999.json,81892,combined | confidence | Both Pcds,925.0
combined,87,42,0.0,4350,confidence,,,,0,10,farthestpose,87,GT Eval,,,,Pose Opt,,,,,0.0,,False,1.0,1.0,colmap,lego,,,15000,15000,default,MCMC,COLMAP Cams,Both Pcds,Global Alignment,,Shared Cam,,,,,,gsplat,synthetic,25.278766632080078,0.05200645700097084,0.905403733253479,1000000,0.11241886764764786,10.390055656433105,0.018528694286942482,0.019487395882606506,0.8719311727040228,0.12084573050016358,14419,/home/ojab2/work/git/gsplat/results/combined_outputs/lego_1_n87_s42_combined_colmapcams_bothpcd_amglobal_default_c0.0_p4350_confidence_farthestpose_sharedcam_i87_gteval_poseopt_steps15000/stats/val_step14999.json,/home/ojab2/work/git/gsplat/results/combined_outputs/lego_1_n87_s42_combined_colmapcams_bothpcd_amglobal_default_c0.0_p4350_confidence_farthestpose_sharedcam_i87_gteval_poseopt_steps15000/stats/val_step14999.json,lego_1_n87_s42_combined_colmapcams_bothpcd_amglobal_default_c0.0_p4350_confidence_farthestpose_sharedcam_i87_gteval_poseopt_steps15000,10.4269,0.396164,87,0.88238,0.0454,0.0128,0.1163,/home/ojab2/work/git/vggt/combined_outputs/lego_1_n87_s42_combined_colmapcams_bothpcd_amglobal_default_c0.0_p4350_confidence_farthestpose_sharedcam/eval_results.json,lego_1_n87_s42_combined_colmapcams_bothpcd_amglobal_default_c0.0_p4350_confidence_farthestpose_sharedcam,lego_1_n87_s42_combined_colmapcams_bothpcd_amglobal_default_c0.0_p4350_confidence_farthestpose_sharedcam_i87_gteval_poseopt_steps15000_val_step14999.json,14419,combined | confidence | Both Pcds,4023.75
combined,100,42,0.0,5000,confidence,,,,0,10,farthestpose,100,GT Eval,,,,Pose Opt,,,,,0.0,,False,1.0,1.0,colmap,bicycle,,,15000,15000,default,MCMC,COLMAP Cams,Both Pcds,Global Alignment,,Shared Cam,,,,,,gsplat,outdoor,22.217044830322266,0.3153914213180542,0.5676057934761047,1000000,0.0024945680052042007,0.10823880136013031,,,0.45510665467220757,0.3263200994847394,22352,/home/ojab2/work/git/gsplat/results/combined_outputs/bicycle_4_n100_s42_combined_colmapcams_bothpcd_amglobal_default_c0.0_p5000_confidence_farthestpose_sharedcam_i100_gteval_poseopt_steps15000/stats/val_step14999.json,/home/ojab2/work/git/gsplat/results/combined_outputs/bicycle_4_n100_s42_combined_colmapcams_bothpcd_amglobal_default_c0.0_p5000_confidence_farthestpose_sharedcam_i100_gteval_poseopt_steps15000/stats/val_step14999.json,bicycle_4_n100_s42_combined_colmapcams_bothpcd_amglobal_default_c0.0_p5000_confidence_farthestpose_sharedcam_i100_gteval_poseopt_steps15000,0.0986,0.006893,100,1.077433,,,,/home/ojab2/work/git/vggt/combined_outputs/bicycle_4_n100_s42_combined_colmapcams_bothpcd_amglobal_default_c0.0_p5000_confidence_farthestpose_sharedcam/eval_results.json,bicycle_4_n100_s42_combined_colmapcams_bothpcd_amglobal_default_c0.0_p5000_confidence_farthestpose_sharedcam,bicycle_4_n100_s42_combined_colmapcams_bothpcd_amglobal_default_c0.0_p5000_confidence_farthestpose_sharedcam_i100_gteval_poseopt_steps15000_val_step14999.json,22352,combined | confidence | Both Pcds,4625.0
combined,100,42,0.0,5000,confidence,,,,0,10,farthestpose,100,GT Eval,,,,Pose Opt,,,,,0.0,,False,1.0,1.0,colmap,bonsai,,,15000,15000,default,MCMC,COLMAP Cams,Both Pcds,Global Alignment,,Shared Cam,,,,,,gsplat,indoor,24.535621643066406,0.1736452430486679,0.7678382992744446,1000000,0.0010444767540320754,0.10126945376396179,,,0.7026359358532541,0.21966533461813068,85892,/home/ojab2/work/git/gsplat/results/combined_outputs/bonsai_2_n100_s42_combined_colmapcams_bothpcd_amglobal_default_c0.0_p5000_confidence_farthestpose_sharedcam_i100_gteval_poseopt_steps15000/stats/val_step14999.json,/home/ojab2/work/git/gsplat/results/combined_outputs/bonsai_2_n100_s42_combined_colmapcams_bothpcd_amglobal_default_c0.0_p5000_confidence_farthestpose_sharedcam_i100_gteval_poseopt_steps15000/stats/val_step14999.json,bonsai_2_n100_s42_combined_colmapcams_bothpcd_amglobal_default_c0.0_p5000_confidence_farthestpose_sharedcam_i100_gteval_poseopt_steps15000,0.1581,0.013152,100,1.113392,,,,/home/ojab2/work/git/vggt/combined_outputs/bonsai_2_n100_s42_combined_colmapcams_bothpcd_amglobal_default_c0.0_p5000_confidence_farthestpose_sharedcam/eval_results.json,bonsai_2_n100_s42_combined_colmapcams_bothpcd_amglobal_default_c0.0_p5000_confidence_farthestpose_sharedcam,bonsai_2_n100_s42_combined_colmapcams_bothpcd_amglobal_default_c0.0_p5000_confidence_farthestpose_sharedcam_i100_gteval_poseopt_steps15000_val_step14999.json,85892,combined | confidence | Both Pcds,4625.0
combined,87,42,0.0,8700,confidence,,,,0,10,farthestpose,87,GT Eval,,,,Pose Opt,,,,,0.0,,False,1.0,1.0,colmap,lego,,,15000,15000,default,MCMC,COLMAP Cams,Both Pcds,Global Alignment,,Shared Cam,,,,,,gsplat,synthetic,25.368465423583984,0.05142010375857353,0.9064612984657288,1000000,0.11246266961097717,10.391371726989746,0.018281562253832817,0.019231099635362625,0.874572667069951,0.12005537566177762,18769,/home/ojab2/work/git/gsplat/results/combined_outputs/lego_1_n87_s42_combined_colmapcams_bothpcd_amglobal_default_c0.0_p8700_confidence_farthestpose_sharedcam_i87_gteval_poseopt_steps15000/stats/val_step14999.json,/home/ojab2/work/git/gsplat/results/combined_outputs/lego_1_n87_s42_combined_colmapcams_bothpcd_amglobal_default_c0.0_p8700_confidence_farthestpose_sharedcam_i87_gteval_poseopt_steps15000/stats/val_step14999.json,lego_1_n87_s42_combined_colmapcams_bothpcd_amglobal_default_c0.0_p8700_confidence_farthestpose_sharedcam_i87_gteval_poseopt_steps15000,10.4269,0.396164,87,0.88238,0.0454,0.0128,0.1163,/home/ojab2/work/git/vggt/combined_outputs/lego_1_n87_s42_combined_colmapcams_bothpcd_amglobal_default_c0.0_p8700_confidence_farthestpose_sharedcam/eval_results.json,lego_1_n87_s42_combined_colmapcams_bothpcd_amglobal_default_c0.0_p8700_confidence_farthestpose_sharedcam,lego_1_n87_s42_combined_colmapcams_bothpcd_amglobal_default_c0.0_p8700_confidence_farthestpose_sharedcam_i87_gteval_poseopt_steps15000_val_step14999.json,18769,combined | confidence | Both Pcds,8047.5
combined,100,42,0.0,10000,confidence,,,,0,10,farthestpose,100,GT Eval,,,,Pose Opt,,,,,0.0,,False,1.0,1.0,colmap,bicycle,,,15000,15000,default,MCMC,COLMAP Cams,Both Pcds,Global Alignment,,Shared Cam,,,,,,gsplat,outdoor,22.29121971130371,0.30420100688934326,0.5730538964271545,1000000,0.0024781825486570597,0.10681691765785217,,,0.4665739519244436,0.3211708298018196,27352,/home/ojab2/work/git/gsplat/results/combined_outputs/bicycle_4_n100_s42_combined_colmapcams_bothpcd_amglobal_default_c0.0_p10000_confidence_farthestpose_sharedcam_i100_gteval_poseopt_steps15000/stats/val_step14999.json,/home/ojab2/work/git/gsplat/results/combined_outputs/bicycle_4_n100_s42_combined_colmapcams_bothpcd_amglobal_default_c0.0_p10000_confidence_farthestpose_sharedcam_i100_gteval_poseopt_steps15000/stats/val_step14999.json,bicycle_4_n100_s42_combined_colmapcams_bothpcd_amglobal_default_c0.0_p10000_confidence_farthestpose_sharedcam_i100_gteval_poseopt_steps15000,0.0986,0.006893,100,1.077433,,,,/home/ojab2/work/git/vggt/combined_outputs/bicycle_4_n100_s42_combined_colmapcams_bothpcd_amglobal_default_c0.0_p10000_confidence_farthestpose_sharedcam/eval_results.json,bicycle_4_n100_s42_combined_colmapcams_bothpcd_amglobal_default_c0.0_p10000_confidence_farthestpose_sharedcam,bicycle_4_n100_s42_combined_colmapcams_bothpcd_amglobal_default_c0.0_p10000_confidence_farthestpose_sharedcam_i100_gteval_poseopt_steps15000_val_step14999.json,27352,combined | confidence | Both Pcds,9250.0
combined,100,42,0.0,10000,confidence,,,,0,10,farthestpose,100,GT Eval,,,,Pose Opt,,,,,0.0,,False,1.0,1.0,colmap,bonsai,,,15000,15000,default,MCMC,COLMAP Cams,Both Pcds,Global Alignment,,Shared Cam,,,,,,gsplat,indoor,24.510095596313477,0.17414343357086182,0.7664178013801575,1000000,0.00101753743365407,0.10091706365346909,,,0.7010250057470806,0.2203289173317547,90892,/home/ojab2/work/git/gsplat/results/combined_outputs/bonsai_2_n100_s42_combined_colmapcams_bothpcd_amglobal_default_c0.0_p10000_confidence_farthestpose_sharedcam_i100_gteval_poseopt_steps15000/stats/val_step14999.json,/home/ojab2/work/git/gsplat/results/combined_outputs/bonsai_2_n100_s42_combined_colmapcams_bothpcd_amglobal_default_c0.0_p10000_confidence_farthestpose_sharedcam_i100_gteval_poseopt_steps15000/stats/val_step14999.json,bonsai_2_n100_s42_combined_colmapcams_bothpcd_amglobal_default_c0.0_p10000_confidence_farthestpose_sharedcam_i100_gteval_poseopt_steps15000,0.1581,0.013152,100,1.113392,,,,/home/ojab2/work/git/vggt/combined_outputs/bonsai_2_n100_s42_combined_colmapcams_bothpcd_amglobal_default_c0.0_p10000_confidence_farthestpose_sharedcam/eval_results.json,bonsai_2_n100_s42_combined_colmapcams_bothpcd_amglobal_default_c0.0_p10000_confidence_farthestpose_sharedcam,bonsai_2_n100_s42_combined_colmapcams_bothpcd_amglobal_default_c0.0_p10000_confidence_farthestpose_sharedcam_i100_gteval_poseopt_steps15000_val_step14999.json,90892,combined | confidence | Both Pcds,9250.0
combined,87,42,0.0,43500,confidence,,,,0,10,farthestpose,87,GT Eval,,,,Pose Opt,,,,,0.0,,False,1.0,1.0,colmap,lego,,,15000,15000,default,MCMC,COLMAP Cams,Both Pcds,Global Alignment,,Shared Cam,,,,,,gsplat,synthetic,25.112327575683594,0.050839826464653015,0.9030593037605286,1000000,0.11248074471950531,10.388312339782715,0.017984960228204727,0.018927056342363358,0.8681980988629225,0.1217581238277177,53569,/home/ojab2/work/git/gsplat/results/combined_outputs/lego_1_n87_s42_combined_colmapcams_bothpcd_amglobal_default_c0.0_p43500_confidence_farthestpose_sharedcam_i87_gteval_poseopt_steps15000/stats/val_step14999.json,/home/ojab2/work/git/gsplat/results/combined_outputs/lego_1_n87_s42_combined_colmapcams_bothpcd_amglobal_default_c0.0_p43500_confidence_farthestpose_sharedcam_i87_gteval_poseopt_steps15000/stats/val_step14999.json,lego_1_n87_s42_combined_colmapcams_bothpcd_amglobal_default_c0.0_p43500_confidence_farthestpose_sharedcam_i87_gteval_poseopt_steps15000,10.4269,0.396164,87,0.88238,0.0454,0.0128,0.1163,/home/ojab2/work/git/vggt/combined_outputs/lego_1_n87_s42_combined_colmapcams_bothpcd_amglobal_default_c0.0_p43500_confidence_farthestpose_sharedcam/eval_results.json,lego_1_n87_s42_combined_colmapcams_bothpcd_amglobal_default_c0.0_p43500_confidence_farthestpose_sharedcam,lego_1_n87_s42_combined_colmapcams_bothpcd_amglobal_default_c0.0_p43500_confidence_farthestpose_sharedcam_i87_gteval_poseopt_steps15000_val_step14999.json,53569,combined | confidence | Both Pcds,40237.5
combined,100,42,0.0,50000,confidence,,,,0,10,farthestpose,100,GT Eval,,,,Pose Opt,,,,,0.0,,False,1.0,1.0,colmap,bicycle,,,15000,15000,default,MCMC,COLMAP Cams,Both Pcds,Global Alignment,,Shared Cam,,,,,,gsplat,outdoor,22.225372314453125,0.26828786730766296,0.5713846683502197,1000000,0.0023474276531487703,0.10339613258838654,,,0.48654700359638214,0.30965518816478554,67352,/home/ojab2/work/git/gsplat/results/combined_outputs/bicycle_4_n100_s42_combined_colmapcams_bothpcd_amglobal_default_c0.0_p50000_confidence_farthestpose_sharedcam_i100_gteval_poseopt_steps15000/stats/val_step14999.json,/home/ojab2/work/git/gsplat/results/combined_outputs/bicycle_4_n100_s42_combined_colmapcams_bothpcd_amglobal_default_c0.0_p50000_confidence_farthestpose_sharedcam_i100_gteval_poseopt_steps15000/stats/val_step14999.json,bicycle_4_n100_s42_combined_colmapcams_bothpcd_amglobal_default_c0.0_p50000_confidence_farthestpose_sharedcam_i100_gteval_poseopt_steps15000,0.0986,0.006893,100,1.077433,,,,/home/ojab2/work/git/vggt/combined_outputs/bicycle_4_n100_s42_combined_colmapcams_bothpcd_amglobal_default_c0.0_p50000_confidence_farthestpose_sharedcam/eval_results.json,bicycle_4_n100_s42_combined_colmapcams_bothpcd_amglobal_default_c0.0_p50000_confidence_farthestpose_sharedcam,bicycle_4_n100_s42_combined_colmapcams_bothpcd_amglobal_default_c0.0_p50000_confidence_farthestpose_sharedcam_i100_gteval_poseopt_steps15000_val_step14999.json,67352,combined | confidence | Both Pcds,46250.0
combined,100,42,0.0,50000,confidence,,,,0,10,farthestpose,100,GT Eval,,,,Pose Opt,,,,,0.0,,False,1.0,1.0,colmap,bonsai,,,15000,15000,default,MCMC,COLMAP Cams,Both Pcds,Global Alignment,,Shared Cam,,,,,,gsplat,indoor,24.83086395263672,0.17048785090446472,0.7818436622619629,1000000,0.0010616469662636518,0.09828557819128036,,,0.7182426642798385,0.21361593453356004,130892,/home/ojab2/work/git/gsplat/results/combined_outputs/bonsai_2_n100_s42_combined_colmapcams_bothpcd_amglobal_default_c0.0_p50000_confidence_farthestpose_sharedcam_i100_gteval_poseopt_steps15000/stats/val_step14999.json,/home/ojab2/work/git/gsplat/results/combined_outputs/bonsai_2_n100_s42_combined_colmapcams_bothpcd_amglobal_default_c0.0_p50000_confidence_farthestpose_sharedcam_i100_gteval_poseopt_steps15000/stats/val_step14999.json,bonsai_2_n100_s42_combined_colmapcams_bothpcd_amglobal_default_c0.0_p50000_confidence_farthestpose_sharedcam_i100_gteval_poseopt_steps15000,0.1581,0.013152,100,1.113392,,,,/home/ojab2/work/git/vggt/combined_outputs/bonsai_2_n100_s42_combined_colmapcams_bothpcd_amglobal_default_c0.0_p50000_confidence_farthestpose_sharedcam/eval_results.json,bonsai_2_n100_s42_combined_colmapcams_bothpcd_amglobal_default_c0.0_p50000_confidence_farthestpose_sharedcam,bonsai_2_n100_s42_combined_colmapcams_bothpcd_amglobal_default_c0.0_p50000_confidence_farthestpose_sharedcam_i100_gteval_poseopt_steps15000_val_step14999.json,130892,combined | confidence | Both Pcds,46250.0
combined,87,42,0.0,87000,confidence,,,,0,10,farthestpose,87,GT Eval,,,,Pose Opt,,,,,0.0,,False,1.0,1.0,colmap,lego,,,15000,15000,default,MCMC,COLMAP Cams,Both Pcds,Global Alignment,,Shared Cam,,,,,,gsplat,synthetic,25.149423599243164,0.05014980956912041,0.9035831093788147,1000000,0.11250514537096024,10.389172554016113,0.017813609912991524,0.01874624565243721,0.869617317692462,0.12123860980323475,97069,/home/ojab2/work/git/gsplat/results/combined_outputs/lego_1_n87_s42_combined_colmapcams_bothpcd_amglobal_default_c0.0_p87000_confidence_farthestpose_sharedcam_i87_gteval_poseopt_steps15000/stats/val_step14999.json,/home/ojab2/work/git/gsplat/results/combined_outputs/lego_1_n87_s42_combined_colmapcams_bothpcd_amglobal_default_c0.0_p87000_confidence_farthestpose_sharedcam_i87_gteval_poseopt_steps15000/stats/val_step14999.json,lego_1_n87_s42_combined_colmapcams_bothpcd_amglobal_default_c0.0_p87000_confidence_farthestpose_sharedcam_i87_gteval_poseopt_steps15000,10.4269,0.396164,87,0.88238,0.0454,0.0128,0.1163,/home/ojab2/work/git/vggt/combined_outputs/lego_1_n87_s42_combined_colmapcams_bothpcd_amglobal_default_c0.0_p87000_confidence_farthestpose_sharedcam/eval_results.json,lego_1_n87_s42_combined_colmapcams_bothpcd_amglobal_default_c0.0_p87000_confidence_farthestpose_sharedcam,lego_1_n87_s42_combined_colmapcams_bothpcd_amglobal_default_c0.0_p87000_confidence_farthestpose_sharedcam_i87_gteval_poseopt_steps15000_val_step14999.json,97069,combined | confidence | Both Pcds,80475.0
combined,100,42,0.0,100000,confidence,,,,0,10,farthestpose,100,GT Eval,,,,Pose Opt,,,,,0.0,,False,1.0,1.0,colmap,bicycle,,,15000,15000,default,MCMC,COLMAP Cams,Both Pcds,Global Alignment,,Shared Cam,,,,,,gsplat,outdoor,22.227602005004883,0.25709494948387146,0.5663310885429382,1000000,0.002315578516572714,0.10074357688426971,,,0.4905421928665404,0.30720593322914314,117352,/home/ojab2/work/git/gsplat/results/combined_outputs/bicycle_4_n100_s42_combined_colmapcams_bothpcd_amglobal_default_c0.0_p100000_confidence_farthestpose_sharedcam_i100_gteval_poseopt_steps15000/stats/val_step14999.json,/home/ojab2/work/git/gsplat/results/combined_outputs/bicycle_4_n100_s42_combined_colmapcams_bothpcd_amglobal_default_c0.0_p100000_confidence_farthestpose_sharedcam_i100_gteval_poseopt_steps15000/stats/val_step14999.json,bicycle_4_n100_s42_combined_colmapcams_bothpcd_amglobal_default_c0.0_p100000_confidence_farthestpose_sharedcam_i100_gteval_poseopt_steps15000,0.0986,0.006893,100,1.077433,,,,/home/ojab2/work/git/vggt/combined_outputs/bicycle_4_n100_s42_combined_colmapcams_bothpcd_amglobal_default_c0.0_p100000_confidence_farthestpose_sharedcam/eval_results.json,bicycle_4_n100_s42_combined_colmapcams_bothpcd_amglobal_default_c0.0_p100000_confidence_farthestpose_sharedcam,bicycle_4_n100_s42_combined_colmapcams_bothpcd_amglobal_default_c0.0_p100000_confidence_farthestpose_sharedcam_i100_gteval_poseopt_steps15000_val_step14999.json,117352,combined | confidence | Both Pcds,92500.0
combined,100,42,0.0,100000,confidence,,,,0,10,farthestpose,100,GT Eval,,,,Pose Opt,,,,,0.0,,False,1.0,1.0,colmap,bonsai,,,15000,15000,default,MCMC,COLMAP Cams,Both Pcds,Global Alignment,,Shared Cam,,,,,,gsplat,indoor,25.20047378540039,0.1691034883260727,0.7971417307853699,1000000,0.0011855873744934797,0.09638803452253342,,,0.7348880745165528,0.20750700386558296,180892,/home/ojab2/work/git/gsplat/results/combined_outputs/bonsai_2_n100_s42_combined_colmapcams_bothpcd_amglobal_default_c0.0_p100000_confidence_farthestpose_sharedcam_i100_gteval_poseopt_steps15000/stats/val_step14999.json,/home/ojab2/work/git/gsplat/results/combined_outputs/bonsai_2_n100_s42_combined_colmapcams_bothpcd_amglobal_default_c0.0_p100000_confidence_farthestpose_sharedcam_i100_gteval_poseopt_steps15000/stats/val_step14999.json,bonsai_2_n100_s42_combined_colmapcams_bothpcd_amglobal_default_c0.0_p100000_confidence_farthestpose_sharedcam_i100_gteval_poseopt_steps15000,0.1581,0.013152,100,1.113392,,,,/home/ojab2/work/git/vggt/combined_outputs/bonsai_2_n100_s42_combined_colmapcams_bothpcd_amglobal_default_c0.0_p100000_confidence_farthestpose_sharedcam/eval_results.json,bonsai_2_n100_s42_combined_colmapcams_bothpcd_amglobal_default_c0.0_p100000_confidence_farthestpose_sharedcam,bonsai_2_n100_s42_combined_colmapcams_bothpcd_amglobal_default_c0.0_p100000_confidence_farthestpose_sharedcam_i100_gteval_poseopt_steps15000_val_step14999.json,180892,combined | confidence | Both Pcds,92500.0
combined,87,42,0.0,217500,confidence,,,,0,10,farthestpose,87,GT Eval,,,,Pose Opt,,,,,0.0,,False,1.0,1.0,colmap,lego,,,15000,15000,default,MCMC,COLMAP Cams,Both Pcds,Global Alignment,,Shared Cam,,,,,,gsplat,synthetic,25.08860969543457,0.05059674382209778,0.9024502038955688,1000000,0.11255612969398499,10.393765449523926,0.017428908497095108,0.0183387640863657,0.8675527311207955,0.12200826072644563,227569,/home/ojab2/work/git/gsplat/results/combined_outputs/lego_1_n87_s42_combined_colmapcams_bothpcd_amglobal_default_c0.0_p217500_confidence_farthestpose_sharedcam_i87_gteval_poseopt_steps15000/stats/val_step14999.json,/home/ojab2/work/git/gsplat/results/combined_outputs/lego_1_n87_s42_combined_colmapcams_bothpcd_amglobal_default_c0.0_p217500_confidence_farthestpose_sharedcam_i87_gteval_poseopt_steps15000/stats/val_step14999.json,lego_1_n87_s42_combined_colmapcams_bothpcd_amglobal_default_c0.0_p217500_confidence_farthestpose_sharedcam_i87_gteval_poseopt_steps15000,10.4269,0.396164,87,0.88238,0.0454,0.0128,0.1163,/home/ojab2/work/git/vggt/combined_outputs/lego_1_n87_s42_combined_colmapcams_bothpcd_amglobal_default_c0.0_p217500_confidence_farthestpose_sharedcam/eval_results.json,lego_1_n87_s42_combined_colmapcams_bothpcd_amglobal_default_c0.0_p217500_confidence_farthestpose_sharedcam,lego_1_n87_s42_combined_colmapcams_bothpcd_amglobal_default_c0.0_p217500_confidence_farthestpose_sharedcam_i87_gteval_poseopt_steps15000_val_step14999.json,227569,combined | confidence | Both Pcds,201187.5
combined,100,42,0.0,250000,confidence,,,,0,10,farthestpose,100,GT Eval,,,,Pose Opt,,,,,0.0,,False,1.0,1.0,colmap,bicycle,,,15000,15000,default,MCMC,COLMAP Cams,Both Pcds,Global Alignment,,Shared Cam,,,,,,gsplat,outdoor,22.058500289916992,0.252429336309433,0.555836021900177,1000000,0.0023070694878697395,0.09919433295726776,,,0.4841532218835817,0.30837025739276047,267352,/home/ojab2/work/git/gsplat/results/combined_outputs/bicycle_4_n100_s42_combined_colmapcams_bothpcd_amglobal_default_c0.0_p250000_confidence_farthestpose_sharedcam_i100_gteval_poseopt_steps15000/stats/val_step14999.json,/home/ojab2/work/git/gsplat/results/combined_outputs/bicycle_4_n100_s42_combined_colmapcams_bothpcd_amglobal_default_c0.0_p250000_confidence_farthestpose_sharedcam_i100_gteval_poseopt_steps15000/stats/val_step14999.json,bicycle_4_n100_s42_combined_colmapcams_bothpcd_amglobal_default_c0.0_p250000_confidence_farthestpose_sharedcam_i100_gteval_poseopt_steps15000,0.0986,0.006893,100,1.077433,,,,/home/ojab2/work/git/vggt/combined_outputs/bicycle_4_n100_s42_combined_colmapcams_bothpcd_amglobal_default_c0.0_p250000_confidence_farthestpose_sharedcam/eval_results.json,bicycle_4_n100_s42_combined_colmapcams_bothpcd_amglobal_default_c0.0_p250000_confidence_farthestpose_sharedcam,bicycle_4_n100_s42_combined_colmapcams_bothpcd_amglobal_default_c0.0_p250000_confidence_farthestpose_sharedcam_i100_gteval_poseopt_steps15000_val_step14999.json,267352,combined | confidence | Both Pcds,231250.0
combined,100,42,0.0,250000,confidence,,,,0,10,farthestpose,100,GT Eval,,,,Pose Opt,,,,,0.0,,False,1.0,1.0,colmap,bonsai,,,15000,15000,default,MCMC,COLMAP Cams,Both Pcds,Global Alignment,,Shared Cam,,,,,,gsplat,indoor,25.684492111206055,0.16772276163101196,0.8165251612663269,1000000,0.0013146160636097193,0.09041032940149307,,,0.7560390167378852,0.19958785157767728,330892,/home/ojab2/work/git/gsplat/results/combined_outputs/bonsai_2_n100_s42_combined_colmapcams_bothpcd_amglobal_default_c0.0_p250000_confidence_farthestpose_sharedcam_i100_gteval_poseopt_steps15000/stats/val_step14999.json,/home/ojab2/work/git/gsplat/results/combined_outputs/bonsai_2_n100_s42_combined_colmapcams_bothpcd_amglobal_default_c0.0_p250000_confidence_farthestpose_sharedcam_i100_gteval_poseopt_steps15000/stats/val_step14999.json,bonsai_2_n100_s42_combined_colmapcams_bothpcd_amglobal_default_c0.0_p250000_confidence_farthestpose_sharedcam_i100_gteval_poseopt_steps15000,0.1581,0.013152,100,1.113392,,,,/home/ojab2/work/git/vggt/combined_outputs/bonsai_2_n100_s42_combined_colmapcams_bothpcd_amglobal_default_c0.0_p250000_confidence_farthestpose_sharedcam/eval_results.json,bonsai_2_n100_s42_combined_colmapcams_bothpcd_amglobal_default_c0.0_p250000_confidence_farthestpose_sharedcam,bonsai_2_n100_s42_combined_colmapcams_bothpcd_amglobal_default_c0.0_p250000_confidence_farthestpose_sharedcam_i100_gteval_poseopt_steps15000_val_step14999.json,330892,combined | confidence | Both Pcds,231250.0
combined,87,42,0.0,870,confidence,,,,0,10,farthestpose,87,GT Eval,,,,Pose Opt,,,,,0.0,,False,1.0,1.0,colmap,lego,,,15000,15000,default,MCMC,COLMAP Cams,VGGT Pcd,Global Alignment,,Shared Cam,,,,,,gsplat,synthetic,25.13479995727539,0.06754050403833389,0.9003742933273315,968555,0.11232105642557144,10.388858795166016,0.01999843493103981,0.020973075181245804,0.856735012307037,0.1287471791368377,870,/home/ojab2/work/git/gsplat/results/combined_outputs/lego_1_n87_s42_combined_colmapcams_vggtpcd_amglobal_default_c0.0_p870_confidence_farthestpose_sharedcam_i87_gteval_poseopt_steps15000/stats/val_step14999.json,/home/ojab2/work/git/gsplat/results/combined_outputs/lego_1_n87_s42_combined_colmapcams_vggtpcd_amglobal_default_c0.0_p870_confidence_farthestpose_sharedcam_i87_gteval_poseopt_steps15000/stats/val_step14999.json,lego_1_n87_s42_combined_colmapcams_vggtpcd_amglobal_default_c0.0_p870_confidence_farthestpose_sharedcam_i87_gteval_poseopt_steps15000,10.4269,0.396164,87,0.88238,0.0454,0.0128,0.1163,/home/ojab2/work/git/vggt/combined_outputs/lego_1_n87_s42_combined_colmapcams_vggtpcd_amglobal_default_c0.0_p870_confidence_farthestpose_sharedcam/eval_results.json,lego_1_n87_s42_combined_colmapcams_vggtpcd_amglobal_default_c0.0_p870_confidence_farthestpose_sharedcam,lego_1_n87_s42_combined_colmapcams_vggtpcd_amglobal_default_c0.0_p870_confidence_farthestpose_sharedcam_i87_gteval_poseopt_steps15000_val_step14999.json,870,combined | confidence | VGGT Pcd,848.25
combined,100,42,0.0,1000,confidence,,,,0,10,farthestpose,100,GT Eval,,,,Pose Opt,,,,,0.0,,False,1.0,1.0,colmap,bicycle,,,15000,15000,default,MCMC,COLMAP Cams,VGGT Pcd,Global Alignment,,Shared Cam,,,,,,gsplat,outdoor,18.31920623779297,0.6099112033843994,0.3212246596813202,1000000,0.0053417859598994255,0.40531840920448303,,,0.057039589522487555,0.48283841703164604,1000,/home/ojab2/work/git/gsplat/results/combined_outputs/bicycle_4_n100_s42_combined_colmapcams_vggtpcd_amglobal_default_c0.0_p1000_confidence_farthestpose_sharedcam_i100_gteval_poseopt_steps15000/stats/val_step14999.json,/home/ojab2/work/git/gsplat/results/combined_outputs/bicycle_4_n100_s42_combined_colmapcams_vggtpcd_amglobal_default_c0.0_p1000_confidence_farthestpose_sharedcam_i100_gteval_poseopt_steps15000/stats/val_step14999.json,bicycle_4_n100_s42_combined_colmapcams_vggtpcd_amglobal_default_c0.0_p1000_confidence_farthestpose_sharedcam_i100_gteval_poseopt_steps15000,0.0986,0.006893,100,1.077433,,,,/home/ojab2/work/git/vggt/combined_outputs/bicycle_4_n100_s42_combined_colmapcams_vggtpcd_amglobal_default_c0.0_p1000_confidence_farthestpose_sharedcam/eval_results.json,bicycle_4_n100_s42_combined_colmapcams_vggtpcd_amglobal_default_c0.0_p1000_confidence_farthestpose_sharedcam,bicycle_4_n100_s42_combined_colmapcams_vggtpcd_amglobal_default_c0.0_p1000_confidence_farthestpose_sharedcam_i100_gteval_poseopt_steps15000_val_step14999.json,1000,combined | confidence | VGGT Pcd,975.0
combined,100,42,0.0,1000,confidence,,,,0,10,farthestpose,100,GT Eval,,,,Pose Opt,,,,,0.0,,False,1.0,1.0,colmap,bonsai,,,15000,15000,default,MCMC,COLMAP Cams,VGGT Pcd,Global Alignment,,Shared Cam,,,,,,gsplat,indoor,20.830528259277344,0.39593827724456787,0.660419762134552,1000000,0.005699922330677509,0.3745889663696289,,,0.43398731509302246,0.32897759576647656,1000,/home/ojab2/work/git/gsplat/results/combined_outputs/bonsai_2_n100_s42_combined_colmapcams_vggtpcd_amglobal_default_c0.0_p1000_confidence_farthestpose_sharedcam_i100_gteval_poseopt_steps15000/stats/val_step14999.json,/home/ojab2/work/git/gsplat/results/combined_outputs/bonsai_2_n100_s42_combined_colmapcams_vggtpcd_amglobal_default_c0.0_p1000_confidence_farthestpose_sharedcam_i100_gteval_poseopt_steps15000/stats/val_step14999.json,bonsai_2_n100_s42_combined_colmapcams_vggtpcd_amglobal_default_c0.0_p1000_confidence_farthestpose_sharedcam_i100_gteval_poseopt_steps15000,0.1581,0.013152,100,1.113392,,,,/home/ojab2/work/git/vggt/combined_outputs/bonsai_2_n100_s42_combined_colmapcams_vggtpcd_amglobal_default_c0.0_p1000_confidence_farthestpose_sharedcam/eval_results.json,bonsai_2_n100_s42_combined_colmapcams_vggtpcd_amglobal_default_c0.0_p1000_confidence_farthestpose_sharedcam,bonsai_2_n100_s42_combined_colmapcams_vggtpcd_amglobal_default_c0.0_p1000_confidence_farthestpose_sharedcam_i100_gteval_poseopt_steps15000_val_step14999.json,1000,combined | confidence | VGGT Pcd,975.0
combined,87,42,0.0,4350,confidence,,,,0,10,farthestpose,87,GT Eval,,,,Pose Opt,,,,,0.0,,False,1.0,1.0,colmap,lego,,,15000,15000,default,MCMC,COLMAP Cams,VGGT Pcd,Global Alignment,,Shared Cam,,,,,,gsplat,synthetic,25.280179977416992,0.054649658501148224,0.9049035906791687,1000000,0.11247600615024567,10.391592979431152,0.01899038441479206,0.019964920356869698,0.8700332588639021,0.1219971413621352,4350,/home/ojab2/work/git/gsplat/results/combined_outputs/lego_1_n87_s42_combined_colmapcams_vggtpcd_amglobal_default_c0.0_p4350_confidence_farthestpose_sharedcam_i87_gteval_poseopt_steps15000/stats/val_step14999.json,/home/ojab2/work/git/gsplat/results/combined_outputs/lego_1_n87_s42_combined_colmapcams_vggtpcd_amglobal_default_c0.0_p4350_confidence_farthestpose_sharedcam_i87_gteval_poseopt_steps15000/stats/val_step14999.json,lego_1_n87_s42_combined_colmapcams_vggtpcd_amglobal_default_c0.0_p4350_confidence_farthestpose_sharedcam_i87_gteval_poseopt_steps15000,10.4269,0.396164,87,0.88238,0.0454,0.0128,0.1163,/home/ojab2/work/git/vggt/combined_outputs/lego_1_n87_s42_combined_colmapcams_vggtpcd_amglobal_default_c0.0_p4350_confidence_farthestpose_sharedcam/eval_results.json,lego_1_n87_s42_combined_colmapcams_vggtpcd_amglobal_default_c0.0_p4350_confidence_farthestpose_sharedcam,lego_1_n87_s42_combined_colmapcams_vggtpcd_amglobal_default_c0.0_p4350_confidence_farthestpose_sharedcam_i87_gteval_poseopt_steps15000_val_step14999.json,4350,combined | confidence | VGGT Pcd,4241.25
combined,100,42,0.0,5000,confidence,,,,0,10,farthestpose,100,GT Eval,,,,Pose Opt,,,,,0.0,,False,1.0,1.0,colmap,bicycle,,,15000,15000,default,MCMC,COLMAP Cams,VGGT Pcd,Global Alignment,,Shared Cam,,,,,,gsplat,outdoor,20.654054641723633,0.42889636754989624,0.4594758450984955,1000000,0.0033494560047984123,0.17798666656017303,,,0.2928637223556647,0.3909005830065493,5000,/home/ojab2/work/git/gsplat/results/combined_outputs/bicycle_4_n100_s42_combined_colmapcams_vggtpcd_amglobal_default_c0.0_p5000_confidence_farthestpose_sharedcam_i100_gteval_poseopt_steps15000/stats/val_step14999.json,/home/ojab2/work/git/gsplat/results/combined_outputs/bicycle_4_n100_s42_combined_colmapcams_vggtpcd_amglobal_default_c0.0_p5000_confidence_farthestpose_sharedcam_i100_gteval_poseopt_steps15000/stats/val_step14999.json,bicycle_4_n100_s42_combined_colmapcams_vggtpcd_amglobal_default_c0.0_p5000_confidence_farthestpose_sharedcam_i100_gteval_poseopt_steps15000,0.0986,0.006893,100,1.077433,,,,/home/ojab2/work/git/vggt/combined_outputs/bicycle_4_n100_s42_combined_colmapcams_vggtpcd_amglobal_default_c0.0_p5000_confidence_farthestpose_sharedcam/eval_results.json,bicycle_4_n100_s42_combined_colmapcams_vggtpcd_amglobal_default_c0.0_p5000_confidence_farthestpose_sharedcam,bicycle_4_n100_s42_combined_colmapcams_vggtpcd_amglobal_default_c0.0_p5000_confidence_farthestpose_sharedcam_i100_gteval_poseopt_steps15000_val_step14999.json,5000,combined | confidence | VGGT Pcd,4875.0
combined,100,42,0.0,5000,confidence,,,,0,10,farthestpose,100,GT Eval,,,,Pose Opt,,,,,0.0,,False,1.0,1.0,colmap,bonsai,,,15000,15000,default,MCMC,COLMAP Cams,VGGT Pcd,Global Alignment,,Shared Cam,,,,,,gsplat,indoor,21.722240447998047,0.2881317138671875,0.6720337867736816,1000000,0.00418486725538969,0.2649555504322052,,,0.5238395923914422,0.28918045139899373,5000,/home/ojab2/work/git/gsplat/results/combined_outputs/bonsai_2_n100_s42_combined_colmapcams_vggtpcd_amglobal_default_c0.0_p5000_confidence_farthestpose_sharedcam_i100_gteval_poseopt_steps15000/stats/val_step14999.json,/home/ojab2/work/git/gsplat/results/combined_outputs/bonsai_2_n100_s42_combined_colmapcams_vggtpcd_amglobal_default_c0.0_p5000_confidence_farthestpose_sharedcam_i100_gteval_poseopt_steps15000/stats/val_step14999.json,bonsai_2_n100_s42_combined_colmapcams_vggtpcd_amglobal_default_c0.0_p5000_confidence_farthestpose_sharedcam_i100_gteval_poseopt_steps15000,0.1581,0.013152,100,1.113392,,,,/home/ojab2/work/git/vggt/combined_outputs/bonsai_2_n100_s42_combined_colmapcams_vggtpcd_amglobal_default_c0.0_p5000_confidence_farthestpose_sharedcam/eval_results.json,bonsai_2_n100_s42_combined_colmapcams_vggtpcd_amglobal_default_c0.0_p5000_confidence_farthestpose_sharedcam,bonsai_2_n100_s42_combined_colmapcams_vggtpcd_amglobal_default_c0.0_p5000_confidence_farthestpose_sharedcam_i100_gteval_poseopt_steps15000_val_step14999.json,5000,combined | confidence | VGGT Pcd,4875.0
combined,87,42,0.0,8700,confidence,,,,0,10,farthestpose,87,GT Eval,,,,Pose Opt,,,,,0.0,,False,1.0,1.0,colmap,lego,,,15000,15000,default,MCMC,COLMAP Cams,VGGT Pcd,Global Alignment,,Shared Cam,,,,,,gsplat,synthetic,25.2939453125,0.05215822905302048,0.9059059023857117,1000000,0.1123952567577362,10.385763168334961,0.018711375072598457,0.019687874242663383,0.8724122390857836,0.12062038926553889,8700,/home/ojab2/work/git/gsplat/results/combined_outputs/lego_1_n87_s42_combined_colmapcams_vggtpcd_amglobal_default_c0.0_p8700_confidence_farthestpose_sharedcam_i87_gteval_poseopt_steps15000/stats/val_step14999.json,/home/ojab2/work/git/gsplat/results/combined_outputs/lego_1_n87_s42_combined_colmapcams_vggtpcd_amglobal_default_c0.0_p8700_confidence_farthestpose_sharedcam_i87_gteval_poseopt_steps15000/stats/val_step14999.json,lego_1_n87_s42_combined_colmapcams_vggtpcd_amglobal_default_c0.0_p8700_confidence_farthestpose_sharedcam_i87_gteval_poseopt_steps15000,10.4269,0.396164,87,0.88238,0.0454,0.0128,0.1163,/home/ojab2/work/git/vggt/combined_outputs/lego_1_n87_s42_combined_colmapcams_vggtpcd_amglobal_default_c0.0_p8700_confidence_farthestpose_sharedcam/eval_results.json,lego_1_n87_s42_combined_colmapcams_vggtpcd_amglobal_default_c0.0_p8700_confidence_farthestpose_sharedcam,lego_1_n87_s42_combined_colmapcams_vggtpcd_amglobal_default_c0.0_p8700_confidence_farthestpose_sharedcam_i87_gteval_poseopt_steps15000_val_step14999.json,8700,combined | confidence | VGGT Pcd,8482.5
combined,100,42,0.0,10000,confidence,,,,0,10,farthestpose,100,GT Eval,,,,Pose Opt,,,,,0.0,,False,1.0,1.0,colmap,bicycle,,,15000,15000,default,MCMC,COLMAP Cams,VGGT Pcd,Global Alignment,,Shared Cam,,,,,,gsplat,outdoor,21.195453643798828,0.38418784737586975,0.5085678696632385,1000000,0.0033599701710045338,0.15329551696777344,,,0.3591962680559487,0.3642679240797404,10000,/home/ojab2/work/git/gsplat/results/combined_outputs/bicycle_4_n100_s42_combined_colmapcams_vggtpcd_amglobal_default_c0.0_p10000_confidence_farthestpose_sharedcam_i100_gteval_poseopt_steps15000/stats/val_step14999.json,/home/ojab2/work/git/gsplat/results/combined_outputs/bicycle_4_n100_s42_combined_colmapcams_vggtpcd_amglobal_default_c0.0_p10000_confidence_farthestpose_sharedcam_i100_gteval_poseopt_steps15000/stats/val_step14999.json,bicycle_4_n100_s42_combined_colmapcams_vggtpcd_amglobal_default_c0.0_p10000_confidence_farthestpose_sharedcam_i100_gteval_poseopt_steps15000,0.0986,0.006893,100,1.077433,,,,/home/ojab2/work/git/vggt/combined_outputs/bicycle_4_n100_s42_combined_colmapcams_vggtpcd_amglobal_default_c0.0_p10000_confidence_farthestpose_sharedcam/eval_results.json,bicycle_4_n100_s42_combined_colmapcams_vggtpcd_amglobal_default_c0.0_p10000_confidence_farthestpose_sharedcam,bicycle_4_n100_s42_combined_colmapcams_vggtpcd_amglobal_default_c0.0_p10000_confidence_farthestpose_sharedcam_i100_gteval_poseopt_steps15000_val_step14999.json,10000,combined | confidence | VGGT Pcd,9750.0
combined,100,42,0.0,10000,confidence,,,,0,10,farthestpose,100,GT Eval,,,,Pose Opt,,,,,0.0,,False,1.0,1.0,colmap,bonsai,,,15000,15000,default,MCMC,COLMAP Cams,VGGT Pcd,Global Alignment,,Shared Cam,,,,,,gsplat,indoor,22.033466339111328,0.26412051916122437,0.679466724395752,1000000,0.0032109140884131193,0.20590569078922272,,,0.5487715070940133,0.2788460802303019,10000,/home/ojab2/work/git/gsplat/results/combined_outputs/bonsai_2_n100_s42_combined_colmapcams_vggtpcd_amglobal_default_c0.0_p10000_confidence_farthestpose_sharedcam_i100_gteval_poseopt_steps15000/stats/val_step14999.json,/home/ojab2/work/git/gsplat/results/combined_outputs/bonsai_2_n100_s42_combined_colmapcams_vggtpcd_amglobal_default_c0.0_p10000_confidence_farthestpose_sharedcam_i100_gteval_poseopt_steps15000/stats/val_step14999.json,bonsai_2_n100_s42_combined_colmapcams_vggtpcd_amglobal_default_c0.0_p10000_confidence_farthestpose_sharedcam_i100_gteval_poseopt_steps15000,0.1581,0.013152,100,1.113392,,,,/home/ojab2/work/git/vggt/combined_outputs/bonsai_2_n100_s42_combined_colmapcams_vggtpcd_amglobal_default_c0.0_p10000_confidence_farthestpose_sharedcam/eval_results.json,bonsai_2_n100_s42_combined_colmapcams_vggtpcd_amglobal_default_c0.0_p10000_confidence_farthestpose_sharedcam,bonsai_2_n100_s42_combined_colmapcams_vggtpcd_amglobal_default_c0.0_p10000_confidence_farthestpose_sharedcam_i100_gteval_poseopt_steps15000_val_step14999.json,10000,combined | confidence | VGGT Pcd,9750.0
combined,87,42,0.0,43500,confidence,,,,0,10,farthestpose,87,GT Eval,,,,Pose Opt,,,,,0.0,,False,1.0,1.0,colmap,lego,,,15000,15000,default,MCMC,COLMAP Cams,VGGT Pcd,Global Alignment,,Shared Cam,,,,,,gsplat,synthetic,25.315303802490234,0.05048687011003494,0.9059162735939026,1000000,0.11245611310005188,10.391264915466309,0.017806382849812508,0.01873062551021576,0.8738455347634508,0.12005280157773146,43500,/home/ojab2/work/git/gsplat/results/combined_outputs/lego_1_n87_s42_combined_colmapcams_vggtpcd_amglobal_default_c0.0_p43500_confidence_farthestpose_sharedcam_i87_gteval_poseopt_steps15000/stats/val_step14999.json,/home/ojab2/work/git/gsplat/results/combined_outputs/lego_1_n87_s42_combined_colmapcams_vggtpcd_amglobal_default_c0.0_p43500_confidence_farthestpose_sharedcam_i87_gteval_poseopt_steps15000/stats/val_step14999.json,lego_1_n87_s42_combined_colmapcams_vggtpcd_amglobal_default_c0.0_p43500_confidence_farthestpose_sharedcam_i87_gteval_poseopt_steps15000,10.4269,0.396164,87,0.88238,0.0454,0.0128,0.1163,/home/ojab2/work/git/vggt/combined_outputs/lego_1_n87_s42_combined_colmapcams_vggtpcd_amglobal_default_c0.0_p43500_confidence_farthestpose_sharedcam/eval_results.json,lego_1_n87_s42_combined_colmapcams_vggtpcd_amglobal_default_c0.0_p43500_confidence_farthestpose_sharedcam,lego_1_n87_s42_combined_colmapcams_vggtpcd_amglobal_default_c0.0_p43500_confidence_farthestpose_sharedcam_i87_gteval_poseopt_steps15000_val_step14999.json,43500,combined | confidence | VGGT Pcd,42412.5
combined,100,42,0.0,50000,confidence,,,,0,10,farthestpose,100,GT Eval,,,,Pose Opt,,,,,0.0,,False,1.0,1.0,colmap,bicycle,,,15000,15000,default,MCMC,COLMAP Cams,VGGT Pcd,Global Alignment,,Shared Cam,,,,,,gsplat,outdoor,21.661645889282227,0.3192509114742279,0.5421454906463623,1000000,0.002860829932615161,0.11410322785377502,,,0.42755002178411505,0.3342403953365654,50000,/home/ojab2/work/git/gsplat/results/combined_outputs/bicycle_4_n100_s42_combined_colmapcams_vggtpcd_amglobal_default_c0.0_p50000_confidence_farthestpose_sharedcam_i100_gteval_poseopt_steps15000/stats/val_step14999.json,/home/ojab2/work/git/gsplat/results/combined_outputs/bicycle_4_n100_s42_combined_colmapcams_vggtpcd_amglobal_default_c0.0_p50000_confidence_farthestpose_sharedcam_i100_gteval_poseopt_steps15000/stats/val_step14999.json,bicycle_4_n100_s42_combined_colmapcams_vggtpcd_amglobal_default_c0.0_p50000_confidence_farthestpose_sharedcam_i100_gteval_poseopt_steps15000,0.0986,0.006893,100,1.077433,,,,/home/ojab2/work/git/vggt/combined_outputs/bicycle_4_n100_s42_combined_colmapcams_vggtpcd_amglobal_default_c0.0_p50000_confidence_farthestpose_sharedcam/eval_results.json,bicycle_4_n100_s42_combined_colmapcams_vggtpcd_amglobal_default_c0.0_p50000_confidence_farthestpose_sharedcam,bicycle_4_n100_s42_combined_colmapcams_vggtpcd_amglobal_default_c0.0_p50000_confidence_farthestpose_sharedcam_i100_gteval_poseopt_steps15000_val_step14999.json,50000,combined | confidence | VGGT Pcd,48750.0
combined,100,42,0.0,50000,confidence,,,,0,10,farthestpose,100,GT Eval,,,,Pose Opt,,,,,0.0,,False,1.0,1.0,colmap,bonsai,,,15000,15000,default,MCMC,COLMAP Cams,VGGT Pcd,Global Alignment,,Shared Cam,,,,,,gsplat,indoor,22.492952346801758,0.23407310247421265,0.6904928088188171,1000000,0.00250469078309834,0.18845999240875244,,,0.5822762979014187,0.26534645119504063,50000,/home/ojab2/work/git/gsplat/results/combined_outputs/bonsai_2_n100_s42_combined_colmapcams_vggtpcd_amglobal_default_c0.0_p50000_confidence_farthestpose_sharedcam_i100_gteval_poseopt_steps15000/stats/val_step14999.json,/home/ojab2/work/git/gsplat/results/combined_outputs/bonsai_2_n100_s42_combined_colmapcams_vggtpcd_amglobal_default_c0.0_p50000_confidence_farthestpose_sharedcam_i100_gteval_poseopt_steps15000/stats/val_step14999.json,bonsai_2_n100_s42_combined_colmapcams_vggtpcd_amglobal_default_c0.0_p50000_confidence_farthestpose_sharedcam_i100_gteval_poseopt_steps15000,0.1581,0.013152,100,1.113392,,,,/home/ojab2/work/git/vggt/combined_outputs/bonsai_2_n100_s42_combined_colmapcams_vggtpcd_amglobal_default_c0.0_p50000_confidence_farthestpose_sharedcam/eval_results.json,bonsai_2_n100_s42_combined_colmapcams_vggtpcd_amglobal_default_c0.0_p50000_confidence_farthestpose_sharedcam,bonsai_2_n100_s42_combined_colmapcams_vggtpcd_amglobal_default_c0.0_p50000_confidence_farthestpose_sharedcam_i100_gteval_poseopt_steps15000_val_step14999.json,50000,combined | confidence | VGGT Pcd,48750.0
combined,87,42,0.0,87000,confidence,,,,0,10,farthestpose,87,GT Eval,,,,Pose Opt,,,,,0.0,,False,1.0,1.0,colmap,lego,,,15000,15000,default,MCMC,COLMAP Cams,VGGT Pcd,Global Alignment,,Shared Cam,,,,,,gsplat,synthetic,25.25286293029785,0.05039108917117119,0.904667317867279,1000000,0.11248759925365448,10.394617080688477,0.01768171228468418,0.01859995722770691,0.8720179628859175,0.12071147153658457,87000,/home/ojab2/work/git/gsplat/results/combined_outputs/lego_1_n87_s42_combined_colmapcams_vggtpcd_amglobal_default_c0.0_p87000_confidence_farthestpose_sharedcam_i87_gteval_poseopt_steps15000/stats/val_step14999.json,/home/ojab2/work/git/gsplat/results/combined_outputs/lego_1_n87_s42_combined_colmapcams_vggtpcd_amglobal_default_c0.0_p87000_confidence_farthestpose_sharedcam_i87_gteval_poseopt_steps15000/stats/val_step14999.json,lego_1_n87_s42_combined_colmapcams_vggtpcd_amglobal_default_c0.0_p87000_confidence_farthestpose_sharedcam_i87_gteval_poseopt_steps15000,10.4269,0.396164,87,0.88238,0.0454,0.0128,0.1163,/home/ojab2/work/git/vggt/combined_outputs/lego_1_n87_s42_combined_colmapcams_vggtpcd_amglobal_default_c0.0_p87000_confidence_farthestpose_sharedcam/eval_results.json,lego_1_n87_s42_combined_colmapcams_vggtpcd_amglobal_default_c0.0_p87000_confidence_farthestpose_sharedcam,lego_1_n87_s42_combined_colmapcams_vggtpcd_amglobal_default_c0.0_p87000_confidence_farthestpose_sharedcam_i87_gteval_poseopt_steps15000_val_step14999.json,87000,combined | confidence | VGGT Pcd,84825.0
combined,100,42,0.0,100000,confidence,,,,0,10,farthestpose,100,GT Eval,,,,Pose Opt,,,,,0.0,,False,1.0,1.0,colmap,bicycle,,,15000,15000,default,MCMC,COLMAP Cams,VGGT Pcd,Global Alignment,,Shared Cam,,,,,,gsplat,outdoor,21.79796028137207,0.3021373748779297,0.5407339930534363,1000000,0.0028176670894026756,0.1078501045703888,,,0.43981283666872223,0.3288130295154098,100000,/home/ojab2/work/git/gsplat/results/combined_outputs/bicycle_4_n100_s42_combined_colmapcams_vggtpcd_amglobal_default_c0.0_p100000_confidence_farthestpose_sharedcam_i100_gteval_poseopt_steps15000/stats/val_step14999.json,/home/ojab2/work/git/gsplat/results/combined_outputs/bicycle_4_n100_s42_combined_colmapcams_vggtpcd_amglobal_default_c0.0_p100000_confidence_farthestpose_sharedcam_i100_gteval_poseopt_steps15000/stats/val_step14999.json,bicycle_4_n100_s42_combined_colmapcams_vggtpcd_amglobal_default_c0.0_p100000_confidence_farthestpose_sharedcam_i100_gteval_poseopt_steps15000,0.0986,0.006893,100,1.077433,,,,/home/ojab2/work/git/vggt/combined_outputs/bicycle_4_n100_s42_combined_colmapcams_vggtpcd_amglobal_default_c0.0_p100000_confidence_farthestpose_sharedcam/eval_results.json,bicycle_4_n100_s42_combined_colmapcams_vggtpcd_amglobal_default_c0.0_p100000_confidence_farthestpose_sharedcam,bicycle_4_n100_s42_combined_colmapcams_vggtpcd_amglobal_default_c0.0_p100000_confidence_farthestpose_sharedcam_i100_gteval_poseopt_steps15000_val_step14999.json,100000,combined | confidence | VGGT Pcd,97500.0
combined,100,42,0.0,100000,confidence,,,,0,10,farthestpose,100,GT Eval,,,,Pose Opt,,,,,0.0,,False,1.0,1.0,colmap,bonsai,,,15000,15000,default,MCMC,COLMAP Cams,VGGT Pcd,Global Alignment,,Shared Cam,,,,,,gsplat,indoor,22.52419662475586,0.22877410054206848,0.6952694058418274,1000000,0.002376160817220807,0.17634589970111847,,,0.5889192160807157,0.2621301195232437,100000,/home/ojab2/work/git/gsplat/results/combined_outputs/bonsai_2_n100_s42_combined_colmapcams_vggtpcd_amglobal_default_c0.0_p100000_confidence_farthestpose_sharedcam_i100_gteval_poseopt_steps15000/stats/val_step14999.json,/home/ojab2/work/git/gsplat/results/combined_outputs/bonsai_2_n100_s42_combined_colmapcams_vggtpcd_amglobal_default_c0.0_p100000_confidence_farthestpose_sharedcam_i100_gteval_poseopt_steps15000/stats/val_step14999.json,bonsai_2_n100_s42_combined_colmapcams_vggtpcd_amglobal_default_c0.0_p100000_confidence_farthestpose_sharedcam_i100_gteval_poseopt_steps15000,0.1581,0.013152,100,1.113392,,,,/home/ojab2/work/git/vggt/combined_outputs/bonsai_2_n100_s42_combined_colmapcams_vggtpcd_amglobal_default_c0.0_p100000_confidence_farthestpose_sharedcam/eval_results.json,bonsai_2_n100_s42_combined_colmapcams_vggtpcd_amglobal_default_c0.0_p100000_confidence_farthestpose_sharedcam,bonsai_2_n100_s42_combined_colmapcams_vggtpcd_amglobal_default_c0.0_p100000_confidence_farthestpose_sharedcam_i100_gteval_poseopt_steps15000_val_step14999.json,100000,combined | confidence | VGGT Pcd,97500.0
combined,87,42,0.0,217500,confidence,,,,0,10,farthestpose,87,GT Eval,,,,Pose Opt,,,,,0.0,,False,1.0,1.0,colmap,lego,,,15000,15000,default,MCMC,COLMAP Cams,VGGT Pcd,Global Alignment,,Shared Cam,,,,,,gsplat,synthetic,25.0513858795166,0.050312627106904984,0.9009649157524109,1000000,0.1125432625412941,10.390982627868652,0.017572203651070595,0.018481401726603508,0.866170192327377,0.12271203703665041,217500,/home/ojab2/work/git/gsplat/results/combined_outputs/lego_1_n87_s42_combined_colmapcams_vggtpcd_amglobal_default_c0.0_p217500_confidence_farthestpose_sharedcam_i87_gteval_poseopt_steps15000/stats/val_step14999.json,/home/ojab2/work/git/gsplat/results/combined_outputs/lego_1_n87_s42_combined_colmapcams_vggtpcd_amglobal_default_c0.0_p217500_confidence_farthestpose_sharedcam_i87_gteval_poseopt_steps15000/stats/val_step14999.json,lego_1_n87_s42_combined_colmapcams_vggtpcd_amglobal_default_c0.0_p217500_confidence_farthestpose_sharedcam_i87_gteval_poseopt_steps15000,10.4269,0.396164,87,0.88238,0.0454,0.0128,0.1163,/home/ojab2/work/git/vggt/combined_outputs/lego_1_n87_s42_combined_colmapcams_vggtpcd_amglobal_default_c0.0_p217500_confidence_farthestpose_sharedcam/eval_results.json,lego_1_n87_s42_combined_colmapcams_vggtpcd_amglobal_default_c0.0_p217500_confidence_farthestpose_sharedcam,lego_1_n87_s42_combined_colmapcams_vggtpcd_amglobal_default_c0.0_p217500_confidence_farthestpose_sharedcam_i87_gteval_poseopt_steps15000_val_step14999.json,217500,combined | confidence | VGGT Pcd,212062.5
combined,100,42,0.0,250000,confidence,,,,0,10,farthestpose,100,GT Eval,,,,Pose Opt,,,,,0.0,,False,1.0,1.0,colmap,bicycle,,,15000,15000,default,MCMC,COLMAP Cams,VGGT Pcd,Global Alignment,,Shared Cam,,,,,,gsplat,outdoor,21.464765548706055,0.29661449790000916,0.5137274861335754,1000000,0.0027313122991472483,0.10795102268457413,,,0.42125846826077434,0.333694684106988,250000,/home/ojab2/work/git/gsplat/results/combined_outputs/bicycle_4_n100_s42_combined_colmapcams_vggtpcd_amglobal_default_c0.0_p250000_confidence_farthestpose_sharedcam_i100_gteval_poseopt_steps15000/stats/val_step14999.json,/home/ojab2/work/git/gsplat/results/combined_outputs/bicycle_4_n100_s42_combined_colmapcams_vggtpcd_amglobal_default_c0.0_p250000_confidence_farthestpose_sharedcam_i100_gteval_poseopt_steps15000/stats/val_step14999.json,bicycle_4_n100_s42_combined_colmapcams_vggtpcd_amglobal_default_c0.0_p250000_confidence_farthestpose_sharedcam_i100_gteval_poseopt_steps15000,0.0986,0.006893,100,1.077433,,,,/home/ojab2/work/git/vggt/combined_outputs/bicycle_4_n100_s42_combined_colmapcams_vggtpcd_amglobal_default_c0.0_p250000_confidence_farthestpose_sharedcam/eval_results.json,bicycle_4_n100_s42_combined_colmapcams_vggtpcd_amglobal_default_c0.0_p250000_confidence_farthestpose_sharedcam,bicycle_4_n100_s42_combined_colmapcams_vggtpcd_amglobal_default_c0.0_p250000_confidence_farthestpose_sharedcam_i100_gteval_poseopt_steps15000_val_step14999.json,250000,combined | confidence | VGGT Pcd,243750.0
combined,100,42,0.0,250000,confidence,,,,0,10,farthestpose,100,GT Eval,,,,Pose Opt,,,,,0.0,,False,1.0,1.0,colmap,bonsai,,,15000,15000,default,MCMC,COLMAP Cams,VGGT Pcd,Global Alignment,,Shared Cam,,,,,,gsplat,indoor,22.52239990234375,0.22801363468170166,0.6960955858230591,1000000,0.002524083945900202,0.17835624516010284,,,0.5898385130019062,0.2616277933517926,250000,/home/ojab2/work/git/gsplat/results/combined_outputs/bonsai_2_n100_s42_combined_colmapcams_vggtpcd_amglobal_default_c0.0_p250000_confidence_farthestpose_sharedcam_i100_gteval_poseopt_steps15000/stats/val_step14999.json,/home/ojab2/work/git/gsplat/results/combined_outputs/bonsai_2_n100_s42_combined_colmapcams_vggtpcd_amglobal_default_c0.0_p250000_confidence_farthestpose_sharedcam_i100_gteval_poseopt_steps15000/stats/val_step14999.json,bonsai_2_n100_s42_combined_colmapcams_vggtpcd_amglobal_default_c0.0_p250000_confidence_farthestpose_sharedcam_i100_gteval_poseopt_steps15000,0.1581,0.013152,100,1.113392,,,,/home/ojab2/work/git/vggt/combined_outputs/bonsai_2_n100_s42_combined_colmapcams_vggtpcd_amglobal_default_c0.0_p250000_confidence_farthestpose_sharedcam/eval_results.json,bonsai_2_n100_s42_combined_colmapcams_vggtpcd_amglobal_default_c0.0_p250000_confidence_farthestpose_sharedcam,bonsai_2_n100_s42_combined_colmapcams_vggtpcd_amglobal_default_c0.0_p250000_confidence_farthestpose_sharedcam_i100_gteval_poseopt_steps15000_val_step14999.json,250000,combined | confidence | VGGT Pcd,243750.0
vggt,87,42,0.0,870,confidence,,,,0,10,farthestpose,87,GT Eval,,,,Pose Opt,,,,,0.0,,False,1.0,1.0,vggt,lego,,,15000,15000,,MCMC,,,,,,,,,,,gsplat,synthetic,20.45054054260254,0.09097225964069366,0.7767449617385864,968555,0.005951652768999338,0.24015311896800995,0.09271162003278732,0.021830756217241287,0.6832275661924894,0.1908285222284917,870,/home/ojab2/work/git/gsplat/results/vggt_outputs/lego_1_n87_s42_c0.0_p870_confidence_farthestpose_i87_gteval_poseopt_steps15000/stats/val_step14999.json,/home/ojab2/work/git/gsplat/results/vggt_outputs/lego_1_n87_s42_c0.0_p870_confidence_farthestpose_i87_gteval_poseopt_steps15000/stats/val_step14999.json,lego_1_n87_s42_c0.0_p870_confidence_farthestpose_i87_gteval_poseopt_steps15000,0.3306,0.018825,87,4.047269,0.0469,0.0133,0.1174,/home/ojab2/work/git/vggt/vggt_outputs/lego_1_n87_s42_c0.0_p870_confidence_farthestpose/eval_results.json,lego_1_n87_s42_c0.0_p870_confidence_farthestpose,lego_1_n87_s42_c0.0_p870_confidence_farthestpose_i87_gteval_poseopt_steps15000_val_step14999.json,870,vggt | confidence | ,891.7499999999999
vggt,100,42,0.0,1000,confidence,,,,0,10,farthestpose,100,GT Eval,,,,Pose Opt,,,,,0.0,,False,1.0,1.0,vggt,bicycle,,,15000,15000,,MCMC,,,,,,,,,,,gsplat,outdoor,17.5006103515625,0.6400820016860962,0.3132718503475189,1000000,0.014401926659047604,0.7210006713867188,,,0.01860569118291555,0.4955176401327884,1000,/home/ojab2/work/git/gsplat/results/vggt_outputs/bicycle_4_n100_s42_c0.0_p1000_confidence_farthestpose_i100_gteval_poseopt_steps15000/stats/val_step14999.json,/home/ojab2/work/git/gsplat/results/vggt_outputs/bicycle_4_n100_s42_c0.0_p1000_confidence_farthestpose_i100_gteval_poseopt_steps15000/stats/val_step14999.json,bicycle_4_n100_s42_c0.0_p1000_confidence_farthestpose_i100_gteval_poseopt_steps15000,0.857,0.067143,100,5.77909,,,,/home/ojab2/work/git/vggt/vggt_outputs/bicycle_4_n100_s42_c0.0_p1000_confidence_farthestpose/eval_results.json,bicycle_4_n100_s42_c0.0_p1000_confidence_farthestpose,bicycle_4_n100_s42_c0.0_p1000_confidence_farthestpose_i100_gteval_poseopt_steps15000_val_step14999.json,1000,vggt | confidence | ,1025.0
vggt,100,42,0.0,1000,confidence,,,,0,10,farthestpose,100,GT Eval,,,,Pose Opt,,,,,0.0,,False,1.0,1.0,vggt,bonsai,,,15000,15000,,MCMC,,,,,,,,,,,gsplat,indoor,17.229442596435547,0.5041226744651794,0.5875248312950134,1000000,0.01487799547612667,0.7821407914161682,,,0.2578914369213806,0.38843027902583654,1000,/home/ojab2/work/git/gsplat/results/vggt_outputs/bonsai_2_n100_s42_c0.0_p1000_confidence_farthestpose_i100_gteval_poseopt_steps15000/stats/val_step14999.json,/home/ojab2/work/git/gsplat/results/vggt_outputs/bonsai_2_n100_s42_c0.0_p1000_confidence_farthestpose_i100_gteval_poseopt_steps15000/stats/val_step14999.json,bonsai_2_n100_s42_c0.0_p1000_confidence_farthestpose_i100_gteval_poseopt_steps15000,0.7897,0.107121,100,7.792566,,,,/home/ojab2/work/git/vggt/vggt_outputs/bonsai_2_n100_s42_c0.0_p1000_confidence_farthestpose/eval_results.json,bonsai_2_n100_s42_c0.0_p1000_confidence_farthestpose,bonsai_2_n100_s42_c0.0_p1000_confidence_farthestpose_i100_gteval_poseopt_steps15000_val_step14999.json,1000,vggt | confidence | ,1025.0
vggt,87,42,0.0,4350,confidence,,,,0,10,farthestpose,87,GT Eval,,,,Pose Opt,,,,,0.0,,False,1.0,1.0,vggt,lego,,,15000,15000,,MCMC,,,,,,,,,,,gsplat,synthetic,20.38979721069336,0.08083667606115341,0.7752273082733154,1000000,0.006006170995533466,0.24105414748191833,0.09250329434871674,0.021795377135276794,0.6874717061030857,0.1880267399474849,4350,/home/ojab2/work/git/gsplat/results/vggt_outputs/lego_1_n87_s42_c0.0_p4350_confidence_farthestpose_i87_gteval_poseopt_steps15000/stats/val_step14999.json,/home/ojab2/work/git/gsplat/results/vggt_outputs/lego_1_n87_s42_c0.0_p4350_confidence_farthestpose_i87_gteval_poseopt_steps15000/stats/val_step14999.json,lego_1_n87_s42_c0.0_p4350_confidence_farthestpose_i87_gteval_poseopt_steps15000,0.3306,0.018825,87,4.047269,0.0469,0.0133,0.1174,/home/ojab2/work/git/vggt/vggt_outputs/lego_1_n87_s42_c0.0_p4350_confidence_farthestpose/eval_results.json,lego_1_n87_s42_c0.0_p4350_confidence_farthestpose,lego_1_n87_s42_c0.0_p4350_confidence_farthestpose_i87_gteval_poseopt_steps15000_val_step14999.json,4350,vggt | confidence | ,4458.75
vggt,100,42,0.0,5000,confidence,,,,0,10,farthestpose,100,GT Eval,,,,Pose Opt,,,,,0.0,,False,1.0,1.0,vggt,bicycle,,,15000,15000,,MCMC,,,,,,,,,,,gsplat,outdoor,17.931608200073242,0.4821092486381531,0.31249263882637024,1000000,0.012691893614828587,0.5853559970855713,,,0.12364549866119248,0.4424567927922577,5000,/home/ojab2/work/git/gsplat/results/vggt_outputs/bicycle_4_n100_s42_c0.0_p5000_confidence_farthestpose_i100_gteval_poseopt_steps15000/stats/val_step14999.json,/home/ojab2/work/git/gsplat/results/vggt_outputs/bicycle_4_n100_s42_c0.0_p5000_confidence_farthestpose_i100_gteval_poseopt_steps15000/stats/val_step14999.json,bicycle_4_n100_s42_c0.0_p5000_confidence_farthestpose_i100_gteval_poseopt_steps15000,0.857,0.067143,100,5.77909,,,,/home/ojab2/work/git/vggt/vggt_outputs/bicycle_4_n100_s42_c0.0_p5000_confidence_farthestpose/eval_results.json,bicycle_4_n100_s42_c0.0_p5000_confidence_farthestpose,bicycle_4_n100_s42_c0.0_p5000_confidence_farthestpose_i100_gteval_poseopt_steps15000_val_step14999.json,5000,vggt | confidence | ,5125.0
vggt,100,42,0.0,5000,confidence,,,,0,10,farthestpose,100,GT Eval,,,,Pose Opt,,,,,0.0,,False,1.0,1.0,vggt,bonsai,,,15000,15000,,MCMC,,,,,,,,,,,gsplat,indoor,17.582796096801758,0.4163553714752197,0.5781157612800598,1000000,0.016184480860829353,0.7283675670623779,,,0.31310998766045817,0.3611095071167932,5000,/home/ojab2/work/git/gsplat/results/vggt_outputs/bonsai_2_n100_s42_c0.0_p5000_confidence_farthestpose_i100_gteval_poseopt_steps15000/stats/val_step14999.json,/home/ojab2/work/git/gsplat/results/vggt_outputs/bonsai_2_n100_s42_c0.0_p5000_confidence_farthestpose_i100_gteval_poseopt_steps15000/stats/val_step14999.json,bonsai_2_n100_s42_c0.0_p5000_confidence_farthestpose_i100_gteval_poseopt_steps15000,0.7897,0.107121,100,7.792566,,,,/home/ojab2/work/git/vggt/vggt_outputs/bonsai_2_n100_s42_c0.0_p5000_confidence_farthestpose/eval_results.json,bonsai_2_n100_s42_c0.0_p5000_confidence_farthestpose,bonsai_2_n100_s42_c0.0_p5000_confidence_farthestpose_i100_gteval_poseopt_steps15000_val_step14999.json,5000,vggt | confidence | ,5125.0
vggt,87,42,0.0,8700,confidence,,,,0,10,farthestpose,87,GT Eval,,,,Pose Opt,,,,,0.0,,False,1.0,1.0,vggt,lego,,,15000,15000,,MCMC,,,,,,,,,,,gsplat,synthetic,20.374588012695312,0.07884988933801651,0.7745252847671509,1000000,0.006053459830582142,0.24223275482654572,0.09146711230278015,0.021552426740527153,0.6880059257837143,0.18762176601695352,8700,/home/ojab2/work/git/gsplat/results/vggt_outputs/lego_1_n87_s42_c0.0_p8700_confidence_farthestpose_i87_gteval_poseopt_steps15000/stats/val_step14999.json,/home/ojab2/work/git/gsplat/results/vggt_outputs/lego_1_n87_s42_c0.0_p8700_confidence_farthestpose_i87_gteval_poseopt_steps15000/stats/val_step14999.json,lego_1_n87_s42_c0.0_p8700_confidence_farthestpose_i87_gteval_poseopt_steps15000,0.3306,0.018825,87,4.047269,0.0469,0.0133,0.1174,/home/ojab2/work/git/vggt/vggt_outputs/lego_1_n87_s42_c0.0_p8700_confidence_farthestpose/eval_results.json,lego_1_n87_s42_c0.0_p8700_confidence_farthestpose,lego_1_n87_s42_c0.0_p8700_confidence_farthestpose_i87_gteval_poseopt_steps15000_val_step14999.json,8700,vggt | confidence | ,8917.5
vggt,100,42,0.0,10000,confidence,,,,0,10,farthestpose,100,GT Eval,,,,Pose Opt,,,,,0.0,,False,1.0,1.0,vggt,bicycle,,,15000,15000,,MCMC,,,,,,,,,,,gsplat,outdoor,18.21483039855957,0.4406379461288452,0.31021398305892944,1000000,0.01282940711826086,0.5863234996795654,,,0.15315737640648558,0.42875184497501523,10000,/home/ojab2/work/git/gsplat/results/vggt_outputs/bicycle_4_n100_s42_c0.0_p10000_confidence_farthestpose_i100_gteval_poseopt_steps15000/stats/val_step14999.json,/home/ojab2/work/git/gsplat/results/vggt_outputs/bicycle_4_n100_s42_c0.0_p10000_confidence_farthestpose_i100_gteval_poseopt_steps15000/stats/val_step14999.json,bicycle_4_n100_s42_c0.0_p10000_confidence_farthestpose_i100_gteval_poseopt_steps15000,0.857,0.067143,100,5.77909,,,,/home/ojab2/work/git/vggt/vggt_outputs/bicycle_4_n100_s42_c0.0_p10000_confidence_farthestpose/eval_results.json,bicycle_4_n100_s42_c0.0_p10000_confidence_farthestpose,bicycle_4_n100_s42_c0.0_p10000_confidence_farthestpose_i100_gteval_poseopt_steps15000_val_step14999.json,10000,vggt | confidence | ,10250.0
vggt,100,42,0.0,10000,confidence,,,,0,10,farthestpose,100,GT Eval,,,,Pose Opt,,,,,0.0,,False,1.0,1.0,vggt,bonsai,,,15000,15000,,MCMC,,,,,,,,,,,gsplat,indoor,17.556180953979492,0.4018256962299347,0.5730038285255432,1000000,0.017036158591508865,0.7402846813201904,,,0.31859661562246033,0.35760979057802783,10000,/home/ojab2/work/git/gsplat/results/vggt_outputs/bonsai_2_n100_s42_c0.0_p10000_confidence_farthestpose_i100_gteval_poseopt_steps15000/stats/val_step14999.json,/home/ojab2/work/git/gsplat/results/vggt_outputs/bonsai_2_n100_s42_c0.0_p10000_confidence_farthestpose_i100_gteval_poseopt_steps15000/stats/val_step14999.json,bonsai_2_n100_s42_c0.0_p10000_confidence_farthestpose_i100_gteval_poseopt_steps15000,0.7897,0.107121,100,7.792566,,,,/home/ojab2/work/git/vggt/vggt_outputs/bonsai_2_n100_s42_c0.0_p10000_confidence_farthestpose/eval_results.json,bonsai_2_n100_s42_c0.0_p10000_confidence_farthestpose,bonsai_2_n100_s42_c0.0_p10000_confidence_farthestpose_i100_gteval_poseopt_steps15000_val_step14999.json,10000,vggt | confidence | ,10250.0
vggt,87,42,0.0,43500,confidence,,,,0,10,farthestpose,87,GT Eval,,,,Pose Opt,,,,,0.0,,False,1.0,1.0,vggt,lego,,,15000,15000,,MCMC,,,,,,,,,,,gsplat,synthetic,20.335981369018555,0.07685863226652145,0.7732579708099365,1000000,0.006126087158918381,0.24984712898731232,0.09074584394693375,0.021353956311941147,0.6877790396964107,0.18742951429739432,43500,/home/ojab2/work/git/gsplat/results/vggt_outputs/lego_1_n87_s42_c0.0_p43500_confidence_farthestpose_i87_gteval_poseopt_steps15000/stats/val_step14999.json,/home/ojab2/work/git/gsplat/results/vggt_outputs/lego_1_n87_s42_c0.0_p43500_confidence_farthestpose_i87_gteval_poseopt_steps15000/stats/val_step14999.json,lego_1_n87_s42_c0.0_p43500_confidence_farthestpose_i87_gteval_poseopt_steps15000,0.3306,0.018825,87,4.047269,0.0469,0.0133,0.1174,/home/ojab2/work/git/vggt/vggt_outputs/lego_1_n87_s42_c0.0_p43500_confidence_farthestpose/eval_results.json,lego_1_n87_s42_c0.0_p43500_confidence_farthestpose,lego_1_n87_s42_c0.0_p43500_confidence_farthestpose_i87_gteval_poseopt_steps15000_val_step14999.json,43500,vggt | confidence | ,44587.49999999999
vggt,100,42,0.0,50000,confidence,,,,0,10,farthestpose,100,GT Eval,,,,Pose Opt,,,,,0.0,,False,1.0,1.0,vggt,bicycle,,,15000,15000,,MCMC,,,,,,,,,,,gsplat,outdoor,17.718881607055664,0.3880070745944977,0.28844526410102844,1000000,0.013092707842588425,0.5596863627433777,,,0.16373108682731596,0.41615095884292674,50000,/home/ojab2/work/git/gsplat/results/vggt_outputs/bicycle_4_n100_s42_c0.0_p50000_confidence_farthestpose_i100_gteval_poseopt_steps15000/stats/val_step14999.json,/home/ojab2/work/git/gsplat/results/vggt_outputs/bicycle_4_n100_s42_c0.0_p50000_confidence_farthestpose_i100_gteval_poseopt_steps15000/stats/val_step14999.json,bicycle_4_n100_s42_c0.0_p50000_confidence_farthestpose_i100_gteval_poseopt_steps15000,0.857,0.067143,100,5.77909,,,,/home/ojab2/work/git/vggt/vggt_outputs/bicycle_4_n100_s42_c0.0_p50000_confidence_farthestpose/eval_results.json,bicycle_4_n100_s42_c0.0_p50000_confidence_farthestpose,bicycle_4_n100_s42_c0.0_p50000_confidence_farthestpose_i100_gteval_poseopt_steps15000_val_step14999.json,50000,vggt | confidence | ,51249.99999999999
vggt,100,42,0.0,50000,confidence,,,,0,10,farthestpose,100,GT Eval,,,,Pose Opt,,,,,0.0,,False,1.0,1.0,vggt,bonsai,,,15000,15000,,MCMC,,,,,,,,,,,gsplat,indoor,17.422334671020508,0.4027103781700134,0.5615772604942322,1000000,0.021284667775034904,0.788819432258606,,,0.30888967726275546,0.36098301007135253,50000,/home/ojab2/work/git/gsplat/results/vggt_outputs/bonsai_2_n100_s42_c0.0_p50000_confidence_farthestpose_i100_gteval_poseopt_steps15000/stats/val_step14999.json,/home/ojab2/work/git/gsplat/results/vggt_outputs/bonsai_2_n100_s42_c0.0_p50000_confidence_farthestpose_i100_gteval_poseopt_steps15000/stats/val_step14999.json,bonsai_2_n100_s42_c0.0_p50000_confidence_farthestpose_i100_gteval_poseopt_steps15000,0.7897,0.107121,100,7.792566,,,,/home/ojab2/work/git/vggt/vggt_outputs/bonsai_2_n100_s42_c0.0_p50000_confidence_farthestpose/eval_results.json,bonsai_2_n100_s42_c0.0_p50000_confidence_farthestpose,bonsai_2_n100_s42_c0.0_p50000_confidence_farthestpose_i100_gteval_poseopt_steps15000_val_step14999.json,50000,vggt | confidence | ,51249.99999999999
vggt,87,42,0.0,87000,confidence,,,,0,10,farthestpose,87,GT Eval,,,,Pose Opt,,,,,0.0,,False,1.0,1.0,vggt,lego,,,15000,15000,,MCMC,,,,,,,,,,,gsplat,synthetic,20.372922897338867,0.07540085166692734,0.7739322781562805,1000000,0.006147838197648525,0.25111961364746094,0.09004391729831696,0.02119751274585724,0.6897573384218513,0.18668126458014955,87000,/home/ojab2/work/git/gsplat/results/vggt_outputs/lego_1_n87_s42_c0.0_p87000_confidence_farthestpose_i87_gteval_poseopt_steps15000/stats/val_step14999.json,/home/ojab2/work/git/gsplat/results/vggt_outputs/lego_1_n87_s42_c0.0_p87000_confidence_farthestpose_i87_gteval_poseopt_steps15000/stats/val_step14999.json,lego_1_n87_s42_c0.0_p87000_confidence_farthestpose_i87_gteval_poseopt_steps15000,0.3306,0.018825,87,4.047269,0.0469,0.0133,0.1174,/home/ojab2/work/git/vggt/vggt_outputs/lego_1_n87_s42_c0.0_p87000_confidence_farthestpose/eval_results.json,lego_1_n87_s42_c0.0_p87000_confidence_farthestpose,lego_1_n87_s42_c0.0_p87000_confidence_farthestpose_i87_gteval_poseopt_steps15000_val_step14999.json,87000,vggt | confidence | ,89174.99999999999
vggt,100,42,0.0,100000,confidence,,,,0,10,farthestpose,100,GT Eval,,,,Pose Opt,,,,,0.0,,False,1.0,1.0,vggt,bicycle,,,15000,15000,,MCMC,,,,,,,,,,,gsplat,outdoor,17.05126953125,0.3936842381954193,0.2693771719932556,1000000,0.013411002233624458,0.7272999286651611,,,0.13671254720526754,0.4227224933165218,100000,/home/ojab2/work/git/gsplat/results/vggt_outputs/bicycle_4_n100_s42_c0.0_p100000_confidence_farthestpose_i100_gteval_poseopt_steps15000/stats/val_step14999.json,/home/ojab2/work/git/gsplat/results/vggt_outputs/bicycle_4_n100_s42_c0.0_p100000_confidence_farthestpose_i100_gteval_poseopt_steps15000/stats/val_step14999.json,bicycle_4_n100_s42_c0.0_p100000_confidence_farthestpose_i100_gteval_poseopt_steps15000,0.857,0.067143,100,5.77909,,,,/home/ojab2/work/git/vggt/vggt_outputs/bicycle_4_n100_s42_c0.0_p100000_confidence_farthestpose/eval_results.json,bicycle_4_n100_s42_c0.0_p100000_confidence_farthestpose,bicycle_4_n100_s42_c0.0_p100000_confidence_farthestpose_i100_gteval_poseopt_steps15000_val_step14999.json,100000,vggt | confidence | ,102499.99999999999
vggt,100,42,0.0,100000,confidence,,,,0,10,farthestpose,100,GT Eval,,,,Pose Opt,,,,,0.0,,False,1.0,1.0,vggt,bonsai,,,15000,15000,,MCMC,,,,,,,,,,,gsplat,indoor,17.407270431518555,0.3998410701751709,0.5593662858009338,1000000,0.021956823766231537,0.7770581245422363,,,0.30908891998226573,0.3606033690902244,100000,/home/ojab2/work/git/gsplat/results/vggt_outputs/bonsai_2_n100_s42_c0.0_p100000_confidence_farthestpose_i100_gteval_poseopt_steps15000/stats/val_step14999.json,/home/ojab2/work/git/gsplat/results/vggt_outputs/bonsai_2_n100_s42_c0.0_p100000_confidence_farthestpose_i100_gteval_poseopt_steps15000/stats/val_step14999.json,bonsai_2_n100_s42_c0.0_p100000_confidence_farthestpose_i100_gteval_poseopt_steps15000,0.7897,0.107121,100,7.792566,,,,/home/ojab2/work/git/vggt/vggt_outputs/bonsai_2_n100_s42_c0.0_p100000_confidence_farthestpose/eval_results.json,bonsai_2_n100_s42_c0.0_p100000_confidence_farthestpose,bonsai_2_n100_s42_c0.0_p100000_confidence_farthestpose_i100_gteval_poseopt_steps15000_val_step14999.json,100000,vggt | confidence | ,102499.99999999999
vggt,87,42,0.0,217500,confidence,,,,0,10,farthestpose,87,GT Eval,,,,Pose Opt,,,,,0.0,,False,1.0,1.0,vggt,lego,,,15000,15000,,MCMC,,,,,,,,,,,gsplat,synthetic,20.393123626708984,0.07409404963254929,0.7740158438682556,1000000,0.006177851464599371,0.25117188692092896,0.08761212229728699,0.020628416910767555,0.6909869627626473,0.18620217282751433,217500,/home/ojab2/work/git/gsplat/results/vggt_outputs/lego_1_n87_s42_c0.0_p217500_confidence_farthestpose_i87_gteval_poseopt_steps15000/stats/val_step14999.json,/home/ojab2/work/git/gsplat/results/vggt_outputs/lego_1_n87_s42_c0.0_p217500_confidence_farthestpose_i87_gteval_poseopt_steps15000/stats/val_step14999.json,lego_1_n87_s42_c0.0_p217500_confidence_farthestpose_i87_gteval_poseopt_steps15000,0.3306,0.018825,87,4.047269,0.0469,0.0133,0.1174,/home/ojab2/work/git/vggt/vggt_outputs/lego_1_n87_s42_c0.0_p217500_confidence_farthestpose/eval_results.json,lego_1_n87_s42_c0.0_p217500_confidence_farthestpose,lego_1_n87_s42_c0.0_p217500_confidence_farthestpose_i87_gteval_poseopt_steps15000_val_step14999.json,217500,vggt | confidence | ,222937.49999999997
vggt,100,42,0.0,250000,confidence,,,,0,10,farthestpose,100,GT Eval,,,,Pose Opt,,,,,0.0,,False,1.0,1.0,vggt,bicycle,,,15000,15000,,MCMC,,,,,,,,,,,gsplat,outdoor,17.63153648376465,0.37095946073532104,0.2757703959941864,1000000,0.013498630374670029,0.547363817691803,,,0.16522459940448686,0.4130761802892621,250000,/home/ojab2/work/git/gsplat/results/vggt_outputs/bicycle_4_n100_s42_c0.0_p250000_confidence_farthestpose_i100_gteval_poseopt_steps15000/stats/val_step14999.json,/home/ojab2/work/git/gsplat/results/vggt_outputs/bicycle_4_n100_s42_c0.0_p250000_confidence_farthestpose_i100_gteval_poseopt_steps15000/stats/val_step14999.json,bicycle_4_n100_s42_c0.0_p250000_confidence_farthestpose_i100_gteval_poseopt_steps15000,0.857,0.067143,100,5.77909,,,,/home/ojab2/work/git/vggt/vggt_outputs/bicycle_4_n100_s42_c0.0_p250000_confidence_farthestpose/eval_results.json,bicycle_4_n100_s42_c0.0_p250000_confidence_farthestpose,bicycle_4_n100_s42_c0.0_p250000_confidence_farthestpose_i100_gteval_poseopt_steps15000_val_step14999.json,250000,vggt | confidence | ,256249.99999999997
vggt,100,42,0.0,250000,confidence,,,,0,10,farthestpose,100,GT Eval,,,,Pose Opt,,,,,0.0,,False,1.0,1.0,vggt,bonsai,,,15000,15000,,MCMC,,,,,,,,,,,gsplat,indoor,17.461898803710938,0.3968178629875183,0.558695912361145,1000000,0.0229039303958416,0.7504193782806396,,,0.3115747025293371,0.3596881926493969,250000,/home/ojab2/work/git/gsplat/results/vggt_outputs/bonsai_2_n100_s42_c0.0_p250000_confidence_farthestpose_i100_gteval_poseopt_steps15000/stats/val_step14999.json,/home/ojab2/work/git/gsplat/results/vggt_outputs/bonsai_2_n100_s42_c0.0_p250000_confidence_farthestpose_i100_gteval_poseopt_steps15000/stats/val_step14999.json,bonsai_2_n100_s42_c0.0_p250000_confidence_farthestpose_i100_gteval_poseopt_steps15000,0.7897,0.107121,100,7.792566,,,,/home/ojab2/work/git/vggt/vggt_outputs/bonsai_2_n100_s42_c0.0_p250000_confidence_farthestpose/eval_results.json,bonsai_2_n100_s42_c0.0_p250000_confidence_farthestpose,bonsai_2_n100_s42_c0.0_p250000_confidence_farthestpose_i100_gteval_poseopt_steps15000_val_step14999.json,250000,vggt | confidence | ,256249.99999999997
colmap,87,42,,10069,,,,,0,10,farthestpose,87,GT Eval,,,,Pose Opt,,,,,0.0,,False,1.0,1.0,colmap,lego,pinhole,,15000,15000,default,MCMC,,,,,Shared Cam,,,,,,gsplat,synthetic,25.237646102905273,0.05288347229361534,0.9056525826454163,1000000,0.11235309392213821,10.380709648132324,0.018892427906394005,0.01985725574195385,0.8707738399186097,0.1210125354067277,10069,/home/ojab2/work/git/gsplat/results/colmap_outputs/lego_1_n87_s42_default_mpinhole_farthestpose_sharedcam_i87_gteval_poseopt_steps15000/stats/val_step14999.json,/home/ojab2/work/git/gsplat/results/colmap_outputs/lego_1_n87_s42_default_mpinhole_farthestpose_sharedcam_i87_gteval_poseopt_steps15000/stats/val_step14999.json,lego_1_n87_s42_default_mpinhole_farthestpose_sharedcam_i87_gteval_poseopt_steps15000,10.4269,0.396164,87,0.88238,,,,/home/ojab2/work/git/vggt/colmap_outputs/lego_1_n87_s42_default_mpinhole_farthestpose_sharedcam/eval_results.json,lego_1_n87_s42_default_mpinhole_farthestpose_sharedcam,lego_1_n87_s42_default_mpinhole_farthestpose_sharedcam_i87_gteval_poseopt_steps15000_val_step14999.json,10069,colmap |  | ,10824.175
colmap,100,42,,17352,,,,,0,10,farthestpose,100,GT Eval,,,,Pose Opt,,,,,0.0,,False,1.0,1.0,colmap,bicycle,,,15000,15000,default,MCMC,,,,,Shared Cam,,,,,,gsplat,outdoor,22.163246154785156,0.3494715690612793,0.5586552619934082,1000000,0.002470657927915454,0.1106053814291954,,,0.42783902572919363,0.3399620648095866,17352,/home/ojab2/work/git/gsplat/results/colmap_outputs/bicycle_4_n100_s42_default_farthestpose_sharedcam_i100_gteval_poseopt_steps15000/stats/val_step14999.json,/home/ojab2/work/git/gsplat/results/colmap_outputs/bicycle_4_n100_s42_default_farthestpose_sharedcam_i100_gteval_poseopt_steps15000/stats/val_step14999.json,bicycle_4_n100_s42_default_farthestpose_sharedcam_i100_gteval_poseopt_steps15000,0.0986,0.006893,100,1.077433,,,,/home/ojab2/work/git/vggt/colmap_outputs/bicycle_4_n100_s42_default_farthestpose_sharedcam/eval_results.json,bicycle_4_n100_s42_default_farthestpose_sharedcam,bicycle_4_n100_s42_default_farthestpose_sharedcam_i100_gteval_poseopt_steps15000_val_step14999.json,17352,colmap |  | ,18653.399999999998
colmap,100,42,,80892,,,,,0,10,farthestpose,100,GT Eval,,,,Pose Opt,,,,,0.0,,False,1.0,1.0,colmap,bonsai,,,15000,15000,default,MCMC,,,,,Shared Cam,,,,,,gsplat,indoor,24.653011322021484,0.17453931272029877,0.7761514782905579,1000000,0.0010529047576710582,0.09680686891078949,,,0.7091194321343928,0.2170303140499316,80892,/home/ojab2/work/git/gsplat/results/colmap_outputs/bonsai_2_n100_s42_default_farthestpose_sharedcam_i100_gteval_poseopt_steps15000/stats/val_step14999.json,/home/ojab2/work/git/gsplat/results/colmap_outputs/bonsai_2_n100_s42_default_farthestpose_sharedcam_i100_gteval_poseopt_steps15000/stats/val_step14999.json,bonsai_2_n100_s42_default_farthestpose_sharedcam_i100_gteval_poseopt_steps15000,0.1581,0.013152,100,1.113392,,,,/home/ojab2/work/git/vggt/colmap_outputs/bonsai_2_n100_s42_default_farthestpose_sharedcam/eval_results.json,bonsai_2_n100_s42_default_farthestpose_sharedcam,bonsai_2_n100_s42_default_farthestpose_sharedcam_i100_gteval_poseopt_steps15000_val_step14999.json,80892,colmap |  | ,86958.9
