method,num_images,seed,conf_thres_value,num_points,sampling_mode,near_filtering_strength,near_filtering_quorum,reconstruct_pose_opt,optimisation_iterations,optimisation_neighbourhood,image_mode,num_cameras,gt_eval,use_gt_extrinsics,use_gt_intrinsics,use_gt_points,pose_opt,pose_opt_module,eval_opt,depth_loss_mode,error_opa,depth_lambda,depth_conf_mode,choice,camera_type,copy_mode,val_step,num_steps,colmap_mode,splatting_strategy,camera_src,pcd_src,align_mode,align_glue,shared_camera,keep_backup_cams,random_init,use_ba,max_ba_iterations,source,rre,rte,num_aligned,raw_eval_metrics,file_path,sfm_file_path,folder,input_folder,output_folder,psnr,lpips,ssim,num_GS,eval_rte,eval_rre,quality,real_num_points,gsplat_file_path,initial_points,plot_series,num_images_jitter
combined,25,42,0.0,25000,random,,,,0,10,farthestpose,,,,,,,,,,,0.0,,vggt,,,,,default,MCMC,colmapcams,bothpcd,Global Alignment,,Shared Cam,,,,,sfm,0.5117,0.037079,13,"{'rre': [0.49047120417503504, 0.4330694134642717, 0.4138006864922198, 0.4177472883449826, 0.45888007010453075, 0.4912970058223775, 0.49422059036274596, 0.4918019881061236, 0.48997192626554864, 0.4835406127112066, 0.47360563180685655, 0.5029470978690713, 1.0113704569434696], 'rte': [0.03388509373344794, 0.026349573973494977, 0.01835790141041344, 0.018900794371703337, 0.019164898007809267, 0.021937982263383112, 0.022336075971715684, 0.021617647823362868, 0.01902422756090405, 0.010751963593220691, 0.06289088782017406, 0.06437675245353232, 0.14243255475279795]}",/home/ojab2/work/git/vggt/combined_outputs/bonsai_2_n25_s42_combined_colmapcams_bothpcd_amglobal_default_c0.0_p25000_random_farthestpose_sharedcam/eval_results.json,/home/ojab2/work/git/vggt/combined_outputs/bonsai_2_n25_s42_combined_colmapcams_bothpcd_amglobal_default_c0.0_p25000_random_farthestpose_sharedcam/eval_results.json,bonsai_2_n25_s42_combined_colmapcams_bothpcd_amglobal_default_c0.0_p25000_random_farthestpose_sharedcam,bonsai_2_n25_s42_combined_colmapcams_bothpcd_amglobal_default_c0.0_p25000_random_farthestpose_sharedcam,,,,,,,,,,,,combined | default | bothpcd,25.0
combined,50,42,0.0,50000,random,,,,0,10,farthestpose,,,,,,,,,,,0.0,,vggt,,,,,default,MCMC,colmapcams,bothpcd,Global Alignment,,Shared Cam,,,,,sfm,0.3632,0.039699,50,"{'rre': [0.4017690776430347, 0.40589980753414334, 0.4083262838311002, 0.4178920413639771, 0.42980215922975434, 0.4335536822796147, 0.44378698127824273, 0.44321858151134913, 0.4075028809761831, 0.40265537783716293, 0.4075516968487274, 0.4077752222938973, 0.37970215189101475, 0.37716479731757707, 0.376171988307063, 0.37605225165404244, 0.3789308826824277, 0.3858613373686824, 0.3742314299726568, 0.37262946249863443, 0.29671028548842626, 0.28761153387906957, 0.2820882298292492, 0.2785174141692452, 0.2897920109336757, 0.2803370575647659, 0.265898289806818, 0.2536508398599914, 0.3339257964425344, 0.341253553931244, 0.3517219852349358, 0.3431561549511398, 0.33894025535890426, 0.38449476655251064, 0.3673382128065833, 0.35507310774290024, 0.34732067111638204, 0.3408881836970206, 0.33969520248421037, 0.331619862556069, 0.28924812828851815, 0.26896586917144977, 0.21231308168082103, 0.18489271472433508, 0.15029305299198067, 0.11556337419195853, 0.14358094938067972, 0.20198669185566562, 1.035830031796897, 1.118268624243732], 'rte': [0.02180565911347748, 0.0223847853930527, 0.02320869959160658, 0.024913638797777637, 0.026659299634454105, 0.02820888884484114, 0.033083973890312014, 0.032632306587427426, 0.0060520373575829525, 0.006308154801286744, 0.007168479809926576, 0.016331553653711528, 0.014515298301752319, 0.015121100954052738, 0.016052484491711122, 0.0168840367572896, 0.018629568497352658, 0.019076345651870552, 0.01875096930895985, 0.0186417585768549, 0.02314092926513462, 0.023012151424868017, 0.02144219351957809, 0.020727991234119395, 0.04511219164852612, 0.04590874136270217, 0.04600957061374963, 0.04537428162323453, 0.014879572422141713, 0.015787263556632687, 0.01569174417386875, 0.016235809151499973, 0.016337636223020743, 0.015214842282143462, 0.01988159085559545, 0.020279545163479032, 0.020627589518195766, 0.021289739934594747, 0.021896890340198004, 0.02203694434282418, 0.08378512558150815, 0.07858197368645965, 0.07718627700444514, 0.07905928477538587, 0.0847562512633228, 0.08091360834908601, 0.08427587892725329, 0.09431911297395822, 0.20669646143445825, 0.2380535339777365]}",/home/ojab2/work/git/vggt/combined_outputs/bonsai_2_n50_s42_combined_colmapcams_bothpcd_amglobal_default_c0.0_p50000_random_farthestpose_sharedcam/eval_results.json,/home/ojab2/work/git/vggt/combined_outputs/bonsai_2_n50_s42_combined_colmapcams_bothpcd_amglobal_default_c0.0_p50000_random_farthestpose_sharedcam/eval_results.json,bonsai_2_n50_s42_combined_colmapcams_bothpcd_amglobal_default_c0.0_p50000_random_farthestpose_sharedcam,bonsai_2_n50_s42_combined_colmapcams_bothpcd_amglobal_default_c0.0_p50000_random_farthestpose_sharedcam,,,,,,,,,,,,combined | default | bothpcd,50.0
combined,75,42,0.0,75000,random,,,,0,10,farthestpose,,,,,,,,,,,0.0,,vggt,,,,,default,MCMC,colmapcams,bothpcd,Global Alignment,,Shared Cam,,,,,sfm,0.3864,0.019997,75,"{'rre': [0.4291372341520944, 0.4281346856755732, 0.42723084394990735, 0.4289829028203443, 0.43251800589614536, 0.4298867495901404, 0.428924515531721, 0.425119340835551, 0.42823236504921736, 0.42332812694134836, 0.41376650886914773, 0.40951170228673056, 0.40751362010321696, 0.40201351556736387, 0.40012502319381543, 0.39534593714650784, 0.39670526378662185, 0.3987462638168338, 0.371337988218799, 0.3724857393060954, 0.37152910147722823, 0.36918049690696225, 0.36371483243987585, 0.3601422641267584, 0.36182237581840027, 0.3635925570234917, 0.3555567501827805, 0.35306600303293956, 0.3542499383723039, 0.35215687349573876, 0.34893810391572677, 0.23724910166870544, 0.23046193394952313, 0.23043561367009627, 0.22920708722581504, 0.30808888151794583, 0.3100290054858246, 0.31353172557091036, 0.31558501978869347, 0.31477721356510324, 0.3171202159323687, 0.31256627984422597, 0.37582150561212363, 0.3766174979260733, 0.38474746007134236, 0.3931959131980511, 0.4142886276472682, 0.41307908554682493, 0.41189504778422786, 0.4113150257169875, 0.4179767683469307, 0.44644677644521424, 0.46163077367765554, 0.467040954759049, 0.47186451739366975, 0.47777158443496437, 0.47986145636305083, 0.4832227443430106, 0.4851408110444845, 0.4876229286616693, 0.46443288581061815, 0.4412652779502791, 0.41881678106267206, 0.4026757223302331, 0.41918250762725245, 0.4343272054717299, 0.45679333995958515, 0.3357394118132716, 0.32384083287576915, 0.3252368681901233, 0.33556898879050356, 0.3361649016109575, 0.35402490459042496, 0.3691288062027181, 0.3792454521221291], 'rte': [0.02782470836114886, 0.026900484710280278, 0.02620215307450377, 0.025686351823301992, 0.024895053965980036, 0.02379449023401874, 0.022912470099203518, 0.021926998959287, 0.02087981426939854, 0.01875708182210297, 0.014264721094706235, 0.01541300375985129, 0.015748560148710747, 0.01422480565347915, 0.01260485503014033, 0.009601397343951093, 0.006664411115119236, 0.006034236048710887, 0.0069431957415558125, 0.008346019844228832, 0.00950605199066836, 0.009249106767695843, 0.008608188355728276, 0.008386616783766013, 0.007593378389712073, 0.006343065231126588, 0.009176020384523193, 0.008769318137500696, 0.008520296850365986, 0.00859107323132866, 0.008851199269734374, 0.02481972982205618, 0.024417733648367027, 0.02368564822554976, 0.023547603396508333, 0.018060962731133244, 0.017854359308439306, 0.016900966837126156, 0.015637104098296307, 0.014974683315845396, 0.014370052931005383, 0.014239860627462186, 0.00490907642170491, 0.0049780892074542385, 0.005168371864253145, 0.00518592653143905, 0.0041800993432954915, 0.003982115932197074, 0.003664795098743201, 0.004679411090872071, 0.017554832292710532, 0.01658329285586448, 0.016641168552176906, 0.017352627585350177, 0.01805104815278818, 0.018633894644891326, 0.019432974174870242, 0.020254022694051726, 0.0217279997400096, 0.022933724608859878, 0.038117855317398426, 0.03227984043084224, 0.025332408513644922, 0.012151637584220984, 0.013449962971817999, 0.019705025349730215, 0.0270120449007654, 0.033636509303439185, 0.03643020590064026, 0.04193343035368769, 0.05272334237272743, 0.05394130956410232, 0.0746684837580778, 0.07819860364820107, 0.08257610087634991]}",/home/ojab2/work/git/vggt/combined_outputs/bonsai_2_n75_s42_combined_colmapcams_bothpcd_amglobal_default_c0.0_p75000_random_farthestpose_sharedcam/eval_results.json,/home/ojab2/work/git/vggt/combined_outputs/bonsai_2_n75_s42_combined_colmapcams_bothpcd_amglobal_default_c0.0_p75000_random_farthestpose_sharedcam/eval_results.json,bonsai_2_n75_s42_combined_colmapcams_bothpcd_amglobal_default_c0.0_p75000_random_farthestpose_sharedcam,bonsai_2_n75_s42_combined_colmapcams_bothpcd_amglobal_default_c0.0_p75000_random_farthestpose_sharedcam,,,,,,,,,,,,combined | default | bothpcd,75.0
combined,100,42,0.0,100000,random,,,,0,10,farthestpose,,,,,,,,,,,0.0,,vggt,,,,,default,MCMC,colmapcams,bothpcd,Global Alignment,,Shared Cam,,,,,sfm,0.1993,0.012003,100,"{'rre': [0.24527169498962154, 0.24428125390995228, 0.24488481135103216, 0.24673451588537376, 0.2494072216350413, 0.24973967373318198, 0.24986481386084575, 0.24790686104808957, 0.24979665516428032, 0.24496885695710938, 0.2348432816221036, 0.23309633673484853, 0.22511037970064132, 0.22304219710156617, 0.2249899284424257, 0.2231130175247929, 0.2158785008724489, 0.21491398848319204, 0.21271945332788333, 0.21510011203322882, 0.217566815944478, 0.22442513401775538, 0.22855175144528336, 0.18950811313255395, 0.1856844004496685, 0.18378147636366543, 0.18106024316367691, 0.175574541598521, 0.17454924197380073, 0.1768852742744087, 0.18174744105307278, 0.17950517168432642, 0.17197785076437366, 0.16954785081033388, 0.1674782440086354, 0.1637178575551265, 0.16495554199743157, 0.1621751236392284, 0.16010207027950504, 0.028670824495638892, 0.05194665992614597, 0.06841410918533547, 0.0874060866612876, 0.09889932917712434, 0.11176859461762512, 0.044887280228480715, 0.03682945781554335, 0.04042856690327724, 0.044089545703960155, 0.05494967249530192, 0.06891998656826173, 0.0835913685133005, 0.09602857269443353, 0.12050237141021213, 0.13176531169028655, 0.1324638097122822, 0.1363385596148775, 0.1437710188906761, 0.16733410254745043, 0.17409899434230244, 0.17684196584797165, 0.18649298388782362, 0.1928967061918891, 0.19799131039596812, 0.2327725978005537, 0.2432110774690953, 0.2568352125887059, 0.2540548813926983, 0.2575879943165854, 0.2635900749198785, 0.26984943730170535, 0.27461094836944766, 0.27669573701783995, 0.2797092469653856, 0.28650954518147853, 0.2932708796690738, 0.2996237833638924, 0.3056177031212787, 0.2835689845315196, 0.277606274230571, 0.27937740790329463, 0.2847727854270053, 0.27422801703216065, 0.27997364791320895, 0.28510158149662496, 0.2893166817522975, 0.2997743814748844, 0.21090621271246, 0.20900502430184809, 0.1994832295246459, 0.19969757782741546, 0.1914747520537405, 0.19002673298947634, 0.18585378000644232, 0.19532398691008512, 0.20021699551597955, 0.20634649591454884, 0.18992036508667043, 0.2929001031864412, 0.28378949686004074], 'rte': [0.007516205705026189, 0.007328249448188429, 0.007480056176475005, 0.007656514568063762, 0.0075929339326006075, 0.007594706836146504, 0.007791736894304614, 0.008244485985547298, 0.008224877490192274, 0.007342093581152943, 0.0033387686336985812, 0.0023040141097639814, 0.003363197206952019, 0.003663975136757961, 0.004294884411106392, 0.004605123009122092, 0.004904079738999849, 0.0051824628931181034, 0.005583273542179127, 0.005212696048995554, 0.0047936301097348385, 0.0045030321842736455, 0.0044663641828754045, 0.007339134825843876, 0.007743854438605952, 0.00795036712379454, 0.008418877804260889, 0.008711886828052476, 0.009584514356944747, 0.009598610116853888, 0.00924303075387572, 0.012848272850287399, 0.011942064799298142, 0.01187530166006084, 0.011509315546852193, 0.011608445874557404, 0.012165294416953925, 0.012849734536318097, 0.013334594375925216, 0.023419931891381713, 0.02098622694688209, 0.02204063314169587, 0.02286424513679071, 0.02381141763491405, 0.0247184975925865, 0.0192036778608615, 0.019207031866343226, 0.018843404379174273, 0.018299507781178954, 0.01759397108518063, 0.017066458949952498, 0.016799360625365873, 0.01754723907785572, 0.018578196138581228, 0.011375434529967705, 0.011636961100845878, 0.011772750175869035, 0.012174770096582332, 0.010604240214807723, 0.010127423041220178, 0.00965818438043194, 0.009218109796482452, 0.009271256653654749, 0.008507400903124643, 0.016033973721219678, 0.016738606595431527, 0.014712474806710054, 0.01381578603224275, 0.013088995682314145, 0.013138614526731854, 0.012960322180636447, 0.012968734824787526, 0.013056089456062563, 0.013322577584572733, 0.013978523455438171, 0.014231713642713082, 0.014834787893057132, 0.01576174229516445, 0.01900589226160598, 0.01766390428236965, 0.01588294463239565, 0.014354241000711924, 0.01119905759600444, 0.010558063663302647, 0.01092134675873059, 0.011880897837038685, 0.013793866835962372, 0.002512135916204617, 0.004056500320656924, 0.0059722244823847016, 0.008231466198095987, 0.011489278932950488, 0.01085074902328989, 0.010367146701269146, 0.016992699513073767, 0.018503579120597316, 0.020038272605190963, 0.022470124163535127, 0.021319611952727892, 0.018570629745118816]}",/home/ojab2/work/git/vggt/combined_outputs/bonsai_2_n100_s42_combined_colmapcams_bothpcd_amglobal_default_c0.0_p100000_random_farthestpose_sharedcam/eval_results.json,/home/ojab2/work/git/vggt/combined_outputs/bonsai_2_n100_s42_combined_colmapcams_bothpcd_amglobal_default_c0.0_p100000_random_farthestpose_sharedcam/eval_results.json,bonsai_2_n100_s42_combined_colmapcams_bothpcd_amglobal_default_c0.0_p100000_random_farthestpose_sharedcam,bonsai_2_n100_s42_combined_colmapcams_bothpcd_amglobal_default_c0.0_p100000_random_farthestpose_sharedcam,,,,,,,,,,,,combined | default | bothpcd,100.0
combined,25,42,0.0,25000,random,,,,0,10,farthestpose,,,,,,,,,,,0.0,,vggt,,,,,default,MCMC,colmapcams,vggtpcd,Global Alignment,,Shared Cam,,,,,sfm,0.5117,0.037079,13,"{'rre': [0.49047120417503504, 0.4330694134642717, 0.4138006864922198, 0.4177472883449826, 0.45888007010453075, 0.4912970058223775, 0.49422059036274596, 0.4918019881061236, 0.48997192626554864, 0.4835406127112066, 0.47360563180685655, 0.5029470978690713, 1.0113704569434696], 'rte': [0.03388509373344794, 0.026349573973494977, 0.01835790141041344, 0.018900794371703337, 0.019164898007809267, 0.021937982263383112, 0.022336075971715684, 0.021617647823362868, 0.01902422756090405, 0.010751963593220691, 0.06289088782017406, 0.06437675245353232, 0.14243255475279795]}",/home/ojab2/work/git/vggt/combined_outputs/bonsai_2_n25_s42_combined_colmapcams_vggtpcd_amglobal_default_c0.0_p25000_random_farthestpose_sharedcam/eval_results.json,/home/ojab2/work/git/vggt/combined_outputs/bonsai_2_n25_s42_combined_colmapcams_vggtpcd_amglobal_default_c0.0_p25000_random_farthestpose_sharedcam/eval_results.json,bonsai_2_n25_s42_combined_colmapcams_vggtpcd_amglobal_default_c0.0_p25000_random_farthestpose_sharedcam,bonsai_2_n25_s42_combined_colmapcams_vggtpcd_amglobal_default_c0.0_p25000_random_farthestpose_sharedcam,,,,,,,,,,,,combined | default | vggtpcd,25.0
combined,50,42,0.0,50000,random,,,,0,10,farthestpose,,,,,,,,,,,0.0,,vggt,,,,,default,MCMC,colmapcams,vggtpcd,Global Alignment,,Shared Cam,,,,,sfm,0.3632,0.039699,50,"{'rre': [0.4017690776430347, 0.40589980753414334, 0.4083262838311002, 0.4178920413639771, 0.42980215922975434, 0.4335536822796147, 0.44378698127824273, 0.44321858151134913, 0.4075028809761831, 0.40265537783716293, 0.4075516968487274, 0.4077752222938973, 0.37970215189101475, 0.37716479731757707, 0.376171988307063, 0.37605225165404244, 0.3789308826824277, 0.3858613373686824, 0.3742314299726568, 0.37262946249863443, 0.29671028548842626, 0.28761153387906957, 0.2820882298292492, 0.2785174141692452, 0.2897920109336757, 0.2803370575647659, 0.265898289806818, 0.2536508398599914, 0.3339257964425344, 0.341253553931244, 0.3517219852349358, 0.3431561549511398, 0.33894025535890426, 0.38449476655251064, 0.3673382128065833, 0.35507310774290024, 0.34732067111638204, 0.3408881836970206, 0.33969520248421037, 0.331619862556069, 0.28924812828851815, 0.26896586917144977, 0.21231308168082103, 0.18489271472433508, 0.15029305299198067, 0.11556337419195853, 0.14358094938067972, 0.20198669185566562, 1.035830031796897, 1.118268624243732], 'rte': [0.02180565911347748, 0.0223847853930527, 0.02320869959160658, 0.024913638797777637, 0.026659299634454105, 0.02820888884484114, 0.033083973890312014, 0.032632306587427426, 0.0060520373575829525, 0.006308154801286744, 0.007168479809926576, 0.016331553653711528, 0.014515298301752319, 0.015121100954052738, 0.016052484491711122, 0.0168840367572896, 0.018629568497352658, 0.019076345651870552, 0.01875096930895985, 0.0186417585768549, 0.02314092926513462, 0.023012151424868017, 0.02144219351957809, 0.020727991234119395, 0.04511219164852612, 0.04590874136270217, 0.04600957061374963, 0.04537428162323453, 0.014879572422141713, 0.015787263556632687, 0.01569174417386875, 0.016235809151499973, 0.016337636223020743, 0.015214842282143462, 0.01988159085559545, 0.020279545163479032, 0.020627589518195766, 0.021289739934594747, 0.021896890340198004, 0.02203694434282418, 0.08378512558150815, 0.07858197368645965, 0.07718627700444514, 0.07905928477538587, 0.0847562512633228, 0.08091360834908601, 0.08427587892725329, 0.09431911297395822, 0.20669646143445825, 0.2380535339777365]}",/home/ojab2/work/git/vggt/combined_outputs/bonsai_2_n50_s42_combined_colmapcams_vggtpcd_amglobal_default_c0.0_p50000_random_farthestpose_sharedcam/eval_results.json,/home/ojab2/work/git/vggt/combined_outputs/bonsai_2_n50_s42_combined_colmapcams_vggtpcd_amglobal_default_c0.0_p50000_random_farthestpose_sharedcam/eval_results.json,bonsai_2_n50_s42_combined_colmapcams_vggtpcd_amglobal_default_c0.0_p50000_random_farthestpose_sharedcam,bonsai_2_n50_s42_combined_colmapcams_vggtpcd_amglobal_default_c0.0_p50000_random_farthestpose_sharedcam,,,,,,,,,,,,combined | default | vggtpcd,50.0
combined,75,42,0.0,75000,random,,,,0,10,farthestpose,,,,,,,,,,,0.0,,vggt,,,,,default,MCMC,colmapcams,vggtpcd,Global Alignment,,Shared Cam,,,,,sfm,0.3864,0.019997,75,"{'rre': [0.4291372341520944, 0.4281346856755732, 0.42723084394990735, 0.4289829028203443, 0.43251800589614536, 0.4298867495901404, 0.428924515531721, 0.425119340835551, 0.42823236504921736, 0.42332812694134836, 0.41376650886914773, 0.40951170228673056, 0.40751362010321696, 0.40201351556736387, 0.40012502319381543, 0.39534593714650784, 0.39670526378662185, 0.3987462638168338, 0.371337988218799, 0.3724857393060954, 0.37152910147722823, 0.36918049690696225, 0.36371483243987585, 0.3601422641267584, 0.36182237581840027, 0.3635925570234917, 0.3555567501827805, 0.35306600303293956, 0.3542499383723039, 0.35215687349573876, 0.34893810391572677, 0.23724910166870544, 0.23046193394952313, 0.23043561367009627, 0.22920708722581504, 0.30808888151794583, 0.3100290054858246, 0.31353172557091036, 0.31558501978869347, 0.31477721356510324, 0.3171202159323687, 0.31256627984422597, 0.37582150561212363, 0.3766174979260733, 0.38474746007134236, 0.3931959131980511, 0.4142886276472682, 0.41307908554682493, 0.41189504778422786, 0.4113150257169875, 0.4179767683469307, 0.44644677644521424, 0.46163077367765554, 0.467040954759049, 0.47186451739366975, 0.47777158443496437, 0.47986145636305083, 0.4832227443430106, 0.4851408110444845, 0.4876229286616693, 0.46443288581061815, 0.4412652779502791, 0.41881678106267206, 0.4026757223302331, 0.41918250762725245, 0.4343272054717299, 0.45679333995958515, 0.3357394118132716, 0.32384083287576915, 0.3252368681901233, 0.33556898879050356, 0.3361649016109575, 0.35402490459042496, 0.3691288062027181, 0.3792454521221291], 'rte': [0.02782470836114886, 0.026900484710280278, 0.02620215307450377, 0.025686351823301992, 0.024895053965980036, 0.02379449023401874, 0.022912470099203518, 0.021926998959287, 0.02087981426939854, 0.01875708182210297, 0.014264721094706235, 0.01541300375985129, 0.015748560148710747, 0.01422480565347915, 0.01260485503014033, 0.009601397343951093, 0.006664411115119236, 0.006034236048710887, 0.0069431957415558125, 0.008346019844228832, 0.00950605199066836, 0.009249106767695843, 0.008608188355728276, 0.008386616783766013, 0.007593378389712073, 0.006343065231126588, 0.009176020384523193, 0.008769318137500696, 0.008520296850365986, 0.00859107323132866, 0.008851199269734374, 0.02481972982205618, 0.024417733648367027, 0.02368564822554976, 0.023547603396508333, 0.018060962731133244, 0.017854359308439306, 0.016900966837126156, 0.015637104098296307, 0.014974683315845396, 0.014370052931005383, 0.014239860627462186, 0.00490907642170491, 0.0049780892074542385, 0.005168371864253145, 0.00518592653143905, 0.0041800993432954915, 0.003982115932197074, 0.003664795098743201, 0.004679411090872071, 0.017554832292710532, 0.01658329285586448, 0.016641168552176906, 0.017352627585350177, 0.01805104815278818, 0.018633894644891326, 0.019432974174870242, 0.020254022694051726, 0.0217279997400096, 0.022933724608859878, 0.038117855317398426, 0.03227984043084224, 0.025332408513644922, 0.012151637584220984, 0.013449962971817999, 0.019705025349730215, 0.0270120449007654, 0.033636509303439185, 0.03643020590064026, 0.04193343035368769, 0.05272334237272743, 0.05394130956410232, 0.0746684837580778, 0.07819860364820107, 0.08257610087634991]}",/home/ojab2/work/git/vggt/combined_outputs/bonsai_2_n75_s42_combined_colmapcams_vggtpcd_amglobal_default_c0.0_p75000_random_farthestpose_sharedcam/eval_results.json,/home/ojab2/work/git/vggt/combined_outputs/bonsai_2_n75_s42_combined_colmapcams_vggtpcd_amglobal_default_c0.0_p75000_random_farthestpose_sharedcam/eval_results.json,bonsai_2_n75_s42_combined_colmapcams_vggtpcd_amglobal_default_c0.0_p75000_random_farthestpose_sharedcam,bonsai_2_n75_s42_combined_colmapcams_vggtpcd_amglobal_default_c0.0_p75000_random_farthestpose_sharedcam,,,,,,,,,,,,combined | default | vggtpcd,75.0
combined,100,42,0.0,100000,random,,,,0,10,farthestpose,,,,,,,,,,,0.0,,vggt,,,,,default,MCMC,colmapcams,vggtpcd,Global Alignment,,Shared Cam,,,,,sfm,0.1993,0.012003,100,"{'rre': [0.24527169498962154, 0.24428125390995228, 0.24488481135103216, 0.24673451588537376, 0.2494072216350413, 0.24973967373318198, 0.24986481386084575, 0.24790686104808957, 0.24979665516428032, 0.24496885695710938, 0.2348432816221036, 0.23309633673484853, 0.22511037970064132, 0.22304219710156617, 0.2249899284424257, 0.2231130175247929, 0.2158785008724489, 0.21491398848319204, 0.21271945332788333, 0.21510011203322882, 0.217566815944478, 0.22442513401775538, 0.22855175144528336, 0.18950811313255395, 0.1856844004496685, 0.18378147636366543, 0.18106024316367691, 0.175574541598521, 0.17454924197380073, 0.1768852742744087, 0.18174744105307278, 0.17950517168432642, 0.17197785076437366, 0.16954785081033388, 0.1674782440086354, 0.1637178575551265, 0.16495554199743157, 0.1621751236392284, 0.16010207027950504, 0.028670824495638892, 0.05194665992614597, 0.06841410918533547, 0.0874060866612876, 0.09889932917712434, 0.11176859461762512, 0.044887280228480715, 0.03682945781554335, 0.04042856690327724, 0.044089545703960155, 0.05494967249530192, 0.06891998656826173, 0.0835913685133005, 0.09602857269443353, 0.12050237141021213, 0.13176531169028655, 0.1324638097122822, 0.1363385596148775, 0.1437710188906761, 0.16733410254745043, 0.17409899434230244, 0.17684196584797165, 0.18649298388782362, 0.1928967061918891, 0.19799131039596812, 0.2327725978005537, 0.2432110774690953, 0.2568352125887059, 0.2540548813926983, 0.2575879943165854, 0.2635900749198785, 0.26984943730170535, 0.27461094836944766, 0.27669573701783995, 0.2797092469653856, 0.28650954518147853, 0.2932708796690738, 0.2996237833638924, 0.3056177031212787, 0.2835689845315196, 0.277606274230571, 0.27937740790329463, 0.2847727854270053, 0.27422801703216065, 0.27997364791320895, 0.28510158149662496, 0.2893166817522975, 0.2997743814748844, 0.21090621271246, 0.20900502430184809, 0.1994832295246459, 0.19969757782741546, 0.1914747520537405, 0.19002673298947634, 0.18585378000644232, 0.19532398691008512, 0.20021699551597955, 0.20634649591454884, 0.18992036508667043, 0.2929001031864412, 0.28378949686004074], 'rte': [0.007516205705026189, 0.007328249448188429, 0.007480056176475005, 0.007656514568063762, 0.0075929339326006075, 0.007594706836146504, 0.007791736894304614, 0.008244485985547298, 0.008224877490192274, 0.007342093581152943, 0.0033387686336985812, 0.0023040141097639814, 0.003363197206952019, 0.003663975136757961, 0.004294884411106392, 0.004605123009122092, 0.004904079738999849, 0.0051824628931181034, 0.005583273542179127, 0.005212696048995554, 0.0047936301097348385, 0.0045030321842736455, 0.0044663641828754045, 0.007339134825843876, 0.007743854438605952, 0.00795036712379454, 0.008418877804260889, 0.008711886828052476, 0.009584514356944747, 0.009598610116853888, 0.00924303075387572, 0.012848272850287399, 0.011942064799298142, 0.01187530166006084, 0.011509315546852193, 0.011608445874557404, 0.012165294416953925, 0.012849734536318097, 0.013334594375925216, 0.023419931891381713, 0.02098622694688209, 0.02204063314169587, 0.02286424513679071, 0.02381141763491405, 0.0247184975925865, 0.0192036778608615, 0.019207031866343226, 0.018843404379174273, 0.018299507781178954, 0.01759397108518063, 0.017066458949952498, 0.016799360625365873, 0.01754723907785572, 0.018578196138581228, 0.011375434529967705, 0.011636961100845878, 0.011772750175869035, 0.012174770096582332, 0.010604240214807723, 0.010127423041220178, 0.00965818438043194, 0.009218109796482452, 0.009271256653654749, 0.008507400903124643, 0.016033973721219678, 0.016738606595431527, 0.014712474806710054, 0.01381578603224275, 0.013088995682314145, 0.013138614526731854, 0.012960322180636447, 0.012968734824787526, 0.013056089456062563, 0.013322577584572733, 0.013978523455438171, 0.014231713642713082, 0.014834787893057132, 0.01576174229516445, 0.01900589226160598, 0.01766390428236965, 0.01588294463239565, 0.014354241000711924, 0.01119905759600444, 0.010558063663302647, 0.01092134675873059, 0.011880897837038685, 0.013793866835962372, 0.002512135916204617, 0.004056500320656924, 0.0059722244823847016, 0.008231466198095987, 0.011489278932950488, 0.01085074902328989, 0.010367146701269146, 0.016992699513073767, 0.018503579120597316, 0.020038272605190963, 0.022470124163535127, 0.021319611952727892, 0.018570629745118816]}",/home/ojab2/work/git/vggt/combined_outputs/bonsai_2_n100_s42_combined_colmapcams_vggtpcd_amglobal_default_c0.0_p100000_random_farthestpose_sharedcam/eval_results.json,/home/ojab2/work/git/vggt/combined_outputs/bonsai_2_n100_s42_combined_colmapcams_vggtpcd_amglobal_default_c0.0_p100000_random_farthestpose_sharedcam/eval_results.json,bonsai_2_n100_s42_combined_colmapcams_vggtpcd_amglobal_default_c0.0_p100000_random_farthestpose_sharedcam,bonsai_2_n100_s42_combined_colmapcams_vggtpcd_amglobal_default_c0.0_p100000_random_farthestpose_sharedcam,,,,,,,,,,,,combined | default | vggtpcd,100.0
colmap,25,42,,,,,,,0,10,farthestpose,,,,,,,,,,,0.0,,vggt,,,,,default,MCMC,,,,,Shared Cam,,,,,sfm,0.5117,0.037079,13,"{'rre': [0.4904712041780074, 0.4330694134659549, 0.41380068649398133, 0.4177472883449826, 0.4588800701077077, 0.4912970058223775, 0.49422059036274596, 0.4918019881090878, 0.48997192626703645, 0.48354061271271415, 0.4736056318099349, 0.5029470978719699, 1.0113704569441906], 'rte': [0.033885093733447794, 0.026349573973495362, 0.01835790141041415, 0.018900794371703337, 0.01916489800780902, 0.021937982263382692, 0.022336075971715642, 0.02161764782336269, 0.019024227560904, 0.010751963593220549, 0.06289088782017446, 0.06437675245353223, 0.1424325547527971]}",/home/ojab2/work/git/vggt/colmap_outputs/bonsai_2_n25_s42_default_farthestpose_sharedcam/eval_results.json,/home/ojab2/work/git/vggt/colmap_outputs/bonsai_2_n25_s42_default_farthestpose_sharedcam/eval_results.json,bonsai_2_n25_s42_default_farthestpose_sharedcam,bonsai_2_n25_s42_default_farthestpose_sharedcam,,,,,,,,,,,,colmap | default | ,25.0
colmap,50,42,,,,,,,0,10,farthestpose,,,,,,,,,,,0.0,,vggt,,,,,default,MCMC,,,,,Shared Cam,,,,,sfm,0.3632,0.039699,50,"{'rre': [0.4017690776466633, 0.4058998075359392, 0.40832628383467057, 0.4178920413657214, 0.42980215923314635, 0.4335536822829773, 0.44378698127824273, 0.4432185815146384, 0.4075028809797606, 0.40265537783897326, 0.407551696850516, 0.40777522229568486, 0.37970215189485423, 0.3771647973214424, 0.37617198831093857, 0.3760522516579193, 0.37893088268435143, 0.3858613373705715, 0.3742314299746046, 0.372629462504503, 0.29671028549088296, 0.28761153388920735, 0.2820882298292492, 0.2785174141744795, 0.2897920109387064, 0.2803370575673661, 0.2658982898095594, 0.2536508398628652, 0.3339257964469002, 0.34125355393337997, 0.3517219852370083, 0.343156154953264, 0.33894025536105493, 0.38449476655819803, 0.3673382128125364, 0.35507310774495315, 0.3473206711226783, 0.340888183699159, 0.33969520248421037, 0.3316198625604653, 0.28924812828851815, 0.26896586917687, 0.21231308168768762, 0.18489271473221996, 0.15029305299683074, 0.11556337420457377, 0.14358094940098687, 0.20198669186288326, 1.035830031798305, 1.1182686242450357], 'rte': [0.02180565911347728, 0.022384785393052612, 0.023208699591606412, 0.02491363879777759, 0.026659299634453938, 0.028208888844840636, 0.033083973890311986, 0.032632306587427884, 0.006052037357582446, 0.006308154801285918, 0.007168479809925638, 0.016331553653710706, 0.014515298301751951, 0.015121100954052396, 0.01605248449171045, 0.0168840367572896, 0.018629568497351826, 0.019076345651869876, 0.018750969308959926, 0.018641758576854735, 0.023140929265134516, 0.023012151424869193, 0.02144219351957846, 0.020727991234119978, 0.04511219164852569, 0.045908741362703426, 0.04600957061374961, 0.04537428162323456, 0.014879572422141156, 0.015787263556632194, 0.01569174417386806, 0.016235809151498717, 0.016337636223019966, 0.01521484228214254, 0.019881590855596678, 0.02027954516347864, 0.020627589518196272, 0.02128973993459585, 0.021896890340197418, 0.022036944342823772, 0.08378512558150908, 0.07858197368646007, 0.0771862770044457, 0.07905928477538553, 0.08475625126332308, 0.0809136083490863, 0.0842758789272549, 0.09431911297395686, 0.20669646143445805, 0.2380535339777361]}",/home/ojab2/work/git/vggt/colmap_outputs/bonsai_2_n50_s42_default_farthestpose_sharedcam/eval_results.json,/home/ojab2/work/git/vggt/colmap_outputs/bonsai_2_n50_s42_default_farthestpose_sharedcam/eval_results.json,bonsai_2_n50_s42_default_farthestpose_sharedcam,bonsai_2_n50_s42_default_farthestpose_sharedcam,,,,,,,,,,,,colmap | default | ,50.0
colmap,75,42,,,,,,,0,10,farthestpose,,,,,,,,,,,0.0,,vggt,,,,,default,MCMC,,,,,Shared Cam,,,,,sfm,0.3864,0.019997,75,"{'rre': [0.4291372341571902, 0.42813468568068097, 0.4272308439567321, 0.4289829028271412, 0.43251800589951606, 0.42988674958674905, 0.4289245155419177, 0.42511934084240965, 0.42823236506283496, 0.423328126949958, 0.41376650887619454, 0.40951170229385064, 0.4075136201067945, 0.40201351557461673, 0.4001250231992808, 0.3953459371594144, 0.3967052637976467, 0.3987462638168338, 0.371337988228614, 0.3724857393139232, 0.3715291014831142, 0.36918049691288557, 0.3637148324478924, 0.36014226413283046, 0.36182237582645876, 0.3635925570315109, 0.35555675018688065, 0.3530660030411979, 0.3542499383743616, 0.3521568735019485, 0.3489381039219938, 0.23724910168099522, 0.23046193396217482, 0.23043561367958604, 0.2292070872353557, 0.3080888815250438, 0.31002900549287815, 0.31353172558021003, 0.31558501979793263, 0.31477721357436605, 0.31712021593926454, 0.31256627985122226, 0.3758215056179424, 0.3766174979338152, 0.38474746007513155, 0.3931959132054666, 0.4142886276525467, 0.41307908555388345, 0.41189504779130676, 0.4113150257240764, 0.41797676835216263, 0.44644677645011244, 0.4616307736823926, 0.4670409547621705, 0.47186451739984886, 0.47777158444106727, 0.4798614563691272, 0.4832227443460276, 0.48514081104748963, 0.4876229286661539, 0.46443288581532666, 0.44126527795358295, 0.4188167810678935, 0.40267572233747395, 0.4191825076307303, 0.43432720547676484, 0.4567933399643725, 0.33573941181978506, 0.3238408328847728, 0.32523686819684705, 0.33556898879919256, 0.33616490161963103, 0.354024904592484, 0.36912880621061706, 0.37924545213173944], 'rte': [0.02782470836115011, 0.026900484710280684, 0.026202153074505196, 0.025686351823302905, 0.024895053965980244, 0.023794490234021106, 0.022912470099203854, 0.021926998959287534, 0.020879814269400315, 0.0187570818221041, 0.014264721094707994, 0.015413003759853203, 0.015748560148712513, 0.014224805653481111, 0.012604855030142893, 0.00960139734395343, 0.006664411115119623, 0.0060342360487107725, 0.00694319574155714, 0.00834601984422965, 0.009506051990670174, 0.009249106767696564, 0.008608188355729593, 0.008386616783765231, 0.0075933783897111145, 0.006343065231125492, 0.009176020384522426, 0.008769318137500181, 0.008520296850365495, 0.008591073231327925, 0.008851199269732237, 0.024819729822053983, 0.02441773364836436, 0.023685648225549083, 0.023547603396507685, 0.018060962731133116, 0.017854359308438372, 0.016900966837125605, 0.01563710409829465, 0.014974683315842821, 0.014370052931002351, 0.014239860627458755, 0.004909076421710397, 0.00497808920746067, 0.005168371864258269, 0.0051859265314441105, 0.004180099343299318, 0.0039821159321993815, 0.003664795098745226, 0.004679411090872911, 0.017554832292709602, 0.016583292855863633, 0.01664116855217597, 0.017352627585348803, 0.018051048152787085, 0.018633894644889768, 0.01943297417486868, 0.02025402269404995, 0.021727999740007643, 0.022933724608857644, 0.0381178553173979, 0.03227984043084315, 0.02533240851364403, 0.012151637584221647, 0.013449962971821081, 0.019705025349733635, 0.027012044900767713, 0.03363650930343938, 0.03643020590064098, 0.04193343035368796, 0.052723342372727335, 0.05394130956410229, 0.07466848375807401, 0.07819860364819936, 0.08257610087634827]}",/home/ojab2/work/git/vggt/colmap_outputs/bonsai_2_n75_s42_default_farthestpose_sharedcam/eval_results.json,/home/ojab2/work/git/vggt/colmap_outputs/bonsai_2_n75_s42_default_farthestpose_sharedcam/eval_results.json,bonsai_2_n75_s42_default_farthestpose_sharedcam,bonsai_2_n75_s42_default_farthestpose_sharedcam,,,,,,,,,,,,colmap | default | ,75.0
colmap,100,42,,,,,,,0,10,farthestpose,,,,,,,,,,,0.0,,vggt,,,,,default,MCMC,,,,,Shared Cam,,,,,sfm,0.1993,0.012003,100,"{'rre': [0.24527169497773382, 0.2442812539010003, 0.2448848113391256, 0.24673451588537376, 0.24940722162335063, 0.24973967371858816, 0.2498648138491765, 0.24790686103044748, 0.24979665515260788, 0.24496885694520693, 0.23484328160348017, 0.233096336725467, 0.225110379690927, 0.22304219708849365, 0.22498992842946633, 0.22311301751172452, 0.21587850085556598, 0.2149139884696251, 0.2127194533244566, 0.2151001120196736, 0.21756681593442687, 0.22442513400801145, 0.22855175143252596, 0.18950811311332177, 0.18568440043789153, 0.1837814763478003, 0.18106024315159922, 0.1755745415736109, 0.17454924195709642, 0.176885274257925, 0.18174744103703006, 0.1795051716680833, 0.1719778507431811, 0.16954785078883755, 0.16747824398687347, 0.16371785754176943, 0.16495554199301266, 0.16217512362124956, 0.16010207026129342, 0.028670824393942557, 0.05194665985598463, 0.0684141091427168, 0.08740608663626888, 0.09889932914027223, 0.11176859459805978, 0.04488728016352427, 0.03682945773637526, 0.04042856684918705, 0.04408954563782842, 0.054949672455505714, 0.06891998652595588, 0.08359136846969974, 0.09602857266407049, 0.12050237138601576, 0.13176531167369043, 0.13246380969027075, 0.13633855959883812, 0.14377101887039578, 0.1673341025300259, 0.17409899432555492, 0.17684196583560585, 0.18649298387609775, 0.19289670617677362, 0.19799131038124163, 0.23277259778489612, 0.24321107745410972, 0.25683521258019143, 0.25405488138122156, 0.2575879943052661, 0.26359007491158226, 0.2698494372909003, 0.27461094835883, 0.2766957370073023, 0.27970924695756755, 0.2865095451713018, 0.2932708796616172, 0.2996237833541611, 0.30561770311173825, 0.2835689845186668, 0.27760627422531947, 0.2793774078928581, 0.2847727854193262, 0.27422801702418625, 0.27997364790539825, 0.285101581486398, 0.28931668174221953, 0.29977438146515795, 0.21090621269863527, 0.2090050242913852, 0.19948322951368358, 0.1996975778164649, 0.1914747520423197, 0.19002673297413258, 0.18585377999075406, 0.19532398689515748, 0.20021699550505742, 0.20634649590041862, 0.18992036506748, 0.2929001031814639, 0.2837894968471979], 'rte': [0.007516205705025752, 0.0073282494481881795, 0.007480056176473263, 0.007656514568062827, 0.0075929339325997245, 0.007594706836146683, 0.007791736894305971, 0.00824448598554715, 0.008224877490193596, 0.007342093581153737, 0.003338768633699098, 0.002304014109762961, 0.003363197206951222, 0.003663975136757193, 0.004294884411105726, 0.004605123009121831, 0.004904079738999644, 0.005182462893116732, 0.005583273542175938, 0.005212696048995327, 0.004793630109734573, 0.0045030321842739855, 0.004466364182875799, 0.0073391348258443605, 0.0077438544386057104, 0.007950367123795104, 0.00841887780425973, 0.008711886828053832, 0.009584514356945049, 0.009598610116853416, 0.009243030753875718, 0.01284827285028787, 0.011942064799298753, 0.011875301660060658, 0.011509315546852032, 0.011608445874557472, 0.01216529441695547, 0.012849734536318427, 0.013334594375925168, 0.02341993189138208, 0.02098622694688145, 0.022040633141695867, 0.02286424513678955, 0.023811417634913776, 0.024718497592586486, 0.019203677860861322, 0.019207031866344138, 0.018843404379173867, 0.018299507781178975, 0.017593971085180064, 0.017066458949952474, 0.016799360625367066, 0.017547239077855402, 0.018578196138581773, 0.0113754345299677, 0.011636961100845875, 0.011772750175869052, 0.012174770096581558, 0.010604240214807917, 0.010127423041220539, 0.009658184380431653, 0.009218109796482318, 0.009271256653654759, 0.008507400903124181, 0.016033973721219147, 0.016738606595430677, 0.014712474806709263, 0.013815786032241269, 0.013088995682313101, 0.0131386145267314, 0.012960322180635963, 0.01296873482478626, 0.013056089456062153, 0.013322577584573095, 0.013978523455437097, 0.014231713642711967, 0.01483478789305678, 0.01576174229516364, 0.019005892261605723, 0.017663904282368303, 0.015882944632395597, 0.014354241000711108, 0.011199057596004529, 0.01055806366330276, 0.010921346758730693, 0.011880897837038584, 0.01379386683596177, 0.0025121359162042665, 0.004056500320658679, 0.005972224482384548, 0.008231466198096771, 0.011489278932949551, 0.010850749023289998, 0.010367146701268582, 0.016992699513073573, 0.018503579120597864, 0.020038272605190408, 0.0224701241635348, 0.021319611952728388, 0.018570629745119544]}",/home/ojab2/work/git/vggt/colmap_outputs/bonsai_2_n100_s42_default_farthestpose_sharedcam/eval_results.json,/home/ojab2/work/git/vggt/colmap_outputs/bonsai_2_n100_s42_default_farthestpose_sharedcam/eval_results.json,bonsai_2_n100_s42_default_farthestpose_sharedcam,bonsai_2_n100_s42_default_farthestpose_sharedcam,,,,,,,,,,,,colmap | default | ,100.0
combined,25,42,0.0,25000,random,,,,0,10,farthestpose,,,,,,,,,,,0.0,,vggt,,,,,relaxed,MCMC,colmapcams,bothpcd,Global Alignment,,Shared Cam,,,,,sfm,111.6314,4.095362,23,"{'rre': [80.06131848838639, 80.07894620096063, 80.06693778290195, 80.05145466325664, 80.11643283572164, 80.09437027062867, 80.0917223629268, 80.09233484972704, 80.08153448537382, 80.10357508764685, 80.06017826729594, 80.12087834686193, 163.2372673578013, 163.3023840243668, 129.8583495379674, 163.71964815198965, 163.71201617145712, 163.73691499241272, 159.26528910833355, 179.1173531882744, 160.71834308631173, 79.72253987134974, 80.1116316613145], 'rte': [3.6637641070341336, 3.4815691032264957, 3.359908369260317, 3.3483521852717915, 4.055383239401964, 4.385631787922587, 4.406598544550225, 4.365286875703604, 4.27761717741357, 4.017466653611583, 3.5684854357021027, 3.497352405477054, 4.849357906176094, 4.798836108123369, 4.649594166120206, 4.328905095047148, 4.326833297499641, 4.297858172443278, 4.107708890218495, 5.293307808792565, 4.14908230359051, 3.6169885583098838, 3.347438474273994]}",/home/ojab2/work/git/vggt/combined_outputs/bonsai_2_n25_s42_combined_colmapcams_bothpcd_amglobal_relaxed_c0.0_p25000_random_farthestpose_sharedcam/eval_results.json,/home/ojab2/work/git/vggt/combined_outputs/bonsai_2_n25_s42_combined_colmapcams_bothpcd_amglobal_relaxed_c0.0_p25000_random_farthestpose_sharedcam/eval_results.json,bonsai_2_n25_s42_combined_colmapcams_bothpcd_amglobal_relaxed_c0.0_p25000_random_farthestpose_sharedcam,bonsai_2_n25_s42_combined_colmapcams_bothpcd_amglobal_relaxed_c0.0_p25000_random_farthestpose_sharedcam,,,,,,,,,,,,combined | relaxed | bothpcd,25.0
combined,50,42,0.0,50000,random,,,,0,10,farthestpose,,,,,,,,,,,0.0,,vggt,,,,,relaxed,MCMC,colmapcams,bothpcd,Global Alignment,,Shared Cam,,,,,sfm,8.7753,1.385471,50,"{'rre': [6.329539703218317, 6.324702106416347, 6.326369159710134, 6.326442177415582, 6.327366962845232, 6.327918807039054, 6.324612187116271, 6.316639893487054, 6.353536034972119, 6.368047283590964, 6.372267670173392, 6.385232089059455, 6.425557597203262, 6.421283327112503, 6.422985009673901, 6.42749945279977, 6.434053937606944, 6.43589669081258, 6.469157998925314, 6.481782820833779, 6.5168557111850625, 6.525487380378159, 6.521961039136697, 6.531646342962704, 12.857553618405003, 12.787364709268907, 12.611022791926189, 12.412571960164964, 6.74674462316518, 6.76161518665871, 6.8229666801877915, 6.87724987727633, 6.91332773132725, 6.556803176134541, 6.664908445819265, 6.6565705609375, 6.641242638252237, 6.639239978901821, 6.626026342667382, 6.599068305848507, 5.350032242866666, 45.11401033900068, 5.474236789707036, 61.91339796036692, 5.5264685801232805, 6.332347123590673, 6.42951953587745, 6.650394556185901, 5.616078829640302, 5.4890152595903015], 'rte': [0.8965083136949993, 0.8935482338732146, 0.9032165163269626, 0.9104041155430708, 0.91247272440058, 0.909931004951225, 0.8967492882260106, 0.8957968824577236, 1.0338862090354037, 1.0410614927990351, 1.0520616431489396, 1.033370958505589, 1.1124706269316236, 1.132368131431346, 1.1382413131606868, 1.1359286209775452, 1.1333377084304324, 1.1256147027774805, 1.0960487017491314, 1.0884334113378462, 1.0682943307065635, 1.0902433532207527, 1.079267313122434, 1.056552264493015, 4.290086713409905, 4.393384146265621, 4.4691672116807935, 4.5254366296286435, 0.9666982872582021, 0.9707052208779241, 0.9590967423110341, 0.9434939190287891, 0.9328419976575782, 6.51982108043725, 0.806970792812174, 0.8074393358574318, 0.7990931412706599, 0.8053818214459421, 0.807643903155095, 0.795941979800399, 0.4662250859695622, 2.4978210704629014, 0.5104896012043189, 3.975872390231428, 0.5128195002591203, 0.569826597333415, 0.5841283476846683, 0.6085075972089092, 0.5482511115664941, 0.5706066279817174]}",/home/ojab2/work/git/vggt/combined_outputs/bonsai_2_n50_s42_combined_colmapcams_bothpcd_amglobal_relaxed_c0.0_p50000_random_farthestpose_sharedcam/eval_results.json,/home/ojab2/work/git/vggt/combined_outputs/bonsai_2_n50_s42_combined_colmapcams_bothpcd_amglobal_relaxed_c0.0_p50000_random_farthestpose_sharedcam/eval_results.json,bonsai_2_n50_s42_combined_colmapcams_bothpcd_amglobal_relaxed_c0.0_p50000_random_farthestpose_sharedcam,bonsai_2_n50_s42_combined_colmapcams_bothpcd_amglobal_relaxed_c0.0_p50000_random_farthestpose_sharedcam,,,,,,,,,,,,combined | relaxed | bothpcd,50.0
combined,75,42,0.0,75000,random,,,,0,10,farthestpose,,,,,,,,,,,0.0,,vggt,,,,,relaxed,MCMC,colmapcams,bothpcd,Global Alignment,,Shared Cam,,,,,sfm,7.568,2.074809,75,"{'rre': [7.472503643533849, 7.471480520332203, 7.469388949713367, 7.46662056464094, 7.4647698148655355, 7.46638941054873, 7.465536551167722, 7.461983350987066, 7.464689715989272, 7.475353178265202, 7.4947269527644185, 7.512801348046878, 7.513034193890277, 7.5270445943718185, 7.533394807978064, 7.538496811309789, 7.5305857173957, 7.5272950071410705, 7.573616694260306, 7.578436933723082, 7.583520686794556, 7.5885144351878715, 7.596648128966822, 7.602560439985635, 7.6009298922508926, 7.593902255173769, 7.622796137360195, 7.63648158706455, 7.640015597371577, 7.645115945240523, 7.652905843442298, 7.775663465628725, 7.7758553102553405, 7.768496714989059, 7.767070182612807, 7.488758877338644, 7.480725343612165, 7.476631000124114, 7.47218726738319, 7.469967892190153, 7.461427449622594, 7.461552031936966, 7.7075341359523835, 7.705914912006109, 7.705993114054017, 7.70811672416021, 7.72565494640084, 7.74675890426264, 7.755480935189202, 7.769454187450255, 7.478072768762985, 7.4983504991965955, 7.5004182008462985, 7.504729076726533, 7.5103695533156145, 7.515320769690033, 7.521282266600302, 7.528419773955086, 7.5408982536189155, 7.57252803973029, 7.731167847518443, 7.703810508689826, 7.680015374205645, 7.629297569610844, 7.604755616862246, 7.58879559143504, 7.589268263522002, 7.561068850088041, 7.552485837343099, 7.540182915861411, 7.515625834669214, 7.506693359788199, 7.425454667828855, 7.415145208043131, 7.38893047370039], 'rte': [1.5424441263286288, 1.5153029244503957, 1.510062274608256, 1.513551585709141, 1.5133127675620779, 1.4959320109213785, 1.4738190294108615, 1.4611764708286947, 1.4466114341147622, 1.4084680876210762, 1.401563088524966, 1.3948183355915174, 1.4194557224352253, 1.3940878708066016, 1.3786243133551384, 1.36503650647146, 1.3484363943999438, 1.3458472268090318, 1.354433174796991, 1.396627221652658, 1.438169020311971, 1.449997651418167, 1.4431241325882662, 1.436767381223818, 1.4245852437553759, 1.3724823673201, 1.3865633363124454, 1.4279153469462187, 1.4586500093640016, 1.4764678466745316, 1.4678024217234702, 1.7726188108475653, 1.8312795887072477, 1.8046451973737074, 1.7561313071742106, 3.585715682588218, 3.684929771654856, 3.799229115508212, 3.9076341647699055, 3.947715309224439, 3.961132144010609, 3.9130190325801752, 2.217995452058758, 2.2474604374784453, 2.2597282988180254, 2.298301672288826, 2.3139250008332106, 2.3174901947399893, 2.308877651756139, 2.279418686827606, 3.4012244387988853, 2.999865757592003, 2.9315364108460624, 2.897408511963218, 2.8848585871787895, 2.882681541623448, 2.866112165621269, 2.862876916642768, 2.864767608571078, 2.9526104300079696, 2.1983200637080853, 2.221685397655095, 2.2070389143490243, 2.1633018548959724, 2.1071474876346006, 2.0676696930284124, 2.0341839754996256, 1.9114978848091893, 1.9149938243169742, 1.907560392792909, 1.8544302457041875, 1.8053250030053178, 1.6595285771536654, 1.6772087823650301, 1.6674221409973358]}",/home/ojab2/work/git/vggt/combined_outputs/bonsai_2_n75_s42_combined_colmapcams_bothpcd_amglobal_relaxed_c0.0_p75000_random_farthestpose_sharedcam/eval_results.json,/home/ojab2/work/git/vggt/combined_outputs/bonsai_2_n75_s42_combined_colmapcams_bothpcd_amglobal_relaxed_c0.0_p75000_random_farthestpose_sharedcam/eval_results.json,bonsai_2_n75_s42_combined_colmapcams_bothpcd_amglobal_relaxed_c0.0_p75000_random_farthestpose_sharedcam,bonsai_2_n75_s42_combined_colmapcams_bothpcd_amglobal_relaxed_c0.0_p75000_random_farthestpose_sharedcam,,,,,,,,,,,,combined | relaxed | bothpcd,75.0
combined,100,42,0.0,100000,random,,,,0,10,farthestpose,,,,,,,,,,,0.0,,vggt,,,,,relaxed,MCMC,colmapcams,bothpcd,Global Alignment,,Shared Cam,,,,,sfm,0.0819,0.007596,100,"{'rre': [0.07232362924089555, 0.06880547005989242, 0.07463375531853035, 0.07612966708762216, 0.0744330825544321, 0.07215905749713751, 0.07597895698114804, 0.08073560559428863, 0.07460589806745331, 0.07054730600871842, 0.05982312968070712, 0.060081995684829505, 0.05299070567461644, 0.04828133726376065, 0.04838862186095867, 0.04585903067958203, 0.04271182242409346, 0.04021106103867236, 0.03764064356980446, 0.039818961931538256, 0.04407164379720935, 0.04982450412113893, 0.053080846502841235, 0.03268366439824922, 0.028106587236821166, 0.026853914388574863, 0.029459138630753074, 0.03247923495287285, 0.03418191460891945, 0.03702942004892368, 0.03996064607405593, 0.044364192412608465, 0.03969154058005127, 0.03858357529073806, 0.03963480896934197, 0.039657476046934724, 0.03856834821514543, 0.04086460751845794, 0.04469486479291307, 0.19849906967533426, 0.16579595371539083, 0.16514079202722623, 0.16588778887540778, 0.16939203241420506, 0.17559571221231435, 0.122683510075668, 0.11562201164766053, 0.11019647124361108, 0.1074232060097419, 0.0995714379151973, 0.0946873145279442, 0.08772008649587011, 0.09684642437262539, 0.10739827394336326, 0.0290959931469282, 0.03069093386641154, 0.02907904076958504, 0.027378392435785808, 0.02394829445950142, 0.024937018751921346, 0.02999517834896169, 0.040012118985730476, 0.048723360378984636, 0.05590914148484751, 0.09767924413272536, 0.10238550710922623, 0.09944787309538969, 0.0928780105274041, 0.0911870406886787, 0.09489811117844145, 0.10092119816151736, 0.10448143352382395, 0.10327177169950114, 0.10595435478940356, 0.10963494706612428, 0.11824194180034711, 0.1239930342901156, 0.12997241757877245, 0.0997560055727085, 0.09805010323319874, 0.11245320831663759, 0.11930279539763396, 0.11550518643213438, 0.11691213939961453, 0.1249277354028751, 0.12713182496972653, 0.13589929129788617, 0.11733687270433381, 0.1174931267097233, 0.11656107949628025, 0.12150176411947289, 0.11986556827522073, 0.11728815626753887, 0.11142309327604605, 0.09678236074373782, 0.09818949476065963, 0.10321389133698639, 0.09800550880426823, 0.08849231964885648, 0.08806471367375225], 'rte': [0.005030052656270502, 0.005002202122119282, 0.0045222308133750526, 0.004282152998084799, 0.003754456978744095, 0.003451862716693001, 0.0029107569998833988, 0.002127300993612853, 0.0020261209005488947, 0.002560513021153015, 0.0035991784929737896, 0.003881333808262215, 0.0056858412323054506, 0.0053954931968880635, 0.00600136329084702, 0.006244238441706192, 0.006122111389856847, 0.006161209606654679, 0.005500938490360301, 0.004902792403711806, 0.00479054180004501, 0.004499936652883841, 0.004497922877486027, 0.005470977002356824, 0.0052956289461151464, 0.005420538288876124, 0.00525308752405592, 0.0043353565699929065, 0.0035012911320823114, 0.0035910302662330107, 0.0033395536302900574, 0.004585771828234147, 0.0038442991230272527, 0.004000064652211543, 0.004091100892249603, 0.004341882374291364, 0.005092260610841268, 0.005833164870743936, 0.00597323766147703, 0.02403769353924411, 0.023407074273902522, 0.02418250243197624, 0.024059435958866324, 0.02424358665393667, 0.025094289930530877, 0.015064538817136887, 0.013900279720478099, 0.013195527906541379, 0.012774715948363623, 0.011722847940495164, 0.010717588162529004, 0.009716388486703103, 0.010313281506069787, 0.01110228315548096, 0.0030873742328792154, 0.003508264652309358, 0.003854131334093163, 0.00463042982434651, 0.00482159815978919, 0.005271046187384686, 0.005809029534284077, 0.00661230264898615, 0.007379778701025755, 0.00778888050912046, 0.01059053030689337, 0.010619172825224097, 0.011733680667118744, 0.01163045528227644, 0.011325178459199045, 0.011621223555996249, 0.011737889844718583, 0.012009095186547972, 0.011747989893741196, 0.011845208140060995, 0.012166246136498901, 0.012580438334252608, 0.012837509745892184, 0.013219047846541137, 0.008745194989468474, 0.007428184479535361, 0.006887220011374153, 0.006243747872747233, 0.005887845107068327, 0.006165884254922355, 0.006711889767727869, 0.007033373177862552, 0.007973616668774181, 0.002286724483003141, 0.0022435044733523143, 0.0021438949307984183, 0.0025369636003362093, 0.002551098426767631, 0.002111148739452721, 0.0020197289295893965, 0.005499625466841093, 0.006018372712617568, 0.006967408193848341, 0.007364659499993867, 0.0029159064956699207, 0.003010597244614605]}",/home/ojab2/work/git/vggt/combined_outputs/bonsai_2_n100_s42_combined_colmapcams_bothpcd_amglobal_relaxed_c0.0_p100000_random_farthestpose_sharedcam/eval_results.json,/home/ojab2/work/git/vggt/combined_outputs/bonsai_2_n100_s42_combined_colmapcams_bothpcd_amglobal_relaxed_c0.0_p100000_random_farthestpose_sharedcam/eval_results.json,bonsai_2_n100_s42_combined_colmapcams_bothpcd_amglobal_relaxed_c0.0_p100000_random_farthestpose_sharedcam,bonsai_2_n100_s42_combined_colmapcams_bothpcd_amglobal_relaxed_c0.0_p100000_random_farthestpose_sharedcam,,,,,,,,,,,,combined | relaxed | bothpcd,100.0
combined,25,42,0.0,25000,random,,,,0,10,farthestpose,,,,,,,,,,,0.0,,vggt,,,,,relaxed,MCMC,colmapcams,vggtpcd,Global Alignment,,Shared Cam,,,,,sfm,111.6314,4.095362,23,"{'rre': [80.06131848838639, 80.07894620096063, 80.06693778290195, 80.05145466325664, 80.11643283572164, 80.09437027062867, 80.0917223629268, 80.09233484972704, 80.08153448537382, 80.10357508764685, 80.06017826729594, 80.12087834686193, 163.2372673578013, 163.3023840243668, 129.8583495379674, 163.71964815198965, 163.71201617145712, 163.73691499241272, 159.26528910833355, 179.1173531882744, 160.71834308631173, 79.72253987134974, 80.1116316613145], 'rte': [3.6637641070341336, 3.4815691032264957, 3.359908369260317, 3.3483521852717915, 4.055383239401964, 4.385631787922587, 4.406598544550225, 4.365286875703604, 4.27761717741357, 4.017466653611583, 3.5684854357021027, 3.497352405477054, 4.849357906176094, 4.798836108123369, 4.649594166120206, 4.328905095047148, 4.326833297499641, 4.297858172443278, 4.107708890218495, 5.293307808792565, 4.14908230359051, 3.6169885583098838, 3.347438474273994]}",/home/ojab2/work/git/vggt/combined_outputs/bonsai_2_n25_s42_combined_colmapcams_vggtpcd_amglobal_relaxed_c0.0_p25000_random_farthestpose_sharedcam/eval_results.json,/home/ojab2/work/git/vggt/combined_outputs/bonsai_2_n25_s42_combined_colmapcams_vggtpcd_amglobal_relaxed_c0.0_p25000_random_farthestpose_sharedcam/eval_results.json,bonsai_2_n25_s42_combined_colmapcams_vggtpcd_amglobal_relaxed_c0.0_p25000_random_farthestpose_sharedcam,bonsai_2_n25_s42_combined_colmapcams_vggtpcd_amglobal_relaxed_c0.0_p25000_random_farthestpose_sharedcam,,,,,,,,,,,,combined | relaxed | vggtpcd,25.0
combined,50,42,0.0,50000,random,,,,0,10,farthestpose,,,,,,,,,,,0.0,,vggt,,,,,relaxed,MCMC,colmapcams,vggtpcd,Global Alignment,,Shared Cam,,,,,sfm,8.7753,1.385471,50,"{'rre': [6.329539703218317, 6.324702106416347, 6.326369159710134, 6.326442177415582, 6.327366962845232, 6.327918807039054, 6.324612187116271, 6.316639893487054, 6.353536034972119, 6.368047283590964, 6.372267670173392, 6.385232089059455, 6.425557597203262, 6.421283327112503, 6.422985009673901, 6.42749945279977, 6.434053937606944, 6.43589669081258, 6.469157998925314, 6.481782820833779, 6.5168557111850625, 6.525487380378159, 6.521961039136697, 6.531646342962704, 12.857553618405003, 12.787364709268907, 12.611022791926189, 12.412571960164964, 6.74674462316518, 6.76161518665871, 6.8229666801877915, 6.87724987727633, 6.91332773132725, 6.556803176134541, 6.664908445819265, 6.6565705609375, 6.641242638252237, 6.639239978901821, 6.626026342667382, 6.599068305848507, 5.350032242866666, 45.11401033900068, 5.474236789707036, 61.91339796036692, 5.5264685801232805, 6.332347123590673, 6.42951953587745, 6.650394556185901, 5.616078829640302, 5.4890152595903015], 'rte': [0.8965083136949993, 0.8935482338732146, 0.9032165163269626, 0.9104041155430708, 0.91247272440058, 0.909931004951225, 0.8967492882260106, 0.8957968824577236, 1.0338862090354037, 1.0410614927990351, 1.0520616431489396, 1.033370958505589, 1.1124706269316236, 1.132368131431346, 1.1382413131606868, 1.1359286209775452, 1.1333377084304324, 1.1256147027774805, 1.0960487017491314, 1.0884334113378462, 1.0682943307065635, 1.0902433532207527, 1.079267313122434, 1.056552264493015, 4.290086713409905, 4.393384146265621, 4.4691672116807935, 4.5254366296286435, 0.9666982872582021, 0.9707052208779241, 0.9590967423110341, 0.9434939190287891, 0.9328419976575782, 6.51982108043725, 0.806970792812174, 0.8074393358574318, 0.7990931412706599, 0.8053818214459421, 0.807643903155095, 0.795941979800399, 0.4662250859695622, 2.4978210704629014, 0.5104896012043189, 3.975872390231428, 0.5128195002591203, 0.569826597333415, 0.5841283476846683, 0.6085075972089092, 0.5482511115664941, 0.5706066279817174]}",/home/ojab2/work/git/vggt/combined_outputs/bonsai_2_n50_s42_combined_colmapcams_vggtpcd_amglobal_relaxed_c0.0_p50000_random_farthestpose_sharedcam/eval_results.json,/home/ojab2/work/git/vggt/combined_outputs/bonsai_2_n50_s42_combined_colmapcams_vggtpcd_amglobal_relaxed_c0.0_p50000_random_farthestpose_sharedcam/eval_results.json,bonsai_2_n50_s42_combined_colmapcams_vggtpcd_amglobal_relaxed_c0.0_p50000_random_farthestpose_sharedcam,bonsai_2_n50_s42_combined_colmapcams_vggtpcd_amglobal_relaxed_c0.0_p50000_random_farthestpose_sharedcam,,,,,,,,,,,,combined | relaxed | vggtpcd,50.0
combined,75,42,0.0,75000,random,,,,0,10,farthestpose,,,,,,,,,,,0.0,,vggt,,,,,relaxed,MCMC,colmapcams,vggtpcd,Global Alignment,,Shared Cam,,,,,sfm,7.568,2.074809,75,"{'rre': [7.472503643533849, 7.471480520332203, 7.469388949713367, 7.46662056464094, 7.4647698148655355, 7.46638941054873, 7.465536551167722, 7.461983350987066, 7.464689715989272, 7.475353178265202, 7.4947269527644185, 7.512801348046878, 7.513034193890277, 7.5270445943718185, 7.533394807978064, 7.538496811309789, 7.5305857173957, 7.5272950071410705, 7.573616694260306, 7.578436933723082, 7.583520686794556, 7.5885144351878715, 7.596648128966822, 7.602560439985635, 7.6009298922508926, 7.593902255173769, 7.622796137360195, 7.63648158706455, 7.640015597371577, 7.645115945240523, 7.652905843442298, 7.775663465628725, 7.7758553102553405, 7.768496714989059, 7.767070182612807, 7.488758877338644, 7.480725343612165, 7.476631000124114, 7.47218726738319, 7.469967892190153, 7.461427449622594, 7.461552031936966, 7.7075341359523835, 7.705914912006109, 7.705993114054017, 7.70811672416021, 7.72565494640084, 7.74675890426264, 7.755480935189202, 7.769454187450255, 7.478072768762985, 7.4983504991965955, 7.5004182008462985, 7.504729076726533, 7.5103695533156145, 7.515320769690033, 7.521282266600302, 7.528419773955086, 7.5408982536189155, 7.57252803973029, 7.731167847518443, 7.703810508689826, 7.680015374205645, 7.629297569610844, 7.604755616862246, 7.58879559143504, 7.589268263522002, 7.561068850088041, 7.552485837343099, 7.540182915861411, 7.515625834669214, 7.506693359788199, 7.425454667828855, 7.415145208043131, 7.38893047370039], 'rte': [1.5424441263286288, 1.5153029244503957, 1.510062274608256, 1.513551585709141, 1.5133127675620779, 1.4959320109213785, 1.4738190294108615, 1.4611764708286947, 1.4466114341147622, 1.4084680876210762, 1.401563088524966, 1.3948183355915174, 1.4194557224352253, 1.3940878708066016, 1.3786243133551384, 1.36503650647146, 1.3484363943999438, 1.3458472268090318, 1.354433174796991, 1.396627221652658, 1.438169020311971, 1.449997651418167, 1.4431241325882662, 1.436767381223818, 1.4245852437553759, 1.3724823673201, 1.3865633363124454, 1.4279153469462187, 1.4586500093640016, 1.4764678466745316, 1.4678024217234702, 1.7726188108475653, 1.8312795887072477, 1.8046451973737074, 1.7561313071742106, 3.585715682588218, 3.684929771654856, 3.799229115508212, 3.9076341647699055, 3.947715309224439, 3.961132144010609, 3.9130190325801752, 2.217995452058758, 2.2474604374784453, 2.2597282988180254, 2.298301672288826, 2.3139250008332106, 2.3174901947399893, 2.308877651756139, 2.279418686827606, 3.4012244387988853, 2.999865757592003, 2.9315364108460624, 2.897408511963218, 2.8848585871787895, 2.882681541623448, 2.866112165621269, 2.862876916642768, 2.864767608571078, 2.9526104300079696, 2.1983200637080853, 2.221685397655095, 2.2070389143490243, 2.1633018548959724, 2.1071474876346006, 2.0676696930284124, 2.0341839754996256, 1.9114978848091893, 1.9149938243169742, 1.907560392792909, 1.8544302457041875, 1.8053250030053178, 1.6595285771536654, 1.6772087823650301, 1.6674221409973358]}",/home/ojab2/work/git/vggt/combined_outputs/bonsai_2_n75_s42_combined_colmapcams_vggtpcd_amglobal_relaxed_c0.0_p75000_random_farthestpose_sharedcam/eval_results.json,/home/ojab2/work/git/vggt/combined_outputs/bonsai_2_n75_s42_combined_colmapcams_vggtpcd_amglobal_relaxed_c0.0_p75000_random_farthestpose_sharedcam/eval_results.json,bonsai_2_n75_s42_combined_colmapcams_vggtpcd_amglobal_relaxed_c0.0_p75000_random_farthestpose_sharedcam,bonsai_2_n75_s42_combined_colmapcams_vggtpcd_amglobal_relaxed_c0.0_p75000_random_farthestpose_sharedcam,,,,,,,,,,,,combined | relaxed | vggtpcd,75.0
combined,100,42,0.0,100000,random,,,,0,10,farthestpose,,,,,,,,,,,0.0,,vggt,,,,,relaxed,MCMC,colmapcams,vggtpcd,Global Alignment,,Shared Cam,,,,,sfm,0.0819,0.007596,100,"{'rre': [0.07232362924089555, 0.06880547005989242, 0.07463375531853035, 0.07612966708762216, 0.0744330825544321, 0.07215905749713751, 0.07597895698114804, 0.08073560559428863, 0.07460589806745331, 0.07054730600871842, 0.05982312968070712, 0.060081995684829505, 0.05299070567461644, 0.04828133726376065, 0.04838862186095867, 0.04585903067958203, 0.04271182242409346, 0.04021106103867236, 0.03764064356980446, 0.039818961931538256, 0.04407164379720935, 0.04982450412113893, 0.053080846502841235, 0.03268366439824922, 0.028106587236821166, 0.026853914388574863, 0.029459138630753074, 0.03247923495287285, 0.03418191460891945, 0.03702942004892368, 0.03996064607405593, 0.044364192412608465, 0.03969154058005127, 0.03858357529073806, 0.03963480896934197, 0.039657476046934724, 0.03856834821514543, 0.04086460751845794, 0.04469486479291307, 0.19849906967533426, 0.16579595371539083, 0.16514079202722623, 0.16588778887540778, 0.16939203241420506, 0.17559571221231435, 0.122683510075668, 0.11562201164766053, 0.11019647124361108, 0.1074232060097419, 0.0995714379151973, 0.0946873145279442, 0.08772008649587011, 0.09684642437262539, 0.10739827394336326, 0.0290959931469282, 0.03069093386641154, 0.02907904076958504, 0.027378392435785808, 0.02394829445950142, 0.024937018751921346, 0.02999517834896169, 0.040012118985730476, 0.048723360378984636, 0.05590914148484751, 0.09767924413272536, 0.10238550710922623, 0.09944787309538969, 0.0928780105274041, 0.0911870406886787, 0.09489811117844145, 0.10092119816151736, 0.10448143352382395, 0.10327177169950114, 0.10595435478940356, 0.10963494706612428, 0.11824194180034711, 0.1239930342901156, 0.12997241757877245, 0.0997560055727085, 0.09805010323319874, 0.11245320831663759, 0.11930279539763396, 0.11550518643213438, 0.11691213939961453, 0.1249277354028751, 0.12713182496972653, 0.13589929129788617, 0.11733687270433381, 0.1174931267097233, 0.11656107949628025, 0.12150176411947289, 0.11986556827522073, 0.11728815626753887, 0.11142309327604605, 0.09678236074373782, 0.09818949476065963, 0.10321389133698639, 0.09800550880426823, 0.08849231964885648, 0.08806471367375225], 'rte': [0.005030052656270502, 0.005002202122119282, 0.0045222308133750526, 0.004282152998084799, 0.003754456978744095, 0.003451862716693001, 0.0029107569998833988, 0.002127300993612853, 0.0020261209005488947, 0.002560513021153015, 0.0035991784929737896, 0.003881333808262215, 0.0056858412323054506, 0.0053954931968880635, 0.00600136329084702, 0.006244238441706192, 0.006122111389856847, 0.006161209606654679, 0.005500938490360301, 0.004902792403711806, 0.00479054180004501, 0.004499936652883841, 0.004497922877486027, 0.005470977002356824, 0.0052956289461151464, 0.005420538288876124, 0.00525308752405592, 0.0043353565699929065, 0.0035012911320823114, 0.0035910302662330107, 0.0033395536302900574, 0.004585771828234147, 0.0038442991230272527, 0.004000064652211543, 0.004091100892249603, 0.004341882374291364, 0.005092260610841268, 0.005833164870743936, 0.00597323766147703, 0.02403769353924411, 0.023407074273902522, 0.02418250243197624, 0.024059435958866324, 0.02424358665393667, 0.025094289930530877, 0.015064538817136887, 0.013900279720478099, 0.013195527906541379, 0.012774715948363623, 0.011722847940495164, 0.010717588162529004, 0.009716388486703103, 0.010313281506069787, 0.01110228315548096, 0.0030873742328792154, 0.003508264652309358, 0.003854131334093163, 0.00463042982434651, 0.00482159815978919, 0.005271046187384686, 0.005809029534284077, 0.00661230264898615, 0.007379778701025755, 0.00778888050912046, 0.01059053030689337, 0.010619172825224097, 0.011733680667118744, 0.01163045528227644, 0.011325178459199045, 0.011621223555996249, 0.011737889844718583, 0.012009095186547972, 0.011747989893741196, 0.011845208140060995, 0.012166246136498901, 0.012580438334252608, 0.012837509745892184, 0.013219047846541137, 0.008745194989468474, 0.007428184479535361, 0.006887220011374153, 0.006243747872747233, 0.005887845107068327, 0.006165884254922355, 0.006711889767727869, 0.007033373177862552, 0.007973616668774181, 0.002286724483003141, 0.0022435044733523143, 0.0021438949307984183, 0.0025369636003362093, 0.002551098426767631, 0.002111148739452721, 0.0020197289295893965, 0.005499625466841093, 0.006018372712617568, 0.006967408193848341, 0.007364659499993867, 0.0029159064956699207, 0.003010597244614605]}",/home/ojab2/work/git/vggt/combined_outputs/bonsai_2_n100_s42_combined_colmapcams_vggtpcd_amglobal_relaxed_c0.0_p100000_random_farthestpose_sharedcam/eval_results.json,/home/ojab2/work/git/vggt/combined_outputs/bonsai_2_n100_s42_combined_colmapcams_vggtpcd_amglobal_relaxed_c0.0_p100000_random_farthestpose_sharedcam/eval_results.json,bonsai_2_n100_s42_combined_colmapcams_vggtpcd_amglobal_relaxed_c0.0_p100000_random_farthestpose_sharedcam,bonsai_2_n100_s42_combined_colmapcams_vggtpcd_amglobal_relaxed_c0.0_p100000_random_farthestpose_sharedcam,,,,,,,,,,,,combined | relaxed | vggtpcd,100.0
colmap,25,42,,,,,,,0,10,farthestpose,,,,,,,,,,,0.0,,vggt,,,,,relaxed,MCMC,,,,,Shared Cam,,,,,sfm,111.6314,4.095362,23,"{'rre': [80.06131848838646, 80.07894620096073, 80.06693778290202, 80.05145466325672, 80.11643283572172, 80.09437027062877, 80.09172236292689, 80.09233484972714, 80.08153448537391, 80.10357508764692, 80.06017826729604, 80.12087834686201, 163.23726735780133, 163.3023840243668, 129.85834953796748, 163.71964815198967, 163.71201617145715, 163.73691499241275, 159.2652891083335, 179.11735318827397, 160.71834308631173, 79.72253987134982, 80.1116316613146], 'rte': [3.6637641070341336, 3.481569103226496, 3.3599083692603173, 3.348352185271792, 4.055383239401965, 4.385631787922588, 4.406598544550225, 4.365286875703604, 4.277617177413571, 4.017466653611583, 3.5684854357021027, 3.497352405477054, 4.849357906176093, 4.798836108123369, 4.649594166120206, 4.328905095047148, 4.32683329749964, 4.297858172443277, 4.107708890218494, 5.293307808792563, 4.14908230359051, 3.616988558309885, 3.3474384742739955]}",/home/ojab2/work/git/vggt/colmap_outputs/bonsai_2_n25_s42_relaxed_farthestpose_sharedcam/eval_results.json,/home/ojab2/work/git/vggt/colmap_outputs/bonsai_2_n25_s42_relaxed_farthestpose_sharedcam/eval_results.json,bonsai_2_n25_s42_relaxed_farthestpose_sharedcam,bonsai_2_n25_s42_relaxed_farthestpose_sharedcam,,,,,,,,,,,,colmap | relaxed | ,25.0
colmap,50,42,,,,,,,0,10,farthestpose,,,,,,,,,,,0.0,,vggt,,,,,relaxed,MCMC,,,,,Shared Cam,,,,,sfm,8.7753,1.385471,50,"{'rre': [6.329539703218549, 6.324702106416694, 6.3263691597103655, 6.326442177415814, 6.327366962845578, 6.3279188070392856, 6.324612187116502, 6.316639893487401, 6.3535360349723495, 6.368047283591194, 6.372267670173621, 6.385232089059684, 6.42555759720349, 6.421283327112618, 6.42298500967413, 6.42749945280011, 6.434053937607285, 6.43589669081292, 6.4691579989256525, 6.481782820834004, 6.516855711185396, 6.525487380378382, 6.521961039137032, 6.531646342962927, 12.857553618405117, 12.787364709269077, 12.611022791926306, 12.412571960165142, 6.746744623165614, 6.761615186659142, 6.822966680187897, 6.877249877276543, 6.913327731327779, 6.556803176134541, 6.6649084458191545, 6.6565705609375, 6.641242638252566, 6.639239978902152, 6.626026342667602, 6.599068305848839, 5.350032242866939, 45.11401033900069, 5.4742367897074375, 61.91339796036696, 5.526468580123543, 6.332347123591481, 6.429519535877678, 6.650394556186231, 5.616078829640693, 5.4890152595907], 'rte': [0.8965083136950011, 0.8935482338732171, 0.9032165163269641, 0.910404115543073, 0.9124727244005814, 0.9099310049512261, 0.8967492882260114, 0.895796882457723, 1.033886209035405, 1.0410614927990365, 1.0520616431489411, 1.0333709585055908, 1.112470626931624, 1.132368131431347, 1.1382413131606877, 1.1359286209775463, 1.1333377084304335, 1.125614702777481, 1.096048701749132, 1.0884334113378469, 1.0682943307065647, 1.090243353220754, 1.0792673131224353, 1.0565522644930159, 4.290086713409906, 4.393384146265621, 4.469167211680793, 4.525436629628642, 0.9666982872582035, 0.9707052208779265, 0.959096742311035, 0.943493919028791, 0.932841997657582, 6.519821080437252, 0.8069707928121731, 0.8074393358574319, 0.7990931412706612, 0.8053818214459433, 0.8076439031550959, 0.7959419798003996, 0.46622508596956364, 2.4978210704629022, 0.5104896012043209, 3.9758723902314266, 0.5128195002591209, 0.5698265973334186, 0.5841283476846694, 0.6085075972089101, 0.548251111566497, 0.5706066279817188]}",/home/ojab2/work/git/vggt/colmap_outputs/bonsai_2_n50_s42_relaxed_farthestpose_sharedcam/eval_results.json,/home/ojab2/work/git/vggt/colmap_outputs/bonsai_2_n50_s42_relaxed_farthestpose_sharedcam/eval_results.json,bonsai_2_n50_s42_relaxed_farthestpose_sharedcam,bonsai_2_n50_s42_relaxed_farthestpose_sharedcam,,,,,,,,,,,,colmap | relaxed | ,50.0
colmap,75,42,,,,,,,0,10,farthestpose,,,,,,,,,,,0.0,,vggt,,,,,relaxed,MCMC,,,,,Shared Cam,,,,,sfm,7.568,2.074809,75,"{'rre': [7.472503643533948, 7.471480520332203, 7.469388949713466, 7.46662056464094, 7.4647698148655355, 7.466389410548828, 7.465536551167722, 7.461983350987165, 7.464689715989272, 7.475353178265202, 7.494726952764612, 7.512801348046878, 7.513034193890277, 7.5270445943718185, 7.533394807977968, 7.538496811309789, 7.530585717395603, 7.5272950071410705, 7.573616694260306, 7.578436933723179, 7.583520686794653, 7.5885144351878715, 7.596648128966919, 7.602560439985635, 7.600929892250988, 7.593902255173865, 7.622796137360195, 7.636481587064646, 7.640015597371577, 7.645115945240618, 7.65290584344249, 7.775663465628725, 7.775855310255434, 7.768496714989059, 7.767070182612713, 7.488758877338644, 7.480725343612262, 7.476631000124311, 7.472187267383386, 7.469967892190251, 7.461427449622594, 7.461552031937066, 7.707534135952479, 7.705914912006015, 7.7059931140544915, 7.7081167241600195, 7.72565494640084, 7.746758904262547, 7.755480935189202, 7.769454187450348, 7.478072768762985, 7.498350499196497, 7.500418200846395, 7.504729076726533, 7.510369553315519, 7.515320769690033, 7.521282266600497, 7.528419773955086, 7.540898253619014, 7.5725280397300985, 7.731167847518443, 7.703810508689826, 7.680015374205742, 7.629297569610941, 7.6047556168623425, 7.58879559143504, 7.589268263521907, 7.561068850088331, 7.552485837343487, 7.540182915861506, 7.515625834669214, 7.506693359788199, 7.425454667828955, 7.4151452080430325, 7.388930473700192], 'rte': [1.542444126328629, 1.515302924450396, 1.5100622746082561, 1.5135515857091408, 1.5133127675620786, 1.4959320109213796, 1.473819029410862, 1.4611764708286947, 1.4466114341147631, 1.4084680876210764, 1.4015630885249657, 1.3948183355915176, 1.4194557224352258, 1.3940878708066018, 1.3786243133551384, 1.365036506471461, 1.3484363943999442, 1.3458472268090322, 1.3544331747969922, 1.3966272216526596, 1.438169020311973, 1.4499976514181687, 1.443124132588267, 1.4367673812238202, 1.4245852437553772, 1.3724823673201008, 1.3865633363124474, 1.4279153469462205, 1.4586500093640034, 1.4764678466745338, 1.4678024217234726, 1.7726188108475667, 1.8312795887072488, 1.8046451973737092, 1.7561313071742117, 3.5857156825882193, 3.684929771654857, 3.7992291155082114, 3.9076341647699055, 3.947715309224439, 3.9611321440106084, 3.9130190325801752, 2.2179954520587573, 2.247460437478444, 2.259728298818028, 2.298301672288825, 2.3139250008332106, 2.317490194739989, 2.308877651756139, 2.279418686827606, 3.401224438798883, 2.9998657575920027, 2.93153641084606, 2.8974085119632162, 2.8848585871787904, 2.882681541623447, 2.866112165621268, 2.8628769166427652, 2.864767608571077, 2.9526104300079714, 2.198320063708086, 2.221685397655096, 2.2070389143490257, 2.1633018548959737, 2.107147487634602, 2.0676696930284133, 2.034183975499627, 1.9114978848091906, 1.914993824316976, 1.90756039279291, 1.8544302457041888, 1.8053250030053187, 1.659528577153666, 1.6772087823650306, 1.6674221409973358]}",/home/ojab2/work/git/vggt/colmap_outputs/bonsai_2_n75_s42_relaxed_farthestpose_sharedcam/eval_results.json,/home/ojab2/work/git/vggt/colmap_outputs/bonsai_2_n75_s42_relaxed_farthestpose_sharedcam/eval_results.json,bonsai_2_n75_s42_relaxed_farthestpose_sharedcam,bonsai_2_n75_s42_relaxed_farthestpose_sharedcam,,,,,,,,,,,,colmap | relaxed | ,75.0
colmap,100,42,,,,,,,0,10,farthestpose,,,,,,,,,,,0.0,,vggt,,,,,relaxed,MCMC,,,,,Shared Cam,,,,,sfm,0.0819,0.007596,100,"{'rre': [0.07232362924089555, 0.0688054700704865, 0.07463375533806386, 0.07612966708762216, 0.07443308257401829, 0.07215905749713751, 0.0759789570003357, 0.08073560560331725, 0.07460589806745331, 0.07054730601905093, 0.059823129692891865, 0.060081995696961744, 0.052990705702128035, 0.04828133726376065, 0.04838862189108682, 0.04585903069547703, 0.042711822458225905, 0.040211061056799946, 0.03764064358916995, 0.03981896194984435, 0.04407164383028865, 0.04982450413576887, 0.053080846502841235, 0.03268366439824922, 0.028106587236821166, 0.026853914442863374, 0.02945913865549682, 0.032479234997758726, 0.03418191460891945, 0.03702942006860883, 0.03996064609229712, 0.04436419244546964, 0.03969154061678099, 0.0385835753285225, 0.03963480900612426, 0.03965747608369599, 0.03856834821514543, 0.04086460753629561, 0.0446948648092221, 0.1984990696790065, 0.16579595372418393, 0.16514079203164023, 0.1658877888798019, 0.1693920324271147, 0.17559571221231435, 0.12268351009349264, 0.11562201163505169, 0.11019647125022589, 0.1074232060165275, 0.0995714379151973, 0.0946873145279442, 0.08772008652910901, 0.09684642438015205, 0.10739827395015043, 0.02909599309682305, 0.03069093396141412, 0.02907904079465222, 0.027378392489034332, 0.02394829448993906, 0.024937018781152162, 0.02999517837326324, 0.040012119022165914, 0.048723360378984636, 0.05590914148484751, 0.09767924414018783, 0.10238550712346514, 0.09944787310271945, 0.0928780105431006, 0.09118704070466627, 0.09489811118612264, 0.10092119816151736, 0.1044814335308006, 0.10327177171361786, 0.10595435478940356, 0.10963494707277296, 0.11824194178801767, 0.123993034307752, 0.1299724175955975, 0.09975600558732275, 0.09805010323319874, 0.11245320832960173, 0.11930279539763396, 0.11550518644475596, 0.11691213939337969, 0.1249277353970403, 0.12713182497546016, 0.13589929130324993, 0.11733687270433381, 0.11749312669111123, 0.11656107950253386, 0.12150176413147155, 0.11986556829346438, 0.11728815627375372, 0.11142309328913004, 0.09678236075126945, 0.09818949475323593, 0.10321389134404871, 0.09800550881914351, 0.08849231965709368, 0.08806471368202946], 'rte': [0.005030052656267484, 0.0050022021221163135, 0.00452223081337191, 0.004282152998081977, 0.0037544569787408533, 0.0034518627166900983, 0.0029107569998809034, 0.002127300993610731, 0.0020261209005468135, 0.002560513021150708, 0.003599178492971579, 0.0038813338082600486, 0.005685841232303006, 0.0053954931968857815, 0.006001363290844521, 0.006244238441703304, 0.006122111389854295, 0.006161209606652132, 0.005500938490357928, 0.00490279240370944, 0.004790541800042609, 0.004499936652881751, 0.004497922877483724, 0.0054709770023541856, 0.005295628946113562, 0.00542053828887286, 0.005253087524054513, 0.004335356569991613, 0.003501291132080422, 0.003591030266231027, 0.0033395536302899867, 0.004585771828234801, 0.003844299123027261, 0.004000064652211887, 0.0040911008922508724, 0.004341882374291174, 0.005092260610841694, 0.005833164870744784, 0.005973237661477578, 0.02403769353924288, 0.023407074273900968, 0.02418250243197485, 0.024059435958864978, 0.024243586653937433, 0.02509428993052983, 0.015064538817137192, 0.013900279720472159, 0.013195527906539495, 0.012774715948361602, 0.011722847940492782, 0.010717588162527181, 0.00971638848669997, 0.0103132815060676, 0.011102283155478624, 0.003087374232879238, 0.0035082646523146637, 0.003854131334096322, 0.004630429824349281, 0.004821598159792009, 0.005271046187387874, 0.005809029534286793, 0.006612302648988806, 0.00737977870102787, 0.0077888805091222086, 0.010590530306893164, 0.010619172825223953, 0.011733680667119705, 0.011630455282277477, 0.011325178459199515, 0.011621223555997255, 0.011737889844717814, 0.012009095186549261, 0.011747989893742474, 0.01184520814006226, 0.012166246136499855, 0.012580438334251248, 0.012837509745893486, 0.013219047846542825, 0.008745194989468377, 0.007428184479535262, 0.006887220011374244, 0.006243747872746346, 0.005887845107069758, 0.006165884254923852, 0.006711889767727375, 0.00703337317786412, 0.007973616668775699, 0.0022867244830032172, 0.002243504473351725, 0.0021438949307977426, 0.002536963600335834, 0.0025510984267649206, 0.0021111487394518866, 0.002019728929588218, 0.005499625466839347, 0.006018372712617738, 0.00696740819384546, 0.007364659499991667, 0.0029159064956679184, 0.003010597244611475]}",/home/ojab2/work/git/vggt/colmap_outputs/bonsai_2_n100_s42_relaxed_farthestpose_sharedcam/eval_results.json,/home/ojab2/work/git/vggt/colmap_outputs/bonsai_2_n100_s42_relaxed_farthestpose_sharedcam/eval_results.json,bonsai_2_n100_s42_relaxed_farthestpose_sharedcam,bonsai_2_n100_s42_relaxed_farthestpose_sharedcam,,,,,,,,,,,,colmap | relaxed | ,100.0
vggt,25,42,0.0,25000,random,,,,0,10,farthestpose,,,,,,,,,,,0.0,,vggt,,,,,,MCMC,,,,,,,,,,sfm,0.9517,0.109315,25,"{'rre': [0.3708163763271159, 0.2469163859435757, 0.4526846861339921, 0.638655167542561, 0.4527392677068276, 0.6207421134994368, 0.7241216098479534, 0.8348267186082419, 0.757375618342968, 0.40474595418494697, 0.9643037669780095, 1.2819463564225302, 2.39708817702267, 2.997967672914776, 0.13695912817198092, 0.43967979032722315, 1.7946380041558503, 1.358654861085734, 0.7789911775658399, 1.3620726324086638, 1.068005081404444, 1.3148071072929208, 1.485836340760123, 0.46902004170304046, 0.43838141722562163], 'rte': [0.07613752076451027, 0.07241374128869046, 0.07187649126119722, 0.07814274199961758, 0.0398146114470753, 0.022095492882084403, 0.017973374623804567, 0.01160133367755312, 0.06376818262925352, 0.0813592197935716, 0.11955379068345771, 0.13183447531115153, 0.11111004337679478, 0.1775797250381451, 0.08060631132983365, 0.12257956983098423, 0.08304476190215919, 0.27795867030536714, 0.2078031213680612, 0.22386982455316987, 0.11026574096637219, 0.13215286890390854, 0.12091803185043885, 0.13069390851775048, 0.16771264950536094]}",/home/ojab2/work/git/vggt/vggt_outputs/bonsai_2_n25_s42_c0.0_p25000_random_farthestpose/eval_results.json,/home/ojab2/work/git/vggt/vggt_outputs/bonsai_2_n25_s42_c0.0_p25000_random_farthestpose/eval_results.json,bonsai_2_n25_s42_c0.0_p25000_random_farthestpose,bonsai_2_n25_s42_c0.0_p25000_random_farthestpose,,,,,,,,,,,,vggt |  | ,25.0
vggt,50,42,0.0,50000,random,,,,0,10,farthestpose,,,,,,,,,,,0.0,,vggt,,,,,,MCMC,,,,,,,,,,sfm,0.8013,0.103039,50,"{'rre': [0.3267631506713526, 0.3126310903779278, 0.17197378502345417, 0.22708868105483493, 0.2807376005593238, 0.19755407376580994, 0.4879083779236599, 0.6486904006236887, 0.21588059372100188, 0.23004091902646298, 0.3220325872071421, 0.6886000189124561, 0.6942515333670264, 0.63236320163784, 0.7415117512999918, 0.8779565775601713, 0.8226670611834598, 0.9172809153526751, 0.5011637922464091, 0.5168153245684172, 1.2117368728003004, 0.9394001232686794, 1.319919390257642, 0.8445922115793862, 2.1789784188478136, 2.2612688440682738, 2.801229274545421, 2.9066564235374512, 0.4698776289346451, 0.24127652482303472, 0.4229786864041941, 0.5160009257719228, 0.4021958172986225, 1.3908397487224646, 1.3958581002440245, 1.518124899378277, 1.3894078430862953, 1.4362768389723608, 1.1791040910213109, 1.2034957533709527, 0.6705848912388477, 0.7665229864965478, 0.439177607868679, 0.397798731045664, 0.42665368516081353, 0.505639188499471, 0.3249635069377109, 0.36310401584326624, 0.11811530655933725, 0.2073468220944461], 'rte': [0.07144785132284617, 0.06520356073660752, 0.06463350444616733, 0.07927845860472735, 0.08890614616587877, 0.09005460322838917, 0.07758292892928434, 0.08208560748218086, 0.02129892084478002, 0.035210794378425676, 0.02789138360029365, 0.11613238700788138, 0.01651775982530141, 0.016221599148493866, 0.02618188526757647, 0.008610348995524972, 0.09823898802590798, 0.08290315589068328, 0.11158477321284764, 0.1066767894388807, 0.12065348525917897, 0.12167706983733817, 0.12005601406373118, 0.07367023443108187, 0.13164163974733034, 0.09130185125437755, 0.15692945113632276, 0.17263200929147088, 0.1279460080655929, 0.060861846548049964, 0.07400422957727897, 0.1098651317774981, 0.1321681913130802, 0.20255268081690647, 0.1578400260534889, 0.21798143257212713, 0.21637902469569123, 0.1976918649794337, 0.16720128472403337, 0.17106947809283338, 0.09353633126940229, 0.10527489514470734, 0.07694044992517288, 0.08645646728280057, 0.05391653576112939, 0.10242057158131312, 0.11301470185426662, 0.12615402771826714, 0.15325910543776916, 0.13019563346523164]}",/home/ojab2/work/git/vggt/vggt_outputs/bonsai_2_n50_s42_c0.0_p50000_random_farthestpose/eval_results.json,/home/ojab2/work/git/vggt/vggt_outputs/bonsai_2_n50_s42_c0.0_p50000_random_farthestpose/eval_results.json,bonsai_2_n50_s42_c0.0_p50000_random_farthestpose,bonsai_2_n50_s42_c0.0_p50000_random_farthestpose,,,,,,,,,,,,vggt |  | ,50.0
vggt,75,42,0.0,75000,random,,,,0,10,farthestpose,,,,,,,,,,,0.0,,vggt,,,,,,MCMC,,,,,,,,,,sfm,0.9009,0.113361,75,"{'rre': [0.6016509881598779, 0.5639661773052934, 0.44083032393892, 0.48713158292618747, 0.5420630259613065, 0.489000653128161, 0.453362598838026, 0.602510982759095, 0.7822554296830161, 0.7466216712434895, 0.48291244773531483, 0.39236833660414533, 0.31570393023570703, 0.29888194760024056, 0.4379472021390122, 0.5910096051859807, 0.7708685641698703, 0.6761851577292246, 0.5510273704236232, 0.7505328826972812, 0.6449923693872337, 0.7173782487565249, 0.81462922585198, 0.713367878858562, 0.8829347564739664, 0.9014424745135263, 0.7841295815821745, 0.6320154411476846, 0.5343285537905038, 0.6157912980761334, 0.6796747528335665, 1.2656461913637411, 1.011633958998261, 1.342774120367483, 0.7507619836011136, 2.036166100346765, 1.9757831543764377, 1.7751153776753805, 1.8053422585465737, 2.2576121096785737, 2.1782092548086336, 2.4038941326738565, 0.7924606222993195, 1.4008835021859067, 0.5334792032928787, 0.36840354022910116, 0.5487228817424528, 0.8475312668179432, 0.8245739206814373, 0.9748661769495157, 1.8180139316839705, 1.5789931766110934, 1.6047744292665505, 1.6589168386915951, 1.5467655172216679, 1.5584805654657439, 1.4895643989484768, 1.3411931404914177, 1.1590617998098196, 1.189852734947391, 0.7986495042875276, 0.949785694226523, 1.0910421088401447, 0.8031068776356369, 0.5984374072034637, 0.5705196176736488, 0.6674165014493317, 0.5789312452715937, 0.4508623979331298, 0.5114611914222781, 0.3570991447718548, 0.18568442687317138, 0.33754674917377175, 0.4046004896957391, 0.32356351364258235], 'rte': [0.0808886024718132, 0.07807468882016902, 0.07778360425090539, 0.09653577601272728, 0.10185924185517145, 0.10380946596062209, 0.10065062672276999, 0.09320190457677716, 0.10108696921456681, 0.08075394417906266, 0.0581422678316716, 0.015821638044621212, 0.008423283804530843, 0.02408879962941623, 0.025095608467246303, 0.022680704847302793, 0.061020787326913205, 0.14962906090694733, 0.03979713613675975, 0.018976694172648675, 0.018706453630263006, 0.03256766435813509, 0.013570659469804998, 0.09470824011213799, 0.08906662243788308, 0.0741213544181555, 0.13244865516087584, 0.1209283418784062, 0.13174037713824188, 0.1226802678596279, 0.12531200009420346, 0.12327043890502792, 0.10850597816530286, 0.11639061756537158, 0.06580453622143571, 0.13614021374581645, 0.15954763908323585, 0.12327328324079802, 0.079341080064414, 0.13794618892851263, 0.13365864874125669, 0.14456601202539804, 0.1204528835892193, 0.24129057518617497, 0.07466219314943119, 0.06399184790226287, 0.08174409463387777, 0.1219454378480275, 0.1471605562548606, 0.14072957545887593, 0.2548985639558122, 0.18643370924758607, 0.1828437587747496, 0.23121466894227957, 0.24711549709820643, 0.23572308938047948, 0.21444968503974615, 0.1957859663199042, 0.1764336406063812, 0.17951196944596537, 0.06867027919489235, 0.08992980205429794, 0.11058168417849505, 0.08116094715830732, 0.09340706111576975, 0.061681752359585146, 0.09422861007764789, 0.11674190255487807, 0.13735837654801536, 0.14641331264159402, 0.16472630458089654, 0.1504929853969307, 0.14005449635724634, 0.16737951004250534, 0.16022836817963962]}",/home/ojab2/work/git/vggt/vggt_outputs/bonsai_2_n75_s42_c0.0_p75000_random_farthestpose/eval_results.json,/home/ojab2/work/git/vggt/vggt_outputs/bonsai_2_n75_s42_c0.0_p75000_random_farthestpose/eval_results.json,bonsai_2_n75_s42_c0.0_p75000_random_farthestpose,bonsai_2_n75_s42_c0.0_p75000_random_farthestpose,,,,,,,,,,,,vggt |  | ,75.0
vggt,100,42,0.0,100000,random,,,,0,10,farthestpose,100,GT Eval,,,,Pose Opt,,,,,0.0,,vggt,,,15000,15000,,MCMC,,,,,,,,,,gsplat,0.7897,0.107121,100,"{'rre': [0.49508870017251067, 0.4588169176223722, 0.3820989718336252, 0.443851467556645, 0.514707459226077, 0.5299506855175509, 0.5620612052066264, 0.7428146996110089, 0.9778693320167534, 0.968905817202402, 0.6898859011804825, 0.5418745254746367, 0.35096611460471705, 0.37060514555722546, 0.31235824356770253, 0.24049230861970394, 0.2716689198347521, 0.3545758769413695, 0.5313317804258935, 0.6365098667950085, 0.6400720334060411, 0.7365071082761805, 0.6806837866094436, 0.4982436377420286, 0.6457917486848834, 0.5441551937999759, 0.6339490952082567, 0.7230535279784335, 0.6678512102355828, 0.7666619050916954, 0.7784035991218551, 0.5952385341239301, 0.7224958601400857, 0.752567724510528, 0.7460752869273753, 0.7397193821905607, 0.7487021044916762, 0.8555460522812703, 0.8387108154690994, 0.8822430929318151, 1.1933686448507608, 1.0122513741059562, 1.3016498852236777, 0.7232243197661766, 0.5203875838097226, 0.9365373204033464, 1.7073206080507792, 1.5463960492558124, 1.4059449285128824, 1.4777965960099209, 1.5480119270377972, 1.4637715264472912, 1.5803442775073553, 1.6189106820547172, 0.7066647708824839, 1.2433590077567103, 0.5384988318355973, 0.4324087587342016, 0.5019365352277237, 0.43195458207602483, 0.38208797738929506, 0.7005122210843233, 0.9928548017509365, 1.1054547811342204, 1.8405027242582725, 1.5334662209268466, 1.6423269373857767, 1.2159471482139244, 1.0842301657553124, 1.116607168171909, 1.0191339682665987, 1.0169993365053467, 0.9247475787939664, 0.7650432300727608, 0.5365132395654214, 0.5782019493510383, 0.696203245329278, 0.8794209619634158, 0.8036268783028744, 0.7481197097123099, 0.8464649751822291, 1.0022517047186343, 0.6684402283303198, 0.58709143822984, 0.3440520490931333, 0.9373086127071637, 0.8559185676157043, 0.708009584287725, 0.5666849121528416, 0.6154172515279857, 0.6535992240601025, 0.6171774455462053, 0.5559307102939272, 0.459631645813194, 0.3948350997980884, 0.6140377000115911, 0.6195851196559563, 0.5976391244024694, 0.5365976273942392, 0.7437282179944917], 'rte': [0.06874677033759662, 0.06921154146418049, 0.07109424878666422, 0.09233725840070726, 0.09858948956468784, 0.09911785798658924, 0.0952227083507133, 0.09005687964622804, 0.0943151330431584, 0.07780649375858287, 0.05521964030608015, 0.05599499181394355, 0.03697635865618066, 0.028543125513896043, 0.03592866363397579, 0.03151741178711622, 0.030051346783728686, 0.03737549772434014, 0.011423016032610919, 0.04320593640757422, 0.05349579171334498, 0.049704037838006795, 0.12283241169143963, 0.03861190266800149, 0.018193802840998422, 0.012078674327448488, 0.032009176773536534, 0.024663217716028953, 0.09123504745842943, 0.07842625082113834, 0.06756101303084032, 0.18595180790992766, 0.14161349520197647, 0.13688165435546157, 0.11593264767828562, 0.11776217355687009, 0.13022507697479097, 0.13270392698970862, 0.1423272457302482, 0.11282839625637965, 0.12216483655350999, 0.11120438746927225, 0.11814017273464233, 0.06731211253961501, 0.0937575584720208, 0.07923639295604065, 0.13115899320392216, 0.14006722504147934, 0.10785303275267064, 0.04618997125187673, 0.09175192488521812, 0.07959690076783575, 0.08510358864697576, 0.09756225721913983, 0.1037500674752007, 0.21549727859024376, 0.09186147391500367, 0.0825838532363619, 0.08602442897417838, 0.11051544641361964, 0.13246062385274704, 0.11287281588264723, 0.14183672461140387, 0.15768872931765202, 0.21052080950192517, 0.23503820273042814, 0.16761665701001716, 0.16418394001405823, 0.1576757855585473, 0.20810088712536873, 0.2215213381523427, 0.20541982479076382, 0.18682553273577016, 0.16885689265694623, 0.13769902728178865, 0.1344327721379013, 0.13120455332662695, 0.11385451051708163, 0.06575228734057154, 0.06913946461312216, 0.07861005039693914, 0.09696309860331154, 0.07434222480497354, 0.10508671884137007, 0.06531253669051369, 0.11351899617842928, 0.09544096005053315, 0.13652166190995305, 0.13210733126930943, 0.14920170325739368, 0.14580240540432066, 0.16886218118601207, 0.15592394741649718, 0.13494889736790747, 0.13191580778537007, 0.15115322180071653, 0.16173363316762135, 0.17060993095949065, 0.10972181393441183, 0.12254547327440948]}",/home/ojab2/work/git/gsplat/results/vggt_outputs/bonsai_2_n100_s42_c0.0_p100000_random_farthestpose_i100_gteval_poseopt_steps15000/stats/val_step14999.json,/home/ojab2/work/git/vggt/vggt_outputs/bonsai_2_n100_s42_c0.0_p100000_random_farthestpose/eval_results.json,bonsai_2_n100_s42_c0.0_p100000_random_farthestpose_i100_gteval_poseopt_steps15000,bonsai_2_n100_s42_c0.0_p100000_random_farthestpose,bonsai_2_n100_s42_c0.0_p100000_random_farthestpose_i100_gteval_poseopt_steps15000_val_step14999.json,17.40581512451172,0.3973557949066162,0.559679388999939,1000000,0.0220319963991642,0.8112999200820923,0.31077919167462226,100000,/home/ojab2/work/git/gsplat/results/vggt_outputs/bonsai_2_n100_s42_c0.0_p100000_random_farthestpose_i100_gteval_poseopt_steps15000/stats/val_step14999.json,100000,vggt |  | ,100.0
